Ticket ID,Ticket Status,Ticket Priority,Date of Purchase,Time to Resolution,Lifespan_Hours
1,Pending Customer Response,Critical,2021-03-22,,
2,Pending Customer Response,Critical,2021-05-22,,
3,Closed,Low,2020-07-14,2023-06-01 18:05:38,25266.09388888889
4,Closed,Low,2020-11-13,2023-06-01 01:57:40,22321.96111111111
5,Closed,Low,2020-02-04,2023-06-01 19:53:42,29131.895
6,Open,Low,2020-07-28,,
7,Open,Critical,2020-02-23,,
8,Open,Critical,2020-08-09,,
9,Pending Customer Response,Low,2020-07-16,,
10,Pending Customer Response,Critical,2020-03-06,,
11,Closed,High,2021-01-19,2023-05-31 23:51:49,20711.863611111112
12,Closed,High,2021-10-24,2023-06-01 09:27:51,14049.464166666667
13,Pending Customer Response,Low,2021-05-26,,
14,Pending Customer Response,Low,2020-07-13,,
15,Closed,High,2020-02-29,2023-05-31 23:08:55,28511.14861111111
16,Pending Customer Response,High,2021-06-24,,
17,Closed,Critical,2021-10-13,2023-06-01 15:58:59,14319.983055555556
18,Pending Customer Response,High,2020-09-07,,
19,Open,High,2021-09-23,,
20,Closed,Low,2021-03-08,2023-06-01 20:29:04,19580.484444444446
21,Pending Customer Response,High,2021-05-31,,
22,Pending Customer Response,Critical,2020-02-04,,
23,Open,Medium,2020-02-11,,
24,Pending Customer Response,Low,2021-08-06,,
25,Open,Critical,2021-05-25,,
26,Pending Customer Response,Medium,2021-07-05,,
27,Pending Customer Response,Low,2020-05-02,,
28,Open,High,2020-10-12,,
29,Closed,Critical,2020-06-10,2023-06-01 06:03:17,26070.054722222223
30,Closed,Medium,2020-12-26,2023-06-01 18:23:17,21306.388055555555
31,Open,Low,2021-01-28,,
32,Closed,Medium,2021-12-20,2023-06-01 07:16:21,12679.2725
33,Pending Customer Response,Medium,2021-12-07,,
34,Closed,Critical,2021-12-09,2023-06-01 18:25:23,12954.423055555555
35,Pending Customer Response,Low,2021-04-09,,
36,Closed,High,2020-10-13,2023-06-01 00:14:25,23064.24027777778
37,Pending Customer Response,Medium,2020-03-14,,
38,Open,Medium,2020-09-02,,
39,Closed,Critical,2021-09-10,2023-05-31 21:53:30,15093.891666666666
40,Pending Customer Response,Medium,2021-10-22,,
41,Pending Customer Response,Low,2021-02-07,,
42,Closed,Critical,2021-06-09,2023-06-01 14:43:34,17342.72611111111
43,Pending Customer Response,Medium,2020-10-10,,
44,Open,Low,2020-01-16,,
45,Closed,Critical,2021-09-25,2023-06-01 03:19:39,14739.3275
46,Open,Low,2021-02-01,,
47,Closed,High,2020-10-15,2023-06-01 09:24:43,23025.411944444444
48,Closed,Medium,2020-07-29,2023-06-01 05:59:45,24893.995833333334
49,Open,High,2021-02-15,,
50,Open,Medium,2020-09-27,,
51,Open,Medium,2020-12-22,,
52,Closed,Medium,2020-11-20,2023-06-01 10:31:49,22162.530277777776
53,Closed,High,2021-10-10,2023-06-01 20:59:49,14396.996944444445
54,Closed,Low,2021-08-16,2023-06-01 10:25:50,15706.430555555555
55,Pending Customer Response,Low,2021-10-14,,
56,Pending Customer Response,Critical,2021-11-19,,
57,Pending Customer Response,Medium,2021-12-22,,
58,Open,Critical,2020-07-28,,
59,Closed,Medium,2020-07-31,2023-06-01 04:45:57,24844.765833333335
60,Closed,Medium,2021-09-05,2023-06-01 00:38:58,15216.649444444445
61,Closed,Medium,2020-11-16,2023-06-01 11:55:00,22259.916666666668
62,Pending Customer Response,Critical,2021-11-21,,
63,Closed,High,2020-12-12,2023-06-01 12:41:04,21636.684444444443
64,Pending Customer Response,High,2020-04-24,,
65,Open,Medium,2021-08-02,,
66,Pending Customer Response,Medium,2021-11-11,,
67,Closed,High,2021-08-08,2023-06-01 10:17:08,15898.285555555556
68,Pending Customer Response,Low,2021-06-27,,
69,Pending Customer Response,Critical,2021-02-06,,
70,Closed,High,2020-02-13,2023-05-31 22:51:12,28894.853333333333
71,Pending Customer Response,Medium,2021-05-15,,
72,Open,Medium,2020-09-26,,
73,Closed,Low,2021-02-16,2023-06-01 03:17:16,20043.28777777778
74,Closed,Critical,2020-11-09,2023-06-01 02:24:17,22418.40472222222
75,Open,Critical,2021-04-16,,
76,Closed,Critical,2021-01-06,2023-06-01 02:30:20,21026.505555555555
77,Open,Critical,2020-06-30,,
78,Closed,Low,2020-12-29,2023-06-01 15:21:24,21231.356666666667
79,Pending Customer Response,Medium,2021-01-07,,
80,Pending Customer Response,Critical,2020-11-03,,
81,Pending Customer Response,Critical,2021-03-22,,
82,Pending Customer Response,Medium,2021-07-22,,
83,Closed,Low,2021-10-04,2023-06-01 20:35:30,14540.591666666667
84,Pending Customer Response,Critical,2021-08-11,,
85,Open,Medium,2021-08-02,,
86,Open,High,2021-01-22,,
87,Closed,Critical,2020-01-18,2023-06-01 06:23:35,29526.393055555556
88,Pending Customer Response,High,2020-09-10,,
89,Open,Critical,2021-08-01,,
90,Closed,Medium,2020-01-30,2023-06-01 03:09:40,29235.161111111112
91,Pending Customer Response,High,2020-10-15,,
92,Pending Customer Response,Low,2021-11-14,,
93,Pending Customer Response,Low,2021-05-27,,
94,Open,Low,2021-05-24,,
95,Open,Critical,2021-12-06,,
96,Closed,High,2021-10-02,2023-06-01 18:39:49,14586.663611111111
97,Open,High,2020-10-25,,
98,Pending Customer Response,High,2020-01-18,,
99,Closed,High,2020-09-09,2023-06-01 14:45:53,23894.764722222222
100,Pending Customer Response,Low,2020-05-15,,
101,Pending Customer Response,High,2020-05-31,,
102,Pending Customer Response,Critical,2021-08-01,,
103,Closed,Critical,2021-01-26,2023-06-01 15:23:58,20559.399444444443
104,Open,High,2020-02-24,,
105,Open,High,2021-06-27,,
106,Pending Customer Response,Critical,2021-07-17,,
107,Closed,Low,2021-05-20,2023-06-01 20:46:01,17828.766944444444
108,Pending Customer Response,High,2021-06-09,,
109,Closed,Critical,2020-01-08,2023-06-01 08:15:03,29768.25083333333
110,Open,High,2020-03-10,,
111,Closed,High,2021-07-28,2023-06-01 12:43:05,16164.718055555555
112,Open,High,2021-11-29,,
113,Open,Medium,2020-03-24,,
114,Closed,High,2021-11-12,2023-05-31 22:24:09,13582.4025
115,Closed,High,2020-09-20,2023-06-01 06:04:10,23622.069444444445
116,Open,Critical,2021-01-16,,
117,Closed,High,2021-11-27,2023-06-01 18:17:13,13242.286944444444
118,Closed,Medium,2020-02-16,2023-06-01 04:42:14,28828.70388888889
119,Open,High,2020-08-17,,
120,Closed,Low,2021-07-31,2023-06-01 14:49:17,16094.82138888889
121,Pending Customer Response,Medium,2021-03-11,,
122,Open,Critical,2021-03-03,,
123,Open,Low,2020-10-03,,
124,Pending Customer Response,Low,2021-12-27,,
125,Pending Customer Response,High,2021-03-23,,
126,Open,Medium,2020-06-27,,
127,Open,Low,2020-06-22,,
128,Pending Customer Response,Low,2020-09-28,,
129,Closed,Medium,2021-04-15,2023-06-01 00:29:33,18648.4925
130,Pending Customer Response,Low,2021-05-05,,
131,Closed,Medium,2020-02-13,2023-06-01 15:03:36,28911.06
132,Pending Customer Response,Critical,2021-11-24,,
133,Open,Medium,2021-05-01,,
134,Closed,Critical,2021-06-17,2023-05-31 22:53:41,17134.894722222223
135,Closed,Critical,2020-05-01,2023-06-01 01:07:42,27025.128333333334
136,Pending Customer Response,Low,2021-10-30,,
137,Open,Critical,2020-10-01,,
138,Closed,Low,2021-12-20,2023-06-01 09:08:46,12681.146111111111
139,Closed,Critical,2021-02-12,2023-06-01 06:58:47,20142.979722222222
140,Pending Customer Response,Low,2021-03-12,,
141,Closed,Critical,2021-05-09,2023-06-01 05:30:50,18077.51388888889
142,Closed,High,2020-04-13,2023-06-01 05:10:52,27461.181111111113
143,Pending Customer Response,High,2021-04-26,,
144,Open,Critical,2021-05-05,,
145,Open,Low,2021-04-02,,
146,Pending Customer Response,Medium,2020-10-12,,
147,Open,Low,2021-07-11,,
148,Closed,Low,2020-10-06,2023-05-31 23:28:03,23231.4675
149,Closed,High,2021-10-24,2023-06-01 13:55:05,14053.918055555556
150,Closed,Critical,2021-03-18,2023-06-01 20:02:07,19340.035277777777
151,Closed,Critical,2020-10-14,2023-06-01 06:51:09,23046.8525
152,Pending Customer Response,Medium,2021-12-24,,
153,Pending Customer Response,Low,2021-10-19,,
154,Pending Customer Response,Medium,2020-03-12,,
155,Open,Medium,2021-06-09,,
156,Open,Low,2020-01-29,,
157,Open,Low,2020-12-11,,
158,Open,Medium,2020-01-29,,
159,Pending Customer Response,Low,2021-11-30,,
160,Pending Customer Response,High,2021-02-03,,
161,Pending Customer Response,High,2020-07-19,,
162,Closed,High,2020-01-06,2023-06-01 15:58:25,29823.973611111112
163,Closed,Critical,2021-10-23,2023-06-01 10:37:27,14074.624166666666
164,Closed,Medium,2020-11-11,2023-06-01 09:02:27,22377.040833333333
165,Closed,Low,2021-05-21,2023-06-01 21:26:29,17805.44138888889
166,Pending Customer Response,Low,2020-07-25,,
167,Closed,Medium,2020-04-03,2023-06-01 07:29:32,27703.492222222223
168,Closed,Medium,2020-01-31,2023-06-01 06:19:33,29214.325833333332
169,Open,High,2021-09-03,,
170,Closed,Medium,2020-08-04,2023-06-01 11:08:36,24755.143333333333
171,Closed,Low,2021-12-24,2023-06-01 18:36:38,12594.610555555555
172,Open,Low,2020-12-11,,
173,Pending Customer Response,Medium,2020-01-27,,
174,Pending Customer Response,Medium,2021-10-01,,
175,Pending Customer Response,Critical,2021-10-05,,
176,Closed,Medium,2021-10-18,2023-06-01 07:23:45,14191.395833333334
177,Pending Customer Response,Medium,2021-11-16,,
178,Pending Customer Response,High,2020-09-21,,
179,Open,Medium,2020-04-19,,
180,Pending Customer Response,Critical,2021-06-03,,
181,Pending Customer Response,Medium,2021-11-17,,
182,Pending Customer Response,Critical,2020-11-26,,
183,Closed,High,2021-04-18,2023-06-01 06:34:56,18582.582222222223
184,Closed,Medium,2020-03-16,2023-06-01 03:51:57,28131.865833333333
185,Pending Customer Response,High,2021-10-17,,
186,Open,Low,2021-03-19,,
187,Pending Customer Response,Medium,2021-04-23,,
188,Pending Customer Response,Low,2021-01-19,,
189,Closed,High,2021-01-10,2023-06-01 07:32:03,20935.534166666668
190,Open,Critical,2020-04-25,,
191,Pending Customer Response,Critical,2021-02-09,,
192,Pending Customer Response,Low,2020-10-14,,
193,Closed,Medium,2021-10-28,2023-05-31 22:49:09,13942.819166666666
194,Pending Customer Response,Critical,2021-09-03,,
195,Closed,Medium,2021-06-15,2023-06-01 11:49:11,17195.819722222222
196,Open,High,2020-06-11,,
197,Pending Customer Response,Low,2021-08-08,,
198,Closed,High,2021-01-28,2023-05-31 22:36:15,20494.604166666668
199,Closed,Critical,2021-07-23,2023-06-01 19:24:17,16291.404722222222
200,Closed,Medium,2020-09-19,2023-06-01 20:34:19,23660.571944444444
201,Open,Critical,2021-01-13,,
202,Open,Medium,2021-12-16,,
203,Open,Medium,2021-04-01,,
204,Pending Customer Response,Low,2020-05-19,,
205,Closed,High,2020-06-11,2023-06-01 17:50:28,26057.841111111113
206,Closed,Medium,2020-11-24,2023-06-01 11:18:29,22067.308055555557
207,Open,High,2020-11-04,,
208,Pending Customer Response,Critical,2021-07-27,,
209,Open,High,2021-03-12,,
210,Closed,Low,2020-02-04,2023-06-01 20:10:34,29132.176111111112
211,Pending Customer Response,Low,2020-01-16,,
212,Pending Customer Response,Low,2020-04-06,,
213,Open,Medium,2021-04-15,,
214,Open,High,2021-12-24,,
215,Open,Low,2020-03-03,,
216,Open,Critical,2021-09-13,,
217,Pending Customer Response,High,2021-01-03,,
218,Open,Low,2020-12-02,,
219,Pending Customer Response,Critical,2021-02-12,,
220,Closed,Critical,2021-09-23,2023-06-01 11:02:49,14795.046944444444
221,Closed,Medium,2021-03-21,2023-06-01 05:45:51,19253.764166666668
222,Pending Customer Response,Critical,2021-03-27,,
223,Pending Customer Response,Critical,2021-02-05,,
224,Pending Customer Response,Low,2020-05-27,,
225,Open,Medium,2020-11-16,,
226,Closed,High,2020-03-29,2023-05-31 21:54:57,27813.915833333333
227,Closed,High,2021-01-04,2023-06-01 16:11:59,21088.199722222223
228,Pending Customer Response,Low,2020-03-08,,
229,Open,Low,2020-07-21,,
230,Closed,Critical,2021-02-20,2023-06-01 10:40:04,19954.667777777777
231,Pending Customer Response,Low,2020-06-29,,
232,Pending Customer Response,High,2020-10-31,,
233,Open,High,2021-03-21,,
234,Pending Customer Response,High,2021-02-01,,
235,Open,Critical,2020-03-29,,
236,Pending Customer Response,Critical,2020-12-04,,
237,Closed,Critical,2021-01-07,2023-06-01 00:43:14,21000.720555555556
238,Closed,High,2021-09-16,2023-06-01 08:38:16,14960.637777777778
239,Pending Customer Response,Critical,2021-01-21,,
240,Open,Low,2020-02-22,,
241,Closed,Low,2021-07-25,2023-06-01 09:42:21,16233.705833333333
242,Closed,Low,2021-10-26,2023-06-01 21:49:23,14013.823055555555
243,Open,Critical,2021-05-29,,
244,Pending Customer Response,Critical,2020-05-21,,
245,Pending Customer Response,Medium,2020-01-15,,
246,Pending Customer Response,Medium,2020-04-07,,
247,Pending Customer Response,Medium,2020-02-09,,
248,Open,Medium,2020-01-22,,
249,Pending Customer Response,Critical,2021-04-22,,
250,Closed,High,2021-09-20,2023-06-01 14:34:34,14870.576111111111
251,Closed,Critical,2021-07-27,2023-06-01 08:04:34,16184.076111111111
252,Pending Customer Response,Critical,2020-12-05,,
253,Pending Customer Response,High,2020-03-20,,
254,Pending Customer Response,High,2021-11-13,,
255,Pending Customer Response,Low,2021-05-15,,
256,Open,High,2020-11-22,,
257,Pending Customer Response,High,2021-07-18,,
258,Open,High,2020-06-09,,
259,Open,High,2021-02-05,,
260,Closed,Low,2021-08-14,2023-06-01 11:26:46,15755.44611111111
261,Pending Customer Response,High,2021-05-04,,
262,Open,Critical,2021-01-22,,
263,Closed,Medium,2021-12-11,2023-06-01 00:08:50,12888.147222222222
264,Open,Medium,2021-01-23,,
265,Closed,Critical,2021-06-28,2023-06-01 04:42:52,16876.714444444446
266,Closed,Medium,2020-04-27,2023-06-01 16:15:54,27136.265
267,Open,High,2020-10-03,,
268,Open,Low,2020-02-22,,
269,Pending Customer Response,Medium,2020-08-21,,
270,Closed,High,2021-05-10,2023-06-01 16:09:57,18064.165833333333
271,Closed,Critical,2021-01-08,2023-06-01 13:27:58,20989.466111111113
272,Open,Critical,2021-07-15,,
273,Pending Customer Response,Critical,2021-10-25,,
274,Open,High,2020-04-05,,
275,Open,Medium,2021-04-16,,
276,Open,Low,2021-05-01,,
277,Open,Medium,2021-12-01,,
278,Closed,Medium,2020-02-26,2023-06-01 14:25:06,28598.418333333335
279,Closed,Low,2021-06-07,2023-05-31 23:05:08,17375.085555555557
280,Pending Customer Response,High,2021-06-24,,
281,Closed,Critical,2021-05-08,2023-06-01 16:09:11,18112.153055555555
282,Pending Customer Response,Low,2020-11-11,,
283,Open,Low,2021-08-12,,
284,Open,Critical,2021-01-06,,
285,Pending Customer Response,Low,2020-03-24,,
286,Pending Customer Response,Medium,2021-11-06,,
287,Pending Customer Response,Critical,2021-10-23,,
288,Open,Low,2020-07-06,,
289,Open,High,2020-10-21,,
290,Pending Customer Response,Critical,2020-03-21,,
291,Pending Customer Response,Low,2020-04-04,,
292,Open,High,2021-01-27,,
293,Closed,High,2021-12-09,2023-06-01 09:47:23,12945.789722222222
294,Open,Critical,2021-06-07,,
295,Closed,Critical,2020-09-03,2023-06-01 00:15:25,24024.256944444445
296,Open,Medium,2021-03-20,,
297,Closed,Medium,2021-04-02,2023-06-01 08:26:26,18968.440555555557
298,Closed,Critical,2020-09-12,2023-06-01 17:40:28,23825.674444444445
299,Open,Low,2020-06-26,,
300,Pending Customer Response,Medium,2021-10-06,,
301,Open,High,2020-10-07,,
302,Open,Medium,2020-05-03,,
303,Closed,Medium,2020-01-22,2023-06-01 01:53:37,29425.89361111111
304,Pending Customer Response,Medium,2021-07-26,,
305,Closed,Medium,2021-03-06,2023-06-01 21:20:39,19629.344166666666
306,Open,Critical,2020-08-17,,
307,Closed,Low,2021-07-05,2023-06-01 20:10:42,16724.178333333333
308,Pending Customer Response,Critical,2020-05-05,,
309,Open,High,2021-04-20,,
310,Open,High,2020-07-17,,
311,Closed,High,2020-09-06,2023-06-01 04:49:48,23956.83
312,Closed,Critical,2020-07-18,2023-06-01 09:18:48,25161.31333333333
313,Closed,Medium,2020-06-26,2023-06-01 01:29:50,25681.49722222222
314,Open,Low,2021-07-04,,
315,Closed,High,2021-01-15,2023-06-01 05:41:53,20813.698055555556
316,Pending Customer Response,Critical,2020-09-02,,
317,Open,High,2021-08-15,,
318,Closed,Low,2020-05-03,2023-05-31 23:53:56,26975.89888888889
319,Pending Customer Response,Medium,2021-09-10,,
320,Open,Critical,2021-07-06,,
321,Closed,Medium,2021-08-09,2023-06-01 05:11:01,15869.183611111112
322,Open,High,2020-10-12,,
323,Closed,Critical,2021-11-24,2023-05-31 23:56:03,13295.934166666666
324,Open,Critical,2021-01-15,,
325,Pending Customer Response,Low,2020-03-11,,
326,Closed,Low,2020-01-27,2023-06-01 11:28:07,29315.46861111111
327,Pending Customer Response,Critical,2020-07-14,,
328,Open,Low,2020-11-22,,
329,Open,Medium,2021-08-09,,
330,Closed,Medium,2021-10-21,2023-06-01 09:59:12,14121.986666666666
331,Open,Low,2020-08-06,,
332,Pending Customer Response,Medium,2020-07-09,,
333,Closed,Medium,2020-04-18,2023-06-01 19:56:18,27355.93833333333
334,Closed,Medium,2021-02-06,2023-05-31 23:46:19,20279.771944444445
335,Pending Customer Response,High,2021-04-20,,
336,Open,High,2021-06-29,,
337,Pending Customer Response,Critical,2020-10-16,,
338,Open,High,2021-06-16,,
339,Closed,Critical,2021-02-07,2023-06-01 16:42:25,20272.706944444446
340,Closed,Low,2020-02-25,2023-06-01 11:02:26,28619.040555555555
341,Open,Medium,2020-11-05,,
342,Pending Customer Response,Critical,2021-11-25,,
343,Closed,Low,2021-01-20,2023-06-01 21:15:28,20709.257777777777
344,Open,Medium,2021-08-16,,
345,Closed,High,2021-05-16,2023-06-01 17:25:31,17921.425277777777
346,Closed,High,2021-04-12,2023-06-01 07:13:32,18727.225555555557
347,Open,Low,2021-05-17,,
348,Open,Medium,2021-03-19,,
349,Pending Customer Response,Medium,2021-10-13,,
350,Closed,Critical,2020-07-15,2023-06-01 17:25:36,25241.426666666666
351,Closed,Critical,2021-10-27,2023-06-01 17:15:38,13985.260555555555
352,Pending Customer Response,Medium,2021-12-19,,
353,Closed,High,2020-12-14,2023-06-01 10:42:40,21586.71111111111
354,Closed,Critical,2021-12-29,2023-06-01 04:54:42,12460.911666666667
355,Pending Customer Response,Medium,2020-07-11,,
356,Pending Customer Response,High,2020-01-06,,
357,Closed,High,2021-10-14,2023-06-01 20:42:47,14300.713055555556
358,Open,Critical,2021-11-18,,
359,Pending Customer Response,Low,2021-01-03,,
360,Open,Critical,2020-08-21,,
361,Closed,Medium,2020-02-05,2023-06-01 08:39:52,29096.664444444443
362,Closed,Medium,2020-12-05,2023-06-01 14:54:54,21806.915
363,Open,Low,2021-03-14,,
364,Open,Critical,2020-08-21,,
365,Closed,High,2021-09-25,2023-06-01 20:10:58,14756.182777777778
366,Closed,Medium,2020-02-02,2023-06-01 07:18:59,29167.31638888889
367,Open,Critical,2021-07-08,,
368,Open,Critical,2021-03-08,,
369,Pending Customer Response,Low,2020-09-19,,
370,Pending Customer Response,Low,2021-11-17,,
371,Closed,Medium,2020-10-31,2023-05-31 23:26:04,22631.434444444443
372,Closed,Medium,2021-02-21,2023-05-31 22:59:05,19918.984722222223
373,Closed,Medium,2021-11-04,2023-06-01 21:08:06,13797.135
374,Closed,Critical,2021-06-01,2023-06-01 11:42:08,17531.702222222222
375,Pending Customer Response,Low,2020-02-21,,
376,Closed,Low,2021-08-12,2023-06-01 20:11:11,15812.18638888889
377,Pending Customer Response,Low,2021-05-10,,
378,Open,Medium,2020-12-17,,
379,Closed,Medium,2020-07-19,2023-05-31 22:18:15,25126.304166666665
380,Open,Medium,2020-10-07,,
381,Closed,Low,2020-05-03,2023-06-01 13:10:19,26989.171944444446
382,Closed,High,2021-09-07,2023-05-31 23:14:20,15167.238888888889
383,Open,Critical,2020-04-28,,
384,Closed,High,2020-12-16,2023-06-01 13:00:21,21541.005833333333
385,Open,Critical,2021-01-19,,
386,Closed,Medium,2020-10-25,2023-06-01 11:32:25,22787.540277777778
387,Closed,Critical,2021-07-17,2023-05-31 23:21:27,16415.3575
388,Closed,High,2020-12-08,2023-06-01 17:28:28,21737.474444444444
389,Pending Customer Response,Medium,2020-08-09,,
390,Pending Customer Response,Medium,2021-09-12,,
391,Closed,High,2021-07-09,2023-06-01 17:47:33,16625.7925
392,Pending Customer Response,High,2020-05-29,,
393,Pending Customer Response,Critical,2021-01-21,,
394,Pending Customer Response,High,2021-08-27,,
395,Closed,Critical,2020-02-26,2023-06-01 12:07:38,28596.12722222222
396,Closed,Low,2020-12-26,2023-06-01 08:31:39,21296.5275
397,Pending Customer Response,Low,2021-02-23,,
398,Open,Medium,2020-12-23,,
399,Pending Customer Response,Critical,2021-04-02,,
400,Pending Customer Response,High,2020-04-18,,
401,Open,Medium,2021-04-13,,
402,Pending Customer Response,Medium,2021-12-14,,
403,Closed,Medium,2021-06-01,2023-06-01 08:51:49,17528.863611111112
404,Closed,Low,2021-11-11,2023-05-31 22:34:50,13606.580555555556
405,Closed,Critical,2021-08-30,2023-06-01 13:11:51,15373.1975
406,Open,Low,2020-04-03,,
407,Open,High,2020-03-11,,
408,Open,Medium,2020-08-18,,
409,Closed,Critical,2020-03-20,2023-06-01 02:29:58,28034.499444444446
410,Open,Medium,2021-10-01,,
411,Pending Customer Response,Low,2020-08-12,,
412,Closed,Low,2021-05-16,2023-06-01 06:59:02,17910.983888888888
413,Pending Customer Response,Medium,2021-03-22,,
414,Open,Low,2020-12-31,,
415,Open,Critical,2020-01-12,,
416,Open,Critical,2021-01-09,,
417,Open,Low,2020-03-06,,
418,Open,Critical,2020-06-12,,
419,Closed,Low,2020-06-17,2023-06-01 20:41:10,25916.68611111111
420,Open,Critical,2020-11-26,,
421,Pending Customer Response,Critical,2020-03-14,,
422,Pending Customer Response,Medium,2021-08-11,,
423,Pending Customer Response,Low,2021-10-14,,
424,Pending Customer Response,High,2020-04-19,,
425,Pending Customer Response,High,2020-05-28,,
426,Open,Low,2021-07-03,,
427,Pending Customer Response,High,2021-05-30,,
428,Open,Medium,2020-11-23,,
429,Closed,High,2020-04-21,2023-06-01 06:23:26,27270.390555555554
430,Closed,Low,2021-02-12,2023-06-01 16:26:28,20152.44111111111
431,Pending Customer Response,Low,2020-09-23,,
432,Pending Customer Response,Low,2020-05-03,,
433,Pending Customer Response,Medium,2020-07-26,,
434,Open,Low,2021-03-25,,
435,Open,Medium,2021-03-13,,
436,Pending Customer Response,Critical,2021-01-12,,
437,Open,Low,2020-08-24,,
438,Closed,Critical,2021-04-25,2023-06-01 16:12:35,18424.209722222222
439,Closed,Medium,2021-05-22,2023-06-01 01:54:37,17761.910277777777
440,Closed,Low,2021-10-29,2023-06-01 20:08:38,13940.14388888889
441,Open,Low,2020-10-27,,
442,Closed,Medium,2020-05-27,2023-06-01 04:43:42,26404.728333333333
443,Pending Customer Response,Low,2020-03-26,,
444,Closed,Medium,2021-04-22,2023-06-01 12:06:44,18492.112222222222
445,Closed,Medium,2020-11-24,2023-06-01 14:40:46,22070.679444444446
446,Open,Low,2020-07-20,,
447,Pending Customer Response,Medium,2020-11-17,,
448,Pending Customer Response,High,2021-09-11,,
449,Pending Customer Response,Medium,2020-11-04,,
450,Closed,Critical,2020-02-04,2023-06-01 05:56:53,29117.948055555556
451,Pending Customer Response,Critical,2021-08-12,,
452,Pending Customer Response,Low,2020-04-24,,
453,Open,Critical,2020-11-03,,
454,Closed,High,2021-04-01,2023-05-31 23:53:59,18983.89972222222
455,Pending Customer Response,Critical,2021-01-06,,
456,Closed,Low,2021-03-14,2023-06-01 06:25:02,19422.417222222222
457,Open,Low,2021-01-30,,
458,Pending Customer Response,Critical,2021-01-02,,
459,Closed,Low,2020-07-13,2023-06-01 11:28:05,25283.468055555557
460,Closed,Low,2021-02-20,2023-06-01 11:52:07,19955.868611111113
461,Open,Low,2021-11-16,,
462,Closed,Critical,2020-09-22,2023-06-01 13:29:11,23581.48638888889
463,Pending Customer Response,Medium,2020-12-22,,
464,Closed,Medium,2020-07-17,2023-06-01 08:26:14,25184.437222222223
465,Pending Customer Response,Critical,2021-10-17,,
466,Pending Customer Response,High,2020-02-27,,
467,Open,Medium,2021-08-01,,
468,Closed,Critical,2020-04-26,2023-06-01 07:01:20,27151.022222222222
469,Closed,Low,2020-09-16,2023-05-31 23:16:22,23711.272777777776
470,Open,Low,2021-10-17,,
471,Closed,Critical,2021-04-26,2023-06-01 12:24:25,18396.406944444443
472,Pending Customer Response,High,2020-11-27,,
473,Closed,Medium,2021-06-04,2023-06-01 10:51:26,17458.85722222222
474,Open,Medium,2021-10-08,,
475,Closed,Low,2021-12-02,2023-06-01 02:25:30,13106.425
476,Open,High,2020-06-28,,
477,Open,Low,2020-08-30,,
478,Open,Critical,2021-10-14,,
479,Pending Customer Response,Low,2021-10-11,,
480,Open,Critical,2020-01-07,,
481,Open,Medium,2021-03-19,,
482,Pending Customer Response,High,2020-01-10,,
483,Open,Medium,2021-09-13,,
484,Closed,Low,2020-09-24,2023-06-01 00:26:41,23520.444722222222
485,Closed,Critical,2021-07-25,2023-06-01 07:18:43,16231.311944444444
486,Closed,Medium,2021-06-20,2023-06-01 12:23:44,17076.395555555555
487,Pending Customer Response,High,2021-11-15,,
488,Open,Critical,2021-04-05,,
489,Open,Medium,2021-09-18,,
490,Open,High,2020-09-08,,
491,Pending Customer Response,Low,2021-08-03,,
492,Open,High,2021-12-22,,
493,Closed,Critical,2020-03-16,2023-06-01 06:56:55,28134.94861111111
494,Open,Critical,2020-04-27,,
495,Open,Low,2020-02-24,,
496,Closed,Low,2021-12-04,2023-06-01 21:03:59,13077.066388888888
497,Closed,Medium,2020-11-06,2023-06-01 11:38:00,22499.633333333335
498,Open,Medium,2021-01-11,,
499,Open,Critical,2021-01-04,,
500,Open,Critical,2020-05-18,,
501,Closed,High,2020-08-22,2023-06-01 16:30:07,24328.501944444444
502,Closed,Critical,2021-05-29,2023-06-01 17:52:08,17609.86888888889
503,Open,High,2021-06-10,,
504,Closed,Medium,2021-08-20,2023-06-01 17:04:12,15617.07
505,Pending Customer Response,Low,2020-10-14,,
506,Pending Customer Response,Critical,2021-04-09,,
507,Pending Customer Response,Critical,2020-05-20,,
508,Pending Customer Response,Critical,2020-02-05,,
509,Open,Low,2021-08-21,,
510,Closed,High,2021-12-15,2023-06-01 16:42:20,12808.705555555556
511,Pending Customer Response,Low,2020-07-10,,
512,Closed,Low,2021-09-16,2023-06-01 08:45:23,14960.756388888889
513,Pending Customer Response,Low,2021-10-18,,
514,Pending Customer Response,Critical,2021-06-26,,
515,Closed,Critical,2021-02-12,2023-06-01 13:23:28,20149.391111111112
516,Closed,Medium,2021-04-01,2023-05-31 23:55:29,18983.924722222222
517,Closed,Critical,2020-03-03,2023-06-01 12:48:30,28452.808333333334
518,Open,High,2021-09-24,,
519,Closed,Critical,2021-01-07,2023-06-01 18:17:33,21018.2925
520,Open,Critical,2021-07-29,,
521,Pending Customer Response,Critical,2021-08-20,,
522,Pending Customer Response,Low,2020-02-05,,
523,Open,High,2021-08-02,,
524,Open,High,2021-04-10,,
525,Closed,Low,2020-10-21,2023-06-01 04:39:41,22876.66138888889
526,Closed,Medium,2020-12-19,2023-06-01 07:55:43,21463.92861111111
527,Closed,Critical,2021-06-05,2023-06-01 21:18:45,17445.3125
528,Pending Customer Response,Critical,2021-06-28,,
529,Pending Customer Response,Low,2021-06-12,,
530,Pending Customer Response,Medium,2020-02-24,,
531,Open,Medium,2021-03-04,,
532,Open,Low,2020-06-24,,
533,Open,High,2021-10-18,,
534,Pending Customer Response,Medium,2021-06-11,,
535,Closed,Medium,2020-11-29,2023-06-01 09:59:55,21945.99861111111
536,Open,Medium,2021-07-09,,
537,Closed,Medium,2021-09-13,2023-06-01 18:18:57,15042.315833333334
538,Pending Customer Response,High,2020-10-06,,
539,Open,Medium,2021-09-16,,
540,Closed,Medium,2021-04-04,2023-06-01 16:47:00,18928.783333333333
541,Pending Customer Response,Critical,2021-03-06,,
542,Open,Medium,2020-08-02,,
543,Open,Medium,2020-05-09,,
544,Closed,Low,2021-08-06,2023-06-01 17:51:07,15953.851944444445
545,Open,Critical,2021-06-25,,
546,Pending Customer Response,Medium,2021-06-08,,
547,Open,High,2020-08-16,,
548,Open,Low,2020-10-09,,
549,Pending Customer Response,Low,2021-02-18,,
550,Open,Low,2020-11-05,,
551,Open,Low,2021-11-15,,
552,Pending Customer Response,Critical,2020-06-17,,
553,Pending Customer Response,Critical,2021-08-04,,
554,Pending Customer Response,High,2021-06-05,,
555,Open,Critical,2020-04-16,,
556,Closed,Critical,2021-10-14,2023-06-01 12:57:24,14292.956666666667
557,Open,Low,2021-02-09,,
558,Open,Medium,2021-05-27,,
559,Closed,Critical,2020-07-02,2023-06-01 20:09:29,25556.158055555556
560,Open,Low,2021-07-21,,
561,Pending Customer Response,Critical,2020-05-31,,
562,Closed,Medium,2020-05-17,2023-06-01 11:54:34,26651.909444444445
563,Pending Customer Response,Medium,2020-10-11,,
564,Pending Customer Response,Low,2020-05-13,,
565,Closed,High,2020-10-24,2023-06-01 01:22:38,22801.37722222222
566,Open,Low,2020-11-06,,
567,Pending Customer Response,Low,2021-02-22,,
568,Closed,High,2021-09-30,2023-06-01 06:54:42,14622.911666666667
569,Closed,Low,2020-12-24,2023-06-01 17:33:43,21353.561944444446
570,Open,Critical,2021-03-23,,
571,Pending Customer Response,Low,2021-05-18,,
572,Pending Customer Response,Low,2020-04-21,,
573,Open,Low,2020-12-15,,
574,Pending Customer Response,Critical,2020-05-28,,
575,Closed,Medium,2021-05-07,2023-06-01 10:19:52,18130.33111111111
576,Closed,Low,2021-05-25,2023-06-01 06:47:54,17694.798333333332
577,Closed,Low,2020-12-11,2023-06-01 02:51:56,21650.865555555556
578,Open,High,2021-12-28,,
579,Pending Customer Response,Medium,2020-01-18,,
580,Open,Medium,2020-02-25,,
581,Closed,Critical,2020-09-07,2023-06-01 06:13:01,23934.216944444444
582,Pending Customer Response,Low,2021-05-04,,
583,Open,High,2020-01-20,,
584,Pending Customer Response,High,2021-06-01,,
585,Open,Critical,2021-06-13,,
586,Closed,Critical,2020-04-03,2023-06-01 06:39:08,27702.652222222223
587,Open,Critical,2021-03-10,,
588,Closed,Medium,2020-01-24,2023-06-01 15:48:12,29391.803333333333
589,Pending Customer Response,Critical,2021-04-14,,
590,Closed,High,2020-02-23,2023-06-01 04:04:15,28660.070833333335
591,Pending Customer Response,Low,2020-02-12,,
592,Open,Medium,2020-05-09,,
593,Open,Critical,2020-05-02,,
594,Open,Low,2021-09-22,,
595,Open,High,2020-07-27,,
596,Pending Customer Response,Low,2021-02-11,,
597,Closed,Critical,2020-02-09,2023-06-01 12:27:26,29004.457222222223
598,Closed,High,2020-02-07,2023-06-01 14:19:27,29054.324166666665
599,Closed,Critical,2021-07-21,2023-06-01 19:12:29,16339.208055555555
600,Pending Customer Response,High,2021-04-05,,
601,Closed,Low,2021-04-20,2023-06-01 14:52:33,18542.87583333333
602,Pending Customer Response,High,2020-05-05,,
603,Pending Customer Response,Critical,2021-02-13,,
604,Closed,Critical,2020-04-11,2023-06-01 02:05:38,27506.09388888889
605,Closed,Critical,2021-11-01,2023-06-01 14:00:39,13862.010833333334
606,Open,Low,2020-02-04,,
607,Open,Low,2021-08-31,,
608,Open,Low,2021-04-05,,
609,Open,Critical,2021-11-30,,
610,Pending Customer Response,Medium,2021-03-13,,
611,Pending Customer Response,Low,2021-03-22,,
612,Closed,Medium,2021-12-02,2023-06-01 16:04:48,13120.08
613,Pending Customer Response,Medium,2021-10-16,,
614,Pending Customer Response,Low,2020-03-24,,
615,Pending Customer Response,Medium,2020-05-25,,
616,Pending Customer Response,Low,2020-01-24,,
617,Open,Medium,2020-02-20,,
618,Open,Low,2021-04-25,,
619,Pending Customer Response,High,2021-09-04,,
620,Closed,Low,2021-05-17,2023-06-01 04:00:58,17884.016111111112
621,Closed,Low,2020-01-21,2023-06-01 01:32:59,29449.549722222222
622,Closed,Medium,2020-11-16,2023-06-01 16:08:01,22264.133611111112
623,Pending Customer Response,High,2021-06-17,,
624,Pending Customer Response,Critical,2020-05-04,,
625,Pending Customer Response,Medium,2021-01-03,,
626,Pending Customer Response,Low,2021-02-08,,
627,Open,Critical,2020-09-03,,
628,Closed,High,2021-06-13,2023-06-01 05:38:08,17237.635555555556
629,Pending Customer Response,High,2021-10-12,,
630,Open,Critical,2020-06-19,,
631,Open,Medium,2021-09-24,,
632,Pending Customer Response,Low,2020-06-03,,
633,Pending Customer Response,Critical,2021-03-24,,
634,Pending Customer Response,Low,2020-07-29,,
635,Pending Customer Response,Medium,2020-01-21,,
636,Closed,Medium,2021-08-31,2023-06-01 11:51:20,15347.855555555556
637,Open,Critical,2020-04-18,,
638,Pending Customer Response,Low,2021-11-03,,
639,Pending Customer Response,Critical,2020-08-22,,
640,Open,High,2020-03-03,,
641,Closed,Low,2021-04-29,2023-06-01 00:49:23,18312.823055555556
642,Pending Customer Response,Critical,2020-11-02,,
643,Closed,High,2021-03-30,2023-06-01 03:59:26,19035.990555555556
644,Closed,Critical,2020-07-23,2023-06-01 18:39:28,25050.65777777778
645,Closed,Medium,2020-03-04,2023-06-01 12:33:30,28428.558333333334
646,Pending Customer Response,Low,2020-04-30,,
647,Open,Medium,2020-01-27,,
648,Open,Low,2021-04-11,,
649,Closed,Medium,2020-03-13,2023-06-01 17:14:36,28217.243333333332
650,Open,Critical,2020-05-24,,
651,Pending Customer Response,High,2021-06-18,,
652,Open,High,2021-08-27,,
653,Pending Customer Response,Low,2020-11-13,,
654,Pending Customer Response,Critical,2020-08-06,,
655,Closed,High,2020-12-29,2023-06-01 08:20:45,21224.345833333333
656,Open,High,2021-06-13,,
657,Closed,Critical,2021-04-16,2023-06-01 16:44:47,18640.74638888889
658,Closed,High,2021-07-01,2023-06-01 15:32:49,16815.546944444446
659,Pending Customer Response,Low,2021-02-14,,
660,Open,Medium,2021-08-29,,
661,Pending Customer Response,Medium,2020-03-28,,
662,Open,Medium,2021-04-01,,
663,Closed,High,2021-12-26,2023-06-01 00:39:57,12528.665833333333
664,Open,Medium,2020-04-21,,
665,Closed,Low,2020-09-05,2023-06-01 09:05:00,23985.083333333332
666,Closed,Medium,2020-10-03,2023-05-31 22:55:02,23302.917222222222
667,Open,Critical,2020-06-04,,
668,Pending Customer Response,Critical,2020-01-28,,
669,Open,Low,2020-12-17,,
670,Open,Low,2021-01-14,,
671,Closed,Medium,2020-09-24,2023-06-01 01:36:06,23521.601666666666
672,Pending Customer Response,Low,2020-08-24,,
673,Open,Medium,2021-02-20,,
674,Closed,Medium,2021-08-29,2023-06-01 16:47:11,15400.78638888889
675,Open,High,2020-10-23,,
676,Open,High,2021-05-09,,
677,Open,Medium,2021-08-01,,
678,Pending Customer Response,High,2020-07-31,,
679,Closed,Medium,2021-12-25,2023-06-01 02:43:17,12554.72138888889
680,Closed,Critical,2021-01-04,2023-06-01 08:07:19,21080.121944444443
681,Open,Low,2020-07-07,,
682,Open,Low,2020-02-18,,
683,Open,Low,2021-07-12,,
684,Closed,Critical,2020-01-08,2023-06-01 04:23:26,29764.390555555554
685,Closed,Critical,2020-05-17,2023-06-01 05:17:27,26645.290833333333
686,Pending Customer Response,High,2021-03-24,,
687,Pending Customer Response,Medium,2020-01-16,,
688,Open,Medium,2020-03-30,,
689,Closed,Medium,2021-01-05,2023-05-31 23:45:31,21047.758611111112
690,Pending Customer Response,Medium,2020-12-19,,
691,Closed,Medium,2020-01-02,2023-06-01 00:40:32,29904.675555555557
692,Closed,High,2020-11-19,2023-06-01 03:12:34,22179.209444444445
693,Pending Customer Response,Critical,2021-03-09,,
694,Open,Medium,2020-10-29,,
695,Pending Customer Response,Medium,2020-02-02,,
696,Open,Low,2021-11-12,,
697,Pending Customer Response,High,2021-06-25,,
698,Closed,Critical,2020-04-26,2023-06-01 01:21:44,27145.362222222222
699,Pending Customer Response,Low,2021-02-08,,
700,Closed,Medium,2020-03-25,2023-05-31 22:39:45,27910.6625
701,Open,Critical,2020-07-04,,
702,Closed,Critical,2021-07-01,2023-06-01 00:53:47,16800.89638888889
703,Pending Customer Response,High,2021-11-19,,
704,Closed,High,2020-10-27,2023-05-31 22:42:48,22726.713333333333
705,Closed,High,2020-04-06,2023-06-01 21:42:50,27645.713888888888
706,Open,High,2020-10-02,,
707,Pending Customer Response,High,2021-07-10,,
708,Closed,Critical,2021-10-28,2023-06-01 00:04:54,13944.081666666667
709,Open,Low,2020-09-02,,
710,Pending Customer Response,Critical,2020-12-14,,
711,Pending Customer Response,Critical,2021-12-12,,
712,Closed,High,2020-12-28,2023-06-01 18:25:59,21258.433055555557
713,Closed,High,2021-09-27,2023-06-01 13:36:01,14701.600277777778
714,Open,Low,2021-06-25,,
715,Closed,Critical,2021-05-11,2023-06-01 00:41:03,18024.684166666666
716,Open,High,2021-10-17,,
717,Open,Critical,2021-05-03,,
718,Closed,Low,2020-11-04,2023-05-31 23:31:07,22535.51861111111
719,Open,Critical,2021-01-29,,
720,Open,Critical,2021-11-16,,
721,Closed,Critical,2020-12-15,2023-06-01 12:26:10,21564.43611111111
722,Pending Customer Response,Low,2020-06-07,,
723,Closed,Medium,2020-09-08,2023-06-01 18:13:13,23922.22027777778
724,Open,Low,2020-03-30,,
725,Open,Low,2021-02-25,,
726,Open,Low,2020-08-20,,
727,Pending Customer Response,Medium,2020-06-03,,
728,Open,Critical,2021-01-15,,
729,Closed,High,2021-03-09,2023-06-01 13:25:22,19549.422777777778
730,Closed,Low,2020-05-14,2023-06-01 18:48:24,26730.806666666667
731,Open,Low,2021-03-29,,
732,Pending Customer Response,Low,2020-02-03,,
733,Pending Customer Response,Critical,2021-07-20,,
734,Closed,Medium,2021-07-10,2023-06-01 07:13:29,16591.22472222222
735,Closed,Critical,2020-02-07,2023-06-01 15:00:31,29055.008611111112
736,Closed,High,2020-02-26,2023-06-01 13:07:31,28597.125277777777
737,Open,High,2021-05-30,,
738,Pending Customer Response,Low,2021-08-30,,
739,Open,High,2021-07-13,,
740,Pending Customer Response,Medium,2020-04-26,,
741,Closed,Critical,2020-06-11,2023-06-01 02:52:39,26042.8775
742,Open,Critical,2021-07-02,,
743,Open,Critical,2020-07-31,,
744,Closed,Critical,2020-08-03,2023-06-01 20:40:44,24788.678888888888
745,Pending Customer Response,Low,2020-02-07,,
746,Pending Customer Response,Medium,2021-04-19,,
747,Closed,High,2020-02-03,2023-06-01 01:00:49,29137.01361111111
748,Pending Customer Response,Low,2021-05-26,,
749,Closed,Critical,2021-02-04,2023-06-01 19:22:53,20347.381388888887
750,Open,Critical,2020-12-19,,
751,Pending Customer Response,Critical,2020-06-25,,
752,Open,Medium,2020-07-29,,
753,Closed,Critical,2021-06-15,2023-06-01 06:25:59,17190.433055555557
754,Open,Low,2021-12-17,,
755,Closed,Medium,2020-06-19,2023-06-01 19:36:02,25867.600555555557
756,Closed,High,2020-10-06,2023-06-01 20:38:02,23252.63388888889
757,Open,Low,2021-08-19,,
758,Pending Customer Response,Medium,2021-06-06,,
759,Open,Medium,2021-02-20,,
760,Pending Customer Response,Low,2021-07-06,,
761,Closed,Critical,2021-07-09,2023-06-01 16:39:12,16624.653333333332
762,Pending Customer Response,High,2020-02-01,,
763,Pending Customer Response,Medium,2020-08-31,,
764,Closed,Medium,2020-05-19,2023-06-01 00:30:14,26592.50388888889
765,Closed,Medium,2021-08-24,2023-06-01 16:05:16,15520.087777777779
766,Closed,Critical,2020-09-07,2023-06-01 08:24:18,23936.405
767,Open,Medium,2020-09-12,,
768,Pending Customer Response,Low,2020-01-04,,
769,Open,Medium,2021-05-10,,
770,Closed,High,2020-07-31,2023-06-01 11:36:25,24851.606944444444
771,Pending Customer Response,Low,2020-05-30,,
772,Pending Customer Response,Medium,2020-03-03,,
773,Closed,Medium,2020-06-19,2023-06-01 06:52:27,25854.87416666667
774,Open,Low,2020-10-03,,
775,Open,Medium,2020-01-16,,
776,Open,Low,2021-06-12,,
777,Closed,Critical,2020-06-11,2023-06-01 18:27:34,26058.459444444445
778,Open,Medium,2021-11-06,,
779,Open,Low,2021-09-05,,
780,Open,Critical,2020-12-27,,
781,Closed,Low,2020-09-06,2023-06-01 17:56:39,23969.944166666668
782,Open,Medium,2021-02-14,,
783,Open,High,2021-01-04,,
784,Pending Customer Response,Critical,2020-08-18,,
785,Pending Customer Response,Low,2021-09-26,,
786,Pending Customer Response,Critical,2021-08-26,,
787,Closed,Critical,2020-08-08,2023-06-01 07:32:46,24655.54611111111
788,Pending Customer Response,Critical,2021-08-16,,
789,Open,Critical,2020-10-17,,
790,Open,Critical,2021-09-06,,
791,Closed,High,2021-01-14,2023-06-01 02:18:51,20834.314166666667
792,Closed,Critical,2020-04-09,2023-06-01 19:18:53,27571.31472222222
793,Pending Customer Response,Critical,2020-08-30,,
794,Pending Customer Response,Critical,2021-06-10,,
795,Open,Low,2021-09-10,,
796,Closed,Critical,2021-09-04,2023-06-01 09:44:59,15249.749722222223
797,Pending Customer Response,High,2021-11-04,,
798,Pending Customer Response,Critical,2020-03-13,,
799,Closed,High,2021-09-18,2023-06-01 07:41:03,14911.684166666666
800,Pending Customer Response,Low,2021-02-06,,
801,Open,Low,2021-06-06,,
802,Pending Customer Response,Critical,2021-10-09,,
803,Pending Customer Response,Medium,2020-06-25,,
804,Open,Critical,2020-01-27,,
805,Pending Customer Response,Medium,2020-06-17,,
806,Open,Low,2020-09-13,,
807,Closed,High,2020-02-01,2023-06-01 21:46:12,29205.77
808,Pending Customer Response,Medium,2020-06-23,,
809,Pending Customer Response,Low,2020-07-17,,
810,Closed,Medium,2020-02-29,2023-06-01 19:47:16,28531.78777777778
811,Pending Customer Response,Medium,2020-08-05,,
812,Open,High,2021-06-05,,
813,Open,Medium,2020-04-26,,
814,Open,Low,2021-12-04,,
815,Open,Critical,2020-07-03,,
816,Closed,Low,2021-04-11,2023-06-01 21:50:26,18765.840555555555
817,Open,Medium,2021-05-21,,
818,Pending Customer Response,Low,2020-04-18,,
819,Closed,High,2020-12-07,2023-06-01 19:55:30,21763.925
820,Open,Medium,2020-09-29,,
821,Open,Critical,2021-09-16,,
822,Closed,Critical,2021-07-19,2023-06-01 16:42:35,16384.709722222222
823,Pending Customer Response,Medium,2021-04-02,,
824,Open,Medium,2020-12-26,,
825,Pending Customer Response,Low,2020-02-21,,
826,Open,Medium,2021-04-03,,
827,Pending Customer Response,Medium,2020-04-14,,
828,Closed,Low,2021-04-11,2023-06-01 00:05:42,18744.095
829,Pending Customer Response,High,2021-07-01,,
830,Pending Customer Response,Critical,2020-02-01,,
831,Pending Customer Response,Critical,2021-10-24,,
832,Open,Low,2020-05-17,,
833,Open,High,2020-11-24,,
834,Open,Medium,2020-11-16,,
835,Closed,Critical,2021-02-26,2023-06-01 11:26:52,19811.44777777778
836,Open,Critical,2020-10-02,,
837,Open,Critical,2021-04-06,,
838,Pending Customer Response,Critical,2021-05-10,,
839,Closed,Medium,2021-05-12,2023-06-01 14:55:59,18014.933055555557
840,Open,Medium,2020-11-13,,
841,Closed,Critical,2021-02-01,2023-06-01 13:07:00,20413.116666666665
842,Open,Low,2020-01-06,,
843,Pending Customer Response,Low,2021-12-27,,
844,Open,High,2021-07-29,,
845,Open,Low,2021-05-26,,
846,Pending Customer Response,Low,2021-03-12,,
847,Closed,High,2020-01-22,2023-06-01 04:15:08,29428.25222222222
848,Pending Customer Response,Low,2021-08-29,,
849,Pending Customer Response,Medium,2020-07-26,,
850,Open,Critical,2020-10-13,,
851,Closed,Low,2020-01-18,2023-06-01 16:40:13,29536.67027777778
852,Pending Customer Response,Low,2020-09-18,,
853,Closed,Medium,2021-10-03,2023-06-01 07:17:15,14551.2875
854,Pending Customer Response,Medium,2020-07-05,,
855,Closed,High,2020-11-09,2023-06-01 02:55:16,22418.92111111111
856,Closed,High,2021-11-10,2023-06-01 19:38:18,13651.638333333334
857,Pending Customer Response,High,2020-06-04,,
858,Closed,Medium,2020-09-02,2023-06-01 05:25:22,24053.422777777778
859,Open,Critical,2021-06-08,,
860,Pending Customer Response,Medium,2020-11-25,,
861,Pending Customer Response,High,2021-02-21,,
862,Closed,Medium,2020-01-10,2023-06-01 13:07:27,29725.12416666667
863,Closed,Low,2021-01-18,2023-06-01 14:43:28,20750.724444444444
864,Closed,Medium,2021-10-24,2023-06-01 04:12:29,14044.208055555555
865,Open,High,2021-12-11,,
866,Closed,High,2020-03-10,2023-06-01 12:14:30,28284.241666666665
867,Closed,Critical,2020-05-09,2023-06-01 04:34:32,26836.575555555555
868,Pending Customer Response,Low,2020-01-20,,
869,Pending Customer Response,Critical,2021-03-17,,
870,Pending Customer Response,Low,2020-12-10,,
871,Open,Critical,2021-06-05,,
872,Pending Customer Response,Low,2020-09-10,,
873,Pending Customer Response,Low,2021-12-29,,
874,Pending Customer Response,Medium,2021-07-03,,
875,Open,High,2021-06-30,,
876,Closed,Medium,2021-02-14,2023-06-01 19:26:44,20107.445555555554
877,Closed,High,2021-01-14,2023-06-01 15:14:46,20847.24611111111
878,Pending Customer Response,Medium,2021-10-18,,
879,Open,Critical,2020-03-23,,
880,Pending Customer Response,Medium,2021-07-09,,
881,Closed,High,2020-12-24,2023-05-31 23:55:51,21335.930833333332
882,Pending Customer Response,Low,2021-03-21,,
883,Pending Customer Response,Low,2021-11-09,,
884,Closed,Critical,2020-09-23,2023-06-01 11:28:56,23555.48222222222
885,Open,Low,2021-05-13,,
886,Pending Customer Response,Low,2021-12-10,,
887,Open,Medium,2021-10-26,,
888,Closed,Critical,2021-11-27,2023-06-01 11:41:02,13235.683888888889
889,Open,Medium,2021-10-02,,
890,Closed,Low,2021-03-01,2023-06-01 02:09:04,19730.15111111111
891,Open,Critical,2021-11-21,,
892,Open,Low,2020-02-20,,
893,Closed,Medium,2020-10-21,2023-06-01 14:49:09,22886.819166666668
894,Open,Low,2021-11-29,,
895,Closed,Critical,2020-03-29,2023-06-01 21:39:12,27837.653333333332
896,Closed,Low,2020-12-12,2023-06-01 16:23:13,21640.386944444443
897,Closed,High,2021-09-02,2023-06-01 05:47:14,15293.787222222221
898,Closed,Low,2021-10-31,2023-06-01 16:22:14,13888.370555555555
899,Open,Critical,2021-05-06,,
900,Pending Customer Response,Medium,2021-04-30,,
901,Open,High,2020-01-30,,
902,Open,Low,2020-11-14,,
903,Pending Customer Response,Low,2021-08-22,,
904,Closed,Critical,2021-10-19,2023-06-01 12:25:24,14172.423333333334
905,Open,High,2020-02-28,,
906,Pending Customer Response,Critical,2021-02-23,,
907,Open,High,2021-12-02,,
908,Closed,Critical,2020-05-31,2023-05-31 22:13:28,26302.224444444444
909,Pending Customer Response,Low,2020-05-18,,
910,Open,High,2021-11-14,,
911,Open,High,2020-12-30,,
912,Closed,Critical,2021-04-10,2023-06-01 20:14:34,18788.242777777778
913,Open,Critical,2020-01-20,,
914,Closed,High,2020-01-16,2023-06-01 08:38:37,29576.64361111111
915,Pending Customer Response,Critical,2020-07-06,,
916,Pending Customer Response,Critical,2020-03-22,,
917,Pending Customer Response,Critical,2020-03-08,,
918,Closed,Medium,2020-11-13,2023-06-01 15:49:43,22335.828611111112
919,Open,Critical,2020-07-17,,
920,Closed,High,2020-03-26,2023-06-01 04:21:47,27892.363055555557
921,Open,Low,2021-09-28,,
922,Pending Customer Response,Low,2020-01-29,,
923,Closed,High,2020-04-09,2023-05-31 23:36:51,27551.614166666666
924,Open,Critical,2020-08-06,,
925,Pending Customer Response,Medium,2020-09-06,,
926,Open,Critical,2021-02-06,,
927,Closed,High,2020-08-10,2023-06-01 10:38:58,24610.649444444443
928,Pending Customer Response,Medium,2020-08-16,,
929,Pending Customer Response,High,2021-09-06,,
930,Closed,Critical,2020-04-02,2023-06-01 17:15:02,27737.250555555554
931,Pending Customer Response,Critical,2020-07-20,,
932,Open,Critical,2020-02-26,,
933,Open,High,2021-02-27,,
934,Closed,Medium,2021-02-17,2023-06-01 13:08:06,20029.135
935,Pending Customer Response,Critical,2020-08-27,,
936,Open,Critical,2020-11-20,,
937,Pending Customer Response,Medium,2021-12-14,,
938,Closed,High,2020-02-14,2023-05-31 23:34:10,28871.569444444445
939,Closed,Critical,2021-04-25,2023-06-01 13:59:12,18421.986666666668
940,Closed,Medium,2020-12-14,2023-06-01 00:15:13,21576.25361111111
941,Open,Medium,2021-01-15,,
942,Pending Customer Response,Critical,2020-12-24,,
943,Open,High,2020-03-11,,
944,Pending Customer Response,Medium,2021-12-26,,
945,Closed,Low,2020-03-31,2023-06-01 14:13:19,27782.221944444445
946,Open,Critical,2021-05-06,,
947,Pending Customer Response,High,2021-06-01,,
948,Pending Customer Response,Critical,2021-05-11,,
949,Open,Low,2020-11-05,,
950,Closed,Medium,2021-02-18,2023-05-31 23:43:26,19991.72388888889
951,Closed,Medium,2021-08-13,2023-06-01 13:05:28,15781.09111111111
952,Open,Critical,2020-06-24,,
953,Open,Low,2020-08-15,,
954,Closed,Medium,2021-03-04,2023-06-01 03:46:33,19659.775833333333
955,Closed,Low,2020-09-13,2023-06-01 08:31:34,23792.52611111111
956,Closed,Critical,2020-12-30,2023-06-01 14:53:35,21206.893055555556
957,Closed,Medium,2021-03-16,2023-06-01 07:52:36,19375.876666666667
958,Open,High,2021-04-05,,
959,Open,Critical,2021-08-23,,
960,Closed,Medium,2020-11-26,2023-06-01 16:11:41,22024.194722222222
961,Pending Customer Response,High,2020-10-09,,
962,Pending Customer Response,High,2021-09-12,,
963,Pending Customer Response,Critical,2020-07-07,,
964,Closed,Low,2021-08-14,2023-06-01 13:18:49,15757.31361111111
965,Closed,High,2020-06-18,2023-06-01 18:29:49,25890.496944444443
966,Pending Customer Response,Critical,2020-02-23,,
967,Open,Medium,2021-06-26,,
968,Pending Customer Response,Critical,2020-06-07,,
969,Open,Critical,2021-05-28,,
970,Open,Critical,2021-01-06,,
971,Open,High,2021-05-01,,
972,Pending Customer Response,High,2021-04-22,,
973,Pending Customer Response,Critical,2020-12-09,,
974,Closed,Low,2021-04-12,2023-06-01 06:17:03,18726.284166666668
975,Pending Customer Response,Low,2020-07-08,,
976,Open,High,2020-03-27,,
977,Pending Customer Response,Critical,2021-02-23,,
978,Open,Medium,2021-07-04,,
979,Open,High,2021-05-22,,
980,Open,Medium,2020-05-14,,
981,Closed,Medium,2020-11-18,2023-06-01 09:51:10,22209.852777777778
982,Pending Customer Response,Medium,2021-03-23,,
983,Open,Medium,2021-05-04,,
984,Open,Critical,2020-12-07,,
985,Open,Critical,2020-07-29,,
986,Open,Low,2020-11-03,,
987,Closed,Critical,2021-05-18,2023-06-01 05:56:19,17861.938611111113
988,Pending Customer Response,Critical,2020-01-12,,
989,Open,Medium,2020-03-30,,
990,Open,Low,2021-03-04,,
991,Open,Medium,2021-11-23,,
992,Pending Customer Response,Critical,2021-05-16,,
993,Pending Customer Response,Medium,2021-03-27,,
994,Closed,Critical,2021-05-19,2023-06-01 03:10:28,17835.174444444445
995,Open,High,2021-08-18,,
996,Open,Critical,2020-11-07,,
997,Pending Customer Response,Medium,2021-11-25,,
998,Closed,Medium,2021-02-10,2023-06-01 08:34:31,20192.575277777778
999,Pending Customer Response,Medium,2021-03-03,,
1000,Closed,High,2020-05-02,2023-06-01 20:14:34,27020.242777777778
1001,Open,Critical,2021-02-11,,
1002,Open,Critical,2021-02-20,,
1003,Open,Medium,2020-11-09,,
1004,Open,High,2020-10-15,,
1005,Closed,Medium,2020-09-04,2023-06-01 18:36:42,24018.611666666668
1006,Pending Customer Response,Critical,2020-03-11,,
1007,Closed,Critical,2021-01-05,2023-06-01 07:26:45,21055.445833333335
1008,Open,Medium,2021-07-15,,
1009,Closed,Medium,2021-11-02,2023-06-01 08:49:49,13832.830277777777
1010,Closed,High,2020-02-04,2023-06-01 01:32:50,29113.547222222223
1011,Closed,Low,2020-07-03,2023-06-01 07:30:50,25519.51388888889
1012,Pending Customer Response,Low,2020-10-27,,
1013,Closed,High,2021-07-14,2023-06-01 02:17:52,16490.297777777778
1014,Pending Customer Response,High,2021-06-08,,
1015,Pending Customer Response,Critical,2020-03-20,,
1016,Closed,Critical,2021-11-30,2023-06-01 17:59:57,13169.999166666666
1017,Pending Customer Response,Low,2020-04-04,,
1018,Closed,Medium,2020-06-28,2023-06-01 01:49:00,25633.816666666666
1019,Pending Customer Response,Low,2020-02-16,,
1020,Closed,Critical,2020-09-28,2023-06-01 19:49:01,23443.816944444443
1021,Pending Customer Response,Critical,2020-03-04,,
1022,Closed,Critical,2021-01-07,2023-06-01 11:01:03,21011.0175
1023,Pending Customer Response,High,2020-08-25,,
1024,Open,Medium,2021-06-11,,
1025,Open,Critical,2021-11-21,,
1026,Open,Medium,2020-11-04,,
1027,Open,High,2020-11-17,,
1028,Open,High,2020-09-11,,
1029,Pending Customer Response,Low,2021-02-17,,
1030,Closed,Critical,2021-05-13,2023-06-01 17:37:11,17993.61972222222
1031,Closed,Medium,2020-06-26,2023-06-01 16:06:12,25696.103333333333
1032,Open,Critical,2021-07-29,,
1033,Closed,Medium,2021-04-21,2023-06-01 06:17:15,18510.2875
1034,Open,Medium,2021-12-24,,
1035,Closed,Low,2020-09-14,2023-06-01 10:00:18,23770.005
1036,Pending Customer Response,High,2020-06-15,,
1037,Open,High,2021-08-25,,
1038,Closed,Low,2020-11-08,2023-06-01 17:04:22,22457.07277777778
1039,Open,Medium,2020-12-19,,
1040,Closed,High,2020-04-25,2023-06-01 04:50:26,27172.840555555555
1041,Closed,Medium,2021-04-30,2023-06-01 09:22:26,18297.373888888887
1042,Open,High,2021-09-02,,
1043,Closed,High,2020-07-13,2023-06-01 16:44:30,25288.741666666665
1044,Open,Critical,2020-01-15,,
1045,Open,Medium,2021-09-04,,
1046,Closed,High,2021-03-31,2023-06-01 11:51:34,19019.859444444446
1047,Open,Medium,2020-10-14,,
1048,Closed,High,2021-10-14,2023-06-01 02:50:36,14282.843333333334
1049,Closed,Critical,2021-03-01,2023-06-01 11:32:38,19739.54388888889
1050,Pending Customer Response,High,2021-10-22,,
1051,Pending Customer Response,High,2020-02-28,,
1052,Open,Low,2020-02-03,,
1053,Open,Medium,2021-07-01,,
1054,Pending Customer Response,Medium,2021-12-21,,
1055,Open,Medium,2021-08-03,,
1056,Open,High,2020-05-17,,
1057,Open,High,2020-02-09,,
1058,Pending Customer Response,High,2020-02-15,,
1059,Open,Medium,2020-05-05,,
1060,Pending Customer Response,High,2020-02-12,,
1061,Closed,High,2021-05-23,2023-06-01 04:27:58,17740.466111111113
1062,Pending Customer Response,Low,2021-10-13,,
1063,Closed,Medium,2021-10-18,2023-06-01 10:20:01,14194.333611111111
1064,Closed,Medium,2020-04-21,2023-06-01 12:09:03,27276.150833333333
1065,Pending Customer Response,Low,2020-02-05,,
1066,Pending Customer Response,Medium,2020-09-27,,
1067,Pending Customer Response,Low,2021-05-10,,
1068,Closed,Low,2021-01-11,2023-06-01 14:53:07,20918.88527777778
1069,Closed,Low,2020-06-13,2023-06-01 17:41:09,26009.685833333333
1070,Closed,Medium,2021-05-26,2023-06-01 14:38:10,17678.63611111111
1071,Open,Low,2020-07-26,,
1072,Closed,Low,2020-11-05,2023-06-01 08:15:12,22520.253333333334
1073,Closed,Medium,2021-12-17,2023-06-01 03:57:13,12747.953611111112
1074,Closed,Medium,2021-11-05,2023-06-01 18:56:15,13770.9375
1075,Open,High,2020-08-29,,
1076,Pending Customer Response,Low,2020-01-24,,
1077,Open,Low,2020-11-02,,
1078,Pending Customer Response,Medium,2021-06-09,,
1079,Pending Customer Response,Medium,2020-08-10,,
1080,Open,High,2020-05-18,,
1081,Open,Medium,2021-04-06,,
1082,Open,Critical,2021-10-14,,
1083,Pending Customer Response,Low,2020-05-30,,
1084,Open,Medium,2021-05-06,,
1085,Pending Customer Response,Medium,2021-08-16,,
1086,Open,High,2021-06-30,,
1087,Open,Low,2020-04-11,,
1088,Pending Customer Response,Low,2021-10-05,,
1089,Pending Customer Response,High,2020-03-31,,
1090,Closed,Low,2020-06-23,2023-06-01 12:12:37,25764.210277777776
1091,Open,Low,2020-05-14,,
1092,Closed,Low,2020-07-31,2023-05-31 22:44:39,24838.744166666667
1093,Open,Critical,2020-12-20,,
1094,Pending Customer Response,Critical,2020-10-26,,
1095,Closed,Low,2021-11-27,2023-06-01 19:27:43,13243.461944444445
1096,Open,Medium,2021-11-01,,
1097,Open,Medium,2021-05-23,,
1098,Pending Customer Response,Critical,2021-06-03,,
1099,Pending Customer Response,Low,2021-08-29,,
1100,Open,Medium,2021-07-04,,
1101,Pending Customer Response,Low,2020-02-10,,
1102,Closed,Critical,2021-12-16,2023-06-01 08:01:52,12776.031111111111
1103,Open,Low,2021-09-10,,
1104,Pending Customer Response,Critical,2021-08-09,,
1105,Closed,Critical,2020-08-06,2023-06-01 07:58:58,24703.98277777778
1106,Pending Customer Response,Medium,2021-11-05,,
1107,Pending Customer Response,Low,2020-03-25,,
1108,Pending Customer Response,High,2021-10-28,,
1109,Open,Critical,2020-05-06,,
1110,Closed,Low,2020-06-22,2023-06-01 20:03:05,25796.05138888889
1111,Closed,Low,2021-05-10,2023-06-01 07:17:07,18055.285277777777
1112,Pending Customer Response,Low,2021-06-12,,
1113,Pending Customer Response,Low,2021-05-12,,
1114,Closed,Critical,2020-12-08,2023-06-01 09:57:11,21729.953055555554
1115,Pending Customer Response,High,2021-11-08,,
1116,Open,High,2020-04-26,,
1117,Open,Medium,2020-07-10,,
1118,Closed,Critical,2020-12-07,2023-06-01 01:43:17,21745.721388888887
1119,Open,Critical,2021-07-22,,
1120,Pending Customer Response,High,2021-12-22,,
1121,Open,Low,2021-07-02,,
1122,Pending Customer Response,Critical,2021-04-18,,
1123,Pending Customer Response,Critical,2020-03-12,,
1124,Pending Customer Response,Critical,2021-08-17,,
1125,Closed,High,2021-10-03,2023-06-01 06:55:27,14550.924166666666
1126,Pending Customer Response,Low,2020-07-02,,
1127,Closed,High,2021-03-13,2023-06-01 11:16:29,19451.27472222222
1128,Open,High,2021-11-13,,
1129,Open,Low,2021-07-06,,
1130,Closed,Medium,2021-02-04,2023-06-01 01:58:34,20329.97611111111
1131,Pending Customer Response,Medium,2020-11-19,,
1132,Open,Medium,2021-10-26,,
1133,Pending Customer Response,Medium,2021-05-12,,
1134,Pending Customer Response,Critical,2020-03-31,,
1135,Open,Critical,2020-06-25,,
1136,Closed,Medium,2020-06-11,2023-06-01 03:17:42,26043.295
1137,Pending Customer Response,Medium,2021-02-14,,
1138,Open,Medium,2020-11-13,,
1139,Pending Customer Response,Critical,2021-06-25,,
1140,Pending Customer Response,Low,2021-08-16,,
1141,Open,Critical,2021-06-11,,
1142,Pending Customer Response,High,2020-06-08,,
1143,Closed,Critical,2020-04-11,2023-06-01 09:58:54,27513.981666666667
1144,Pending Customer Response,Critical,2021-12-27,,
1145,Pending Customer Response,Low,2020-01-22,,
1146,Closed,High,2020-12-09,2023-06-01 20:57:58,21716.966111111113
1147,Pending Customer Response,High,2020-05-04,,
1148,Open,High,2021-12-08,,
1149,Pending Customer Response,Medium,2021-01-28,,
1150,Pending Customer Response,Critical,2020-10-29,,
1151,Closed,High,2021-03-01,2023-06-01 10:23:06,19738.385
1152,Pending Customer Response,Low,2020-05-16,,
1153,Pending Customer Response,High,2021-07-25,,
1154,Closed,High,2020-06-18,2023-06-01 21:30:10,25893.50277777778
1155,Pending Customer Response,Critical,2021-07-14,,
1156,Open,Medium,2020-05-31,,
1157,Pending Customer Response,Low,2020-11-26,,
1158,Closed,Low,2021-04-15,2023-06-01 15:11:16,18663.187777777777
1159,Pending Customer Response,Critical,2021-09-10,,
1160,Open,Low,2021-04-14,,
1161,Pending Customer Response,Medium,2020-06-05,,
1162,Pending Customer Response,Critical,2020-01-08,,
1163,Pending Customer Response,Medium,2020-02-15,,
1164,Pending Customer Response,Critical,2021-05-13,,
1165,Closed,Critical,2020-05-20,2023-05-31 23:12:25,26567.206944444446
1166,Closed,Medium,2020-09-22,2023-06-01 08:19:27,23576.324166666665
1167,Closed,Medium,2021-04-23,2023-06-01 02:51:28,18458.85777777778
1168,Pending Customer Response,High,2020-11-27,,
1169,Closed,Medium,2020-04-30,2023-06-01 13:07:31,27061.125277777777
1170,Pending Customer Response,Critical,2020-03-03,,
1171,Pending Customer Response,Medium,2021-05-12,,
1172,Closed,High,2020-06-24,2023-06-01 18:03:35,25746.05972222222
1173,Pending Customer Response,Critical,2020-05-01,,
1174,Open,Low,2020-11-09,,
1175,Closed,High,2020-04-03,2023-06-01 13:23:40,27709.394444444446
1176,Open,High,2020-06-24,,
1177,Open,Low,2021-04-06,,
1178,Closed,Low,2020-06-19,2023-06-01 20:02:45,25868.045833333334
1179,Open,Low,2020-03-06,,
1180,Pending Customer Response,High,2021-10-08,,
1181,Open,Critical,2021-10-25,,
1182,Pending Customer Response,Medium,2021-02-07,,
1183,Closed,Medium,2021-02-11,2023-06-01 02:05:54,20162.09833333333
1184,Closed,High,2021-03-08,2023-06-01 19:17:55,19579.29861111111
1185,Pending Customer Response,High,2020-10-18,,
1186,Closed,High,2021-02-23,2023-06-01 17:00:57,19889.015833333335
1187,Open,Critical,2020-06-11,,
1188,Closed,Medium,2020-12-14,2023-06-01 08:09:59,21584.16638888889
1189,Closed,Critical,2020-06-13,2023-06-01 00:14:00,25992.233333333334
1190,Closed,Medium,2020-06-11,2023-06-01 06:15:02,26046.250555555554
1191,Closed,Low,2020-12-06,2023-06-01 20:12:04,21788.20111111111
1192,Open,Critical,2021-03-13,,
1193,Open,Low,2020-06-29,,
1194,Closed,Critical,2020-08-20,2023-06-01 09:41:08,24369.685555555556
1195,Open,Low,2021-10-21,,
1196,Open,Low,2021-08-10,,
1197,Open,Medium,2021-04-25,,
1198,Open,Low,2021-05-02,,
1199,Closed,Low,2021-12-04,2023-06-01 02:44:15,13058.7375
1200,Open,Critical,2020-10-17,,
1201,Open,Medium,2020-03-31,,
1202,Open,Medium,2021-02-07,,
1203,Pending Customer Response,High,2021-02-21,,
1204,Pending Customer Response,Critical,2020-12-29,,
1205,Pending Customer Response,Low,2020-05-11,,
1206,Closed,Low,2021-01-16,2023-06-01 18:24:24,20802.406666666666
1207,Open,High,2020-11-29,,
1208,Closed,Medium,2020-08-24,2023-06-01 16:40:27,24280.674166666668
1209,Closed,Medium,2020-07-02,2023-06-01 13:16:28,25549.274444444443
1210,Pending Customer Response,Medium,2021-12-01,,
1211,Pending Customer Response,Medium,2021-11-27,,
1212,Open,High,2020-05-05,,
1213,Closed,High,2021-09-14,2023-06-01 14:11:33,15014.1925
1214,Pending Customer Response,Medium,2020-02-15,,
1215,Open,High,2021-02-15,,
1216,Pending Customer Response,Low,2021-07-18,,
1217,Closed,Critical,2021-03-12,2023-06-01 22:07:41,19486.128055555557
1218,Closed,Medium,2020-09-16,2023-06-01 01:14:42,23713.245
1219,Open,Low,2020-02-07,,
1220,Pending Customer Response,High,2020-06-17,,
1221,Open,Low,2020-09-24,,
1222,Pending Customer Response,Critical,2021-09-04,,
1223,Open,Critical,2021-08-21,,
1224,Closed,Low,2020-09-18,2023-06-01 04:53:51,23668.8975
1225,Open,Critical,2020-09-26,,
1226,Pending Customer Response,Low,2021-06-11,,
1227,Pending Customer Response,Low,2020-02-10,,
1228,Open,High,2021-08-05,,
1229,Closed,Critical,2021-07-23,2023-06-01 17:04:59,16289.083055555555
1230,Pending Customer Response,Low,2020-01-15,,
1231,Pending Customer Response,Medium,2021-04-25,,
1232,Closed,Critical,2020-01-11,2023-06-01 03:16:02,29691.26722222222
1233,Pending Customer Response,Medium,2020-08-13,,
1234,Open,High,2021-03-28,,
1235,Open,High,2021-01-29,,
1236,Open,High,2021-11-08,,
1237,Open,Critical,2020-01-28,,
1238,Open,High,2020-08-02,,
1239,Pending Customer Response,High,2021-06-08,,
1240,Closed,Critical,2020-02-25,2023-06-01 21:48:12,28629.803333333333
1241,Pending Customer Response,Critical,2020-02-16,,
1242,Open,Critical,2021-10-11,,
1243,Closed,Low,2020-07-17,2023-06-01 05:41:16,25181.687777777777
1244,Open,Low,2021-01-01,,
1245,Pending Customer Response,High,2020-07-24,,
1246,Open,Low,2021-08-03,,
1247,Open,Medium,2021-05-28,,
1248,Closed,High,2021-08-14,2023-06-01 00:17:23,15744.289722222222
1249,Open,Critical,2021-01-08,,
1250,Closed,High,2021-02-02,2023-06-01 15:05:26,20391.090555555555
1251,Pending Customer Response,Low,2020-09-18,,
1252,Open,High,2020-07-07,,
1253,Open,Critical,2020-10-18,,
1254,Open,Critical,2021-05-15,,
1255,Open,High,2021-04-02,,
1256,Closed,High,2020-10-14,2023-06-01 18:36:36,23058.61
1257,Closed,Medium,2021-12-13,2023-06-01 02:03:37,12842.060277777779
1258,Open,Medium,2021-06-23,,
1259,Pending Customer Response,Low,2020-12-21,,
1260,Pending Customer Response,Low,2020-04-18,,
1261,Pending Customer Response,High,2021-08-08,,
1262,Open,High,2020-03-15,,
1263,Open,Critical,2021-11-27,,
1264,Pending Customer Response,Low,2021-09-15,,
1265,Closed,Low,2021-01-16,2023-05-31 23:43:46,20783.729444444445
1266,Closed,Critical,2021-08-31,2023-06-01 20:38:47,15356.646388888888
1267,Closed,Low,2021-07-04,2023-06-01 16:53:49,16744.896944444445
1268,Open,Medium,2021-12-06,,
1269,Open,High,2020-08-24,,
1270,Closed,High,2020-12-04,2023-06-01 16:40:53,21832.68138888889
1271,Pending Customer Response,Medium,2020-07-17,,
1272,Closed,Critical,2020-07-21,2023-06-01 10:56:55,25090.94861111111
1273,Pending Customer Response,Low,2020-05-07,,
1274,Pending Customer Response,High,2021-08-15,,
1275,Pending Customer Response,Low,2020-05-01,,
1276,Pending Customer Response,High,2021-04-05,,
1277,Closed,Critical,2020-11-07,2023-06-01 02:01:02,22466.01722222222
1278,Closed,Critical,2020-11-29,2023-06-01 14:58:04,21950.967777777776
1279,Closed,Medium,2021-12-15,2023-06-01 13:09:05,12805.15138888889
1280,Pending Customer Response,Low,2020-09-25,,
1281,Closed,Medium,2021-07-04,2023-06-01 14:27:07,16742.451944444445
1282,Pending Customer Response,Low,2020-11-29,,
1283,Closed,Critical,2021-05-16,2023-06-01 20:56:10,17924.93611111111
1284,Open,High,2020-03-24,,
1285,Open,Low,2021-01-31,,
1286,Pending Customer Response,High,2021-10-23,,
1287,Pending Customer Response,Medium,2021-03-06,,
1288,Pending Customer Response,Critical,2021-12-28,,
1289,Open,Low,2021-06-06,,
1290,Pending Customer Response,Medium,2021-10-07,,
1291,Pending Customer Response,Medium,2021-03-15,,
1292,Open,Critical,2020-05-09,,
1293,Open,High,2020-03-21,,
1294,Closed,Critical,2020-06-15,2023-06-01 00:27:27,25944.4575
1295,Pending Customer Response,Medium,2021-08-03,,
1296,Closed,Medium,2021-11-22,2023-06-01 05:41:30,13349.691666666668
1297,Closed,Low,2020-02-10,2023-06-01 07:50:32,28975.84222222222
1298,Pending Customer Response,High,2021-09-29,,
1299,Closed,High,2020-03-25,2023-06-01 01:53:33,27913.8925
1300,Pending Customer Response,Low,2021-07-01,,
1301,Closed,Low,2020-01-13,2023-06-01 13:44:37,29653.743611111113
1302,Pending Customer Response,Low,2021-05-03,,
1303,Pending Customer Response,Low,2020-08-25,,
1304,Pending Customer Response,Critical,2020-04-03,,
1305,Pending Customer Response,Low,2021-07-20,,
1306,Closed,High,2020-07-09,2023-06-01 08:57:40,25376.96111111111
1307,Closed,Critical,2020-01-27,2023-06-01 03:26:41,29307.444722222222
1308,Open,High,2020-10-03,,
1309,Pending Customer Response,High,2020-08-05,,
1310,Closed,Medium,2021-07-17,2023-06-01 08:12:46,16424.21277777778
1311,Closed,Critical,2020-03-09,2023-06-01 06:04:48,28302.08
1312,Closed,Medium,2021-02-16,2023-06-01 05:06:49,20045.113611111112
1313,Pending Customer Response,Critical,2020-12-25,,
1314,Closed,Critical,2021-10-16,2023-06-01 02:36:50,14234.613888888889
1315,Open,High,2020-05-17,,
1316,Closed,High,2021-04-07,2023-06-01 05:27:53,18845.464722222223
1317,Closed,Medium,2020-12-30,2023-05-31 22:49:55,21190.831944444446
1318,Pending Customer Response,Low,2020-01-24,,
1319,Open,Critical,2020-08-01,,
1320,Closed,Low,2021-06-30,2023-06-01 06:15:00,16830.25
1321,Open,High,2020-12-04,,
1322,Pending Customer Response,Critical,2020-04-01,,
1323,Open,Low,2021-08-01,,
1324,Pending Customer Response,High,2020-11-14,,
1325,Pending Customer Response,Critical,2020-05-19,,
1326,Open,High,2020-05-19,,
1327,Open,Critical,2021-04-11,,
1328,Pending Customer Response,High,2021-03-05,,
1329,Closed,Medium,2020-04-16,2023-06-01 16:58:12,27400.97
1330,Closed,Medium,2020-06-24,2023-06-01 08:23:14,25736.387222222223
1331,Open,High,2021-06-08,,
1332,Closed,Low,2020-01-01,2023-06-01 06:07:17,29934.12138888889
1333,Closed,Low,2021-02-05,2023-06-01 18:37:17,20322.62138888889
1334,Closed,High,2020-09-03,2023-05-31 22:39:18,24022.655
1335,Open,High,2021-02-28,,
1336,Closed,Low,2020-02-14,2023-06-01 00:32:21,28872.539166666666
1337,Closed,Critical,2021-03-12,2023-06-01 00:23:22,19464.389444444445
1338,Open,Critical,2021-09-12,,
1339,Pending Customer Response,Low,2020-08-02,,
1340,Closed,Critical,2020-08-29,2023-05-31 22:29:26,24142.490555555556
1341,Pending Customer Response,Medium,2020-01-17,,
1342,Closed,Low,2021-09-09,2023-06-01 10:02:30,15130.041666666666
1343,Pending Customer Response,Critical,2020-12-14,,
1344,Closed,Critical,2020-10-21,2023-06-01 05:32:33,22877.5425
1345,Pending Customer Response,Low,2020-04-08,,
1346,Pending Customer Response,High,2021-12-16,,
1347,Closed,High,2020-04-30,2023-06-01 02:38:38,27050.643888888888
1348,Pending Customer Response,Critical,2021-07-30,,
1349,Open,Critical,2021-11-18,,
1350,Open,High,2021-01-30,,
1351,Closed,High,2020-01-11,2023-06-01 07:51:44,29695.862222222222
1352,Closed,Critical,2021-02-17,2023-06-01 04:03:45,20020.0625
1353,Open,Medium,2020-09-13,,
1354,Closed,Low,2021-01-19,2023-06-01 08:31:48,20720.53
1355,Closed,High,2020-02-27,2023-06-01 01:28:48,28561.48
1356,Closed,High,2021-07-10,2023-06-01 20:05:49,16604.096944444445
1357,Closed,Low,2020-06-27,2023-06-01 22:12:50,25678.213888888888
1358,Closed,High,2021-09-14,2023-06-01 15:25:52,15015.431111111111
1359,Open,High,2021-10-24,,
1360,Open,Low,2021-10-27,,
1361,Open,Low,2020-09-09,,
1362,Closed,Medium,2021-07-07,2023-06-01 06:22:56,16662.382222222222
1363,Pending Customer Response,Medium,2020-09-13,,
1364,Pending Customer Response,Medium,2021-08-28,,
1365,Open,Medium,2021-10-13,,
1366,Open,Medium,2021-05-14,,
1367,Open,Low,2020-01-19,,
1368,Open,Low,2020-01-19,,
1369,Open,Medium,2020-12-10,,
1370,Open,Low,2021-08-31,,
1371,Closed,Critical,2021-06-26,2023-06-01 10:46:09,16930.769166666665
1372,Pending Customer Response,High,2020-02-04,,
1373,Closed,Low,2020-05-04,2023-05-31 22:46:11,26950.769722222223
1374,Closed,Medium,2020-02-19,2023-06-01 20:21:12,28772.353333333333
1375,Pending Customer Response,Critical,2020-07-05,,
1376,Pending Customer Response,Low,2021-08-09,,
1377,Pending Customer Response,High,2020-06-10,,
1378,Closed,High,2020-05-17,2023-06-01 15:46:15,26655.770833333332
1379,Closed,High,2021-04-05,2023-06-01 11:40:17,18899.671388888888
1380,Open,Medium,2020-10-04,,
1381,Open,Medium,2020-11-05,,
1382,Open,High,2020-10-28,,
1383,Closed,Critical,2020-05-10,2023-06-01 18:56:21,26826.939166666667
1384,Closed,Low,2020-11-03,2023-06-01 01:31:22,22561.522777777776
1385,Open,Critical,2021-09-10,,
1386,Pending Customer Response,Medium,2020-11-09,,
1387,Open,Critical,2021-01-12,,
1388,Pending Customer Response,Medium,2021-06-19,,
1389,Open,Medium,2020-04-19,,
1390,Open,High,2021-01-05,,
1391,Closed,High,2020-02-03,2023-06-01 15:25:31,29151.425277777777
1392,Open,Critical,2020-10-17,,
1393,Pending Customer Response,Medium,2020-06-21,,
1394,Pending Customer Response,Medium,2021-08-14,,
1395,Pending Customer Response,Critical,2021-07-24,,
1396,Closed,Low,2020-07-05,2023-05-31 22:32:37,25462.543611111112
1397,Open,Critical,2020-11-07,,
1398,Closed,Low,2020-07-06,2023-06-01 01:21:40,25441.36111111111
1399,Open,Low,2021-09-13,,
1400,Closed,Medium,2020-11-28,2023-06-01 20:28:43,21980.47861111111
1401,Open,Critical,2020-08-22,,
1402,Pending Customer Response,High,2020-05-28,,
1403,Open,Medium,2020-04-08,,
1404,Open,Low,2020-01-27,,
1405,Open,Critical,2020-08-27,,
1406,Closed,Medium,2020-09-26,2023-05-31 23:59:51,23471.9975
1407,Open,Critical,2020-12-13,,
1408,Pending Customer Response,Critical,2020-11-13,,
1409,Pending Customer Response,High,2021-04-11,,
1410,Open,Low,2021-12-01,,
1411,Open,Low,2021-01-23,,
1412,Closed,Critical,2020-01-09,2023-06-01 21:49:59,29757.833055555555
1413,Pending Customer Response,Medium,2021-03-14,,
1414,Open,Critical,2021-05-26,,
1415,Pending Customer Response,High,2021-06-25,,
1416,Open,Low,2020-11-01,,
1417,Closed,Medium,2021-12-09,2023-06-01 01:07:06,12937.118333333334
1418,Closed,High,2020-02-14,2023-06-01 03:07:08,28875.11888888889
1419,Pending Customer Response,Medium,2021-02-17,,
1420,Open,Medium,2021-11-20,,
1421,Pending Customer Response,Low,2020-06-25,,
1422,Open,Low,2021-05-23,,
1423,Pending Customer Response,Critical,2020-03-18,,
1424,Open,High,2020-05-06,,
1425,Pending Customer Response,High,2021-01-06,,
1426,Open,Low,2020-09-15,,
1427,Closed,Critical,2020-10-25,2023-06-01 07:33:22,22783.556111111113
1428,Closed,High,2020-12-16,2023-06-01 07:54:25,21535.906944444443
1429,Open,Medium,2020-09-27,,
1430,Pending Customer Response,Medium,2021-09-05,,
1431,Open,Critical,2020-02-26,,
1432,Open,Medium,2020-02-28,,
1433,Closed,Low,2020-04-21,2023-06-01 12:16:31,27276.27527777778
1434,Closed,Low,2020-10-19,2023-06-01 07:23:32,22927.39222222222
1435,Closed,Medium,2020-04-12,2023-06-01 21:16:34,27501.27611111111
1436,Pending Customer Response,Medium,2020-10-26,,
1437,Pending Customer Response,Low,2020-04-21,,
1438,Pending Customer Response,Critical,2021-01-22,,
1439,Open,Low,2020-09-26,,
1440,Open,Critical,2020-06-08,,
1441,Open,Low,2020-06-23,,
1442,Open,High,2020-04-12,,
1443,Pending Customer Response,Low,2020-08-28,,
1444,Closed,Critical,2020-09-16,2023-06-01 18:43:45,23730.729166666668
1445,Closed,Low,2020-11-08,2023-06-01 16:09:46,22456.16277777778
1446,Pending Customer Response,High,2021-02-24,,
1447,Open,High,2021-06-24,,
1448,Open,High,2020-03-26,,
1449,Pending Customer Response,Medium,2021-05-20,,
1450,Pending Customer Response,Medium,2020-01-12,,
1451,Closed,High,2021-08-03,2023-06-01 09:38:54,16017.648333333333
1452,Pending Customer Response,Critical,2020-08-21,,
1453,Closed,Critical,2021-02-13,2023-06-01 14:30:56,20126.515555555554
1454,Open,Critical,2020-08-01,,
1455,Pending Customer Response,Medium,2020-05-22,,
1456,Open,Medium,2021-08-18,,
1457,Closed,High,2020-04-10,2023-06-01 20:15:03,27548.25083333333
1458,Closed,Low,2020-09-08,2023-06-01 15:27:04,23919.45111111111
1459,Pending Customer Response,Critical,2020-09-26,,
1460,Open,Low,2021-12-04,,
1461,Pending Customer Response,Low,2020-03-06,,
1462,Open,High,2021-08-08,,
1463,Pending Customer Response,High,2021-05-02,,
1464,Pending Customer Response,Critical,2020-01-04,,
1465,Open,Critical,2021-06-13,,
1466,Closed,Medium,2020-07-20,2023-06-01 17:00:16,25121.004444444443
1467,Pending Customer Response,Critical,2021-08-29,,
1468,Closed,Medium,2021-08-09,2023-06-01 03:15:19,15867.255277777778
1469,Closed,Critical,2020-12-07,2023-06-01 15:58:21,21759.9725
1470,Pending Customer Response,High,2021-05-22,,
1471,Open,Low,2020-11-19,,
1472,Pending Customer Response,Low,2020-06-10,,
1473,Open,Medium,2020-08-10,,
1474,Open,Critical,2021-01-24,,
1475,Pending Customer Response,High,2021-09-13,,
1476,Pending Customer Response,Critical,2020-09-07,,
1477,Pending Customer Response,High,2021-09-20,,
1478,Open,Critical,2020-08-02,,
1479,Pending Customer Response,Medium,2021-01-13,,
1480,Pending Customer Response,High,2020-10-01,,
1481,Closed,Medium,2020-10-02,2023-06-01 08:01:36,23336.02666666667
1482,Closed,Medium,2021-04-07,2023-06-01 02:13:38,18842.227222222224
1483,Pending Customer Response,Medium,2020-02-21,,
1484,Closed,Critical,2021-05-25,2023-06-01 03:22:41,17691.378055555557
1485,Pending Customer Response,Low,2021-06-06,,
1486,Pending Customer Response,Low,2021-11-29,,
1487,Closed,High,2020-03-27,2023-06-01 02:27:44,27866.46222222222
1488,Closed,Low,2020-06-09,2023-06-01 14:56:45,26102.945833333335
1489,Pending Customer Response,Medium,2021-10-25,,
1490,Closed,Low,2021-05-12,2023-06-01 13:29:49,18013.496944444443
1491,Closed,High,2020-09-06,2023-06-01 01:27:51,23953.46416666667
1492,Closed,Critical,2020-01-25,2023-06-01 22:03:53,29374.06472222222
1493,Closed,Medium,2020-07-03,2023-06-01 20:57:54,25532.965
1494,Closed,Low,2020-02-21,2023-06-01 14:18:56,28718.315555555557
1495,Pending Customer Response,High,2020-07-28,,
1496,Closed,Low,2021-12-24,2023-06-01 19:24:59,12595.416388888889
1497,Open,Medium,2021-06-07,,
1498,Pending Customer Response,Low,2021-03-05,,
1499,Closed,High,2020-10-21,2023-06-01 10:36:04,22882.60111111111
1500,Pending Customer Response,Critical,2020-07-22,,
1501,Open,Critical,2020-03-30,,
1502,Pending Customer Response,High,2021-05-27,,
1503,Pending Customer Response,Critical,2021-10-20,,
1504,Closed,High,2020-01-09,2023-06-01 16:13:12,29752.22
1505,Pending Customer Response,Critical,2020-12-05,,
1506,Open,Medium,2020-06-08,,
1507,Pending Customer Response,High,2020-01-11,,
1508,Pending Customer Response,Medium,2020-04-01,,
1509,Pending Customer Response,Low,2021-12-07,,
1510,Open,Critical,2020-04-24,,
1511,Open,Medium,2020-01-22,,
1512,Open,Medium,2021-03-02,,
1513,Pending Customer Response,Low,2020-06-09,,
1514,Closed,Low,2021-07-02,2023-06-01 04:44:26,16780.740555555556
1515,Open,Low,2020-04-16,,
1516,Pending Customer Response,Critical,2020-09-13,,
1517,Open,High,2020-12-26,,
1518,Pending Customer Response,High,2021-04-11,,
1519,Open,Low,2021-05-24,,
1520,Pending Customer Response,High,2021-12-20,,
1521,Open,High,2021-11-22,,
1522,Open,High,2021-07-23,,
1523,Pending Customer Response,Critical,2021-09-15,,
1524,Closed,Critical,2020-10-22,2023-06-01 19:18:39,22867.310833333333
1525,Pending Customer Response,Low,2020-08-14,,
1526,Pending Customer Response,Critical,2020-08-24,,
1527,Closed,High,2020-08-04,2023-06-01 14:51:44,24758.862222222222
1528,Closed,Low,2020-07-29,2023-06-01 00:04:45,24888.079166666666
1529,Closed,High,2021-09-07,2023-06-01 18:19:46,15186.329444444444
1530,Closed,Low,2021-03-09,2023-06-01 18:06:47,19554.113055555557
1531,Open,Critical,2020-03-18,,
1532,Open,Low,2021-05-13,,
1533,Closed,Low,2021-03-21,2023-06-01 09:42:53,19257.714722222223
1534,Pending Customer Response,Critical,2020-05-30,,
1535,Open,Low,2021-01-03,,
1536,Closed,Medium,2021-03-16,2023-06-01 19:43:56,19387.73222222222
1537,Pending Customer Response,Low,2021-02-16,,
1538,Open,Low,2020-10-07,,
1539,Open,Low,2020-06-09,,
1540,Pending Customer Response,High,2020-09-08,,
1541,Closed,Medium,2020-06-04,2023-06-01 07:52:59,26215.883055555554
1542,Open,Critical,2021-04-23,,
1543,Open,High,2020-03-22,,
1544,Pending Customer Response,Medium,2021-02-28,,
1545,Closed,Critical,2020-10-29,2023-06-01 15:07:03,22695.1175
1546,Open,Critical,2021-01-05,,
1547,Closed,High,2020-02-16,2023-05-31 23:21:07,28823.351944444443
1548,Pending Customer Response,Medium,2021-10-13,,
1549,Closed,Critical,2020-01-26,2023-06-01 15:29:09,29343.485833333332
1550,Pending Customer Response,Medium,2021-07-02,,
1551,Pending Customer Response,Medium,2021-06-24,,
1552,Open,High,2020-12-17,,
1553,Pending Customer Response,Medium,2021-07-17,,
1554,Closed,High,2020-11-23,2023-06-01 01:21:15,22081.354166666668
1555,Open,High,2021-11-13,,
1556,Open,High,2021-07-01,,
1557,Pending Customer Response,Critical,2021-05-21,,
1558,Closed,High,2021-10-01,2023-06-01 17:24:21,14609.405833333334
1559,Open,Medium,2021-02-15,,
1560,Pending Customer Response,Low,2020-05-28,,
1561,Pending Customer Response,High,2020-08-11,,
1562,Pending Customer Response,High,2020-02-29,,
1563,Open,High,2020-06-19,,
1564,Closed,High,2020-02-28,2023-06-01 10:48:28,28546.807777777776
1565,Open,Medium,2020-05-22,,
1566,Pending Customer Response,High,2021-05-26,,
1567,Pending Customer Response,Critical,2021-02-24,,
1568,Open,Critical,2020-03-19,,
1569,Closed,Critical,2021-12-26,2023-06-01 02:42:36,12530.71
1570,Open,Low,2021-12-06,,
1571,Open,Low,2021-09-05,,
1572,Pending Customer Response,High,2021-02-02,,
1573,Open,Critical,2021-12-04,,
1574,Closed,High,2020-09-30,2023-06-01 10:39:41,23386.66138888889
1575,Open,Low,2020-08-01,,
1576,Pending Customer Response,Medium,2021-12-03,,
1577,Pending Customer Response,Medium,2021-06-30,,
1578,Closed,Medium,2021-05-22,2023-06-01 11:45:47,17771.763055555555
1579,Pending Customer Response,Low,2021-01-19,,
1580,Open,Medium,2021-04-24,,
1581,Closed,Medium,2021-07-09,2023-06-01 00:23:50,16608.397222222222
1582,Open,High,2021-01-22,,
1583,Closed,Low,2020-06-19,2023-05-31 23:16:54,25847.281666666666
1584,Closed,Critical,2021-04-06,2023-06-01 11:20:55,18875.348611111112
1585,Pending Customer Response,Low,2020-05-16,,
1586,Pending Customer Response,Medium,2020-09-08,,
1587,Open,High,2020-08-23,,
1588,Open,Low,2021-10-14,,
1589,Closed,Low,2021-08-26,2023-06-01 14:48:01,15470.800277777778
1590,Closed,Low,2021-07-09,2023-06-01 11:33:01,16619.550277777777
1591,Closed,Low,2020-05-08,2023-05-31 23:04:03,26855.0675
1592,Open,Medium,2020-08-05,,
1593,Pending Customer Response,Critical,2021-05-10,,
1594,Closed,High,2020-04-29,2023-06-01 12:46:08,27084.768888888888
1595,Open,High,2020-07-18,,
1596,Closed,Medium,2021-11-30,2023-06-01 19:21:10,13171.352777777778
1597,Closed,High,2021-04-13,2023-06-01 15:16:11,18711.269722222223
1598,Open,Low,2020-06-06,,
1599,Closed,High,2021-03-01,2023-06-01 06:03:14,19734.053888888888
1600,Open,Medium,2020-04-14,,
1601,Pending Customer Response,Low,2020-09-12,,
1602,Closed,Critical,2020-02-10,2023-06-01 04:29:20,28972.48888888889
1603,Closed,Critical,2021-01-18,2023-06-01 07:38:20,20743.63888888889
1604,Closed,Low,2020-11-05,2023-06-01 08:09:22,22520.15611111111
1605,Pending Customer Response,Medium,2021-06-21,,
1606,Open,Low,2020-05-26,,
1607,Open,Medium,2021-11-29,,
1608,Pending Customer Response,Medium,2020-09-25,,
1609,Open,Low,2021-10-27,,
1610,Open,Medium,2020-09-11,,
1611,Pending Customer Response,Medium,2021-04-03,,
1612,Closed,Medium,2021-10-04,2023-06-01 05:31:33,14525.525833333333
1613,Closed,Medium,2021-01-28,2023-06-01 15:59:35,20511.993055555555
1614,Closed,Critical,2021-02-01,2023-06-01 07:34:37,20407.576944444445
1615,Closed,Low,2021-11-26,2023-05-31 23:36:37,13247.610277777778
1616,Pending Customer Response,Medium,2021-07-29,,
1617,Pending Customer Response,High,2020-05-05,,
1618,Closed,Critical,2020-10-13,2023-06-01 00:14:42,23064.245
1619,Closed,Critical,2021-05-18,2023-06-01 21:34:44,17877.57888888889
1620,Open,Medium,2020-07-07,,
1621,Open,Critical,2020-11-21,,
1622,Pending Customer Response,High,2021-07-04,,
1623,Closed,Low,2020-06-01,2023-06-01 14:11:50,26294.19722222222
1624,Closed,High,2020-02-22,2023-06-01 13:07:52,28693.13111111111
1625,Pending Customer Response,High,2020-03-06,,
1626,Pending Customer Response,Medium,2021-07-30,,
1627,Open,Critical,2021-03-18,,
1628,Pending Customer Response,Medium,2020-01-05,,
1629,Closed,Critical,2021-11-14,2023-06-01 02:18:59,13538.316388888888
1630,Closed,Critical,2021-05-07,2023-06-01 07:57:00,18127.95
1631,Open,Critical,2021-12-10,,
1632,Open,Low,2021-03-29,,
1633,Open,Low,2020-04-02,,
1634,Open,High,2021-09-24,,
1635,Open,Critical,2020-09-19,,
1636,Pending Customer Response,Medium,2021-07-14,,
1637,Pending Customer Response,High,2021-11-23,,
1638,Pending Customer Response,Low,2020-06-13,,
1639,Open,High,2020-07-17,,
1640,Open,Critical,2021-07-23,,
1641,Closed,Critical,2020-07-23,2023-06-01 14:11:15,25046.1875
1642,Pending Customer Response,Medium,2021-01-08,,
1643,Pending Customer Response,High,2021-09-05,,
1644,Pending Customer Response,Low,2021-01-12,,
1645,Open,Medium,2021-02-27,,
1646,Open,High,2021-05-24,,
1647,Open,Low,2020-12-10,,
1648,Closed,High,2021-04-01,2023-06-01 02:38:25,18986.640277777777
1649,Pending Customer Response,Critical,2020-02-09,,
1650,Closed,Critical,2021-12-17,2023-06-01 04:04:26,12748.073888888888
1651,Pending Customer Response,High,2020-06-29,,
1652,Closed,Low,2020-11-22,2023-06-01 12:18:30,22116.308333333334
1653,Closed,Low,2020-04-27,2023-06-01 05:42:31,27125.70861111111
1654,Closed,Low,2021-06-16,2023-05-31 22:42:32,17158.70888888889
1655,Open,High,2020-09-23,,
1656,Closed,High,2021-06-19,2023-06-01 14:02:35,17102.043055555554
1657,Open,Low,2021-02-15,,
1658,Pending Customer Response,Medium,2020-07-22,,
1659,Pending Customer Response,High,2020-04-22,,
1660,Closed,Critical,2020-04-11,2023-05-31 22:48:39,27502.810833333333
1661,Closed,High,2021-09-04,2023-06-01 19:08:40,15259.144444444444
1662,Open,Low,2021-06-10,,
1663,Closed,Medium,2021-09-30,2023-06-01 12:04:44,14628.07888888889
1664,Pending Customer Response,Critical,2021-06-12,,
1665,Closed,Medium,2021-10-12,2023-05-31 22:36:47,14326.613055555556
1666,Pending Customer Response,High,2021-09-21,,
1667,Open,Medium,2020-07-07,,
1668,Open,High,2020-10-26,,
1669,Closed,Medium,2020-12-07,2023-06-01 03:47:50,21747.797222222223
1670,Closed,High,2021-09-17,2023-06-01 21:15:52,14949.264444444445
1671,Open,Critical,2021-12-02,,
1672,Pending Customer Response,Low,2020-04-27,,
1673,Open,Medium,2021-05-08,,
1674,Closed,High,2020-05-05,2023-06-01 18:28:56,26946.48222222222
1675,Closed,Low,2021-01-07,2023-06-01 02:22:59,21002.383055555554
1676,Pending Customer Response,Medium,2020-06-28,,
1677,Closed,Low,2020-05-10,2023-06-01 13:53:01,26821.883611111112
1678,Pending Customer Response,Critical,2021-11-12,,
1679,Open,Critical,2021-09-20,,
1680,Closed,Critical,2021-06-23,2023-05-31 23:41:06,16991.685
1681,Open,Low,2021-10-01,,
1682,Open,Critical,2021-05-11,,
1683,Open,Critical,2020-12-11,,
1684,Open,Medium,2021-03-14,,
1685,Open,High,2021-11-03,,
1686,Closed,Low,2020-10-22,2023-06-01 11:17:15,22859.2875
1687,Closed,Medium,2020-12-21,2023-05-31 23:12:17,21407.20472222222
1688,Open,Medium,2020-10-31,,
1689,Pending Customer Response,Medium,2021-04-20,,
1690,Pending Customer Response,Medium,2021-11-17,,
1691,Pending Customer Response,Medium,2021-11-14,,
1692,Closed,High,2021-09-11,2023-06-01 21:36:23,15093.60638888889
1693,Open,High,2021-07-17,,
1694,Open,Low,2020-10-18,,
1695,Open,Medium,2021-11-29,,
1696,Open,Medium,2020-11-10,,
1697,Open,Critical,2020-12-17,,
1698,Open,Low,2021-03-06,,
1699,Pending Customer Response,Medium,2020-06-26,,
1700,Closed,Low,2021-03-03,2023-06-01 12:58:34,19692.97611111111
1701,Closed,Medium,2020-04-25,2023-06-01 15:48:35,27183.80972222222
1702,Pending Customer Response,High,2020-07-18,,
1703,Closed,Medium,2021-10-20,2023-06-01 20:37:39,14156.6275
1704,Closed,Medium,2021-10-02,2023-06-01 21:20:39,14589.344166666666
1705,Open,High,2021-10-08,,
1706,Closed,Low,2020-07-09,2023-06-01 04:35:43,25372.59527777778
1707,Pending Customer Response,High,2020-01-17,,
1708,Pending Customer Response,High,2021-01-05,,
1709,Pending Customer Response,Low,2021-10-01,,
1710,Closed,High,2020-02-18,2023-06-01 06:56:48,28782.946666666667
1711,Closed,High,2021-10-22,2023-05-31 23:44:49,14087.746944444445
1712,Pending Customer Response,Critical,2021-01-02,,
1713,Open,Medium,2020-11-30,,
1714,Pending Customer Response,Low,2021-07-07,,
1715,Closed,Critical,2021-01-09,2023-06-01 11:22:55,20963.381944444445
1716,Closed,Low,2020-09-13,2023-06-01 20:51:57,23804.865833333333
1717,Open,Medium,2021-07-22,,
1718,Closed,Medium,2020-11-28,2023-06-01 19:12:00,21979.2
1719,Closed,Medium,2021-05-10,2023-06-01 10:45:01,18058.750277777777
1720,Open,Medium,2021-03-31,,
1721,Open,High,2020-12-30,,
1722,Closed,Low,2020-06-06,2023-06-01 19:38:04,26179.634444444444
1723,Closed,High,2021-01-06,2023-05-31 22:37:05,21022.618055555555
1724,Open,Low,2020-01-17,,
1725,Closed,Critical,2021-08-14,2023-06-01 21:35:09,15765.585833333333
1726,Open,Low,2020-04-11,,
1727,Closed,Critical,2021-07-13,2023-06-01 09:45:12,16521.753333333334
1728,Pending Customer Response,Critical,2020-01-12,,
1729,Open,Critical,2020-07-25,,
1730,Open,High,2021-10-11,,
1731,Pending Customer Response,Critical,2020-09-08,,
1732,Closed,High,2020-01-09,2023-06-01 05:13:17,29741.221388888887
1733,Closed,Medium,2021-02-02,2023-06-01 10:44:19,20386.738611111112
1734,Pending Customer Response,Medium,2020-01-31,,
1735,Closed,Medium,2021-04-19,2023-06-01 08:08:22,18560.139444444445
1736,Pending Customer Response,Medium,2020-07-07,,
1737,Closed,High,2021-05-14,2023-06-01 07:29:24,17959.49
1738,Open,High,2020-04-27,,
1739,Pending Customer Response,High,2020-01-10,,
1740,Open,High,2021-10-13,,
1741,Open,High,2021-03-20,,
1742,Closed,High,2021-02-26,2023-06-01 10:24:31,19810.40861111111
1743,Closed,Medium,2021-07-29,2023-06-01 06:24:33,16134.409166666666
1744,Open,Critical,2020-04-21,,
1745,Pending Customer Response,Medium,2020-07-21,,
1746,Pending Customer Response,Critical,2020-11-14,,
1747,Pending Customer Response,High,2021-12-26,,
1748,Closed,High,2020-09-02,2023-06-01 06:14:39,24054.244166666667
1749,Open,Critical,2020-08-08,,
1750,Open,High,2020-02-03,,
1751,Pending Customer Response,Critical,2020-01-03,,
1752,Open,Low,2021-05-06,,
1753,Closed,Critical,2020-05-30,2023-05-31 23:49:46,26327.829444444444
1754,Open,Medium,2021-04-01,,
1755,Closed,High,2020-05-14,2023-06-01 16:39:48,26728.663333333334
1756,Closed,Low,2021-01-29,2023-06-01 18:45:50,20490.76388888889
1757,Open,Medium,2020-03-07,,
1758,Open,Low,2021-05-10,,
1759,Open,Medium,2021-09-25,,
1760,Pending Customer Response,Low,2021-10-22,,
1761,Open,Low,2020-09-12,,
1762,Closed,Medium,2020-06-10,2023-06-01 12:30:00,26076.5
1763,Pending Customer Response,Medium,2021-04-15,,
1764,Pending Customer Response,Critical,2021-07-25,,
1765,Closed,Low,2021-02-21,2023-06-01 22:11:03,19942.184166666666
1766,Closed,High,2021-03-20,2023-06-01 05:56:04,19277.934444444443
1767,Pending Customer Response,High,2020-07-16,,
1768,Closed,Low,2020-12-23,2023-06-01 20:08:08,21380.135555555556
1769,Pending Customer Response,Critical,2021-11-23,,
1770,Pending Customer Response,Low,2021-04-22,,
1771,Pending Customer Response,Critical,2020-09-24,,
1772,Open,Critical,2021-05-12,,
1773,Closed,Low,2020-08-13,2023-06-01 19:06:16,24547.104444444445
1774,Open,High,2021-11-25,,
1775,Pending Customer Response,Low,2021-01-05,,
1776,Open,High,2021-10-11,,
1777,Pending Customer Response,High,2020-02-09,,
1778,Open,High,2020-05-22,,
1779,Closed,High,2020-06-12,2023-06-01 10:09:24,26026.156666666666
1780,Pending Customer Response,Critical,2020-09-10,,
1781,Pending Customer Response,Low,2020-09-06,,
1782,Closed,High,2020-05-26,2023-06-01 18:43:28,26442.724444444444
1783,Closed,Low,2021-12-11,2023-06-01 00:51:29,12888.858055555556
1784,Closed,Critical,2021-08-01,2023-06-01 16:15:31,16072.25861111111
1785,Closed,Medium,2021-01-15,2023-06-01 05:04:33,20813.075833333332
1786,Closed,Low,2021-08-10,2023-06-01 15:40:33,15855.675833333333
1787,Open,High,2021-06-15,,
1788,Open,Medium,2020-10-16,,
1789,Pending Customer Response,Medium,2021-10-20,,
1790,Pending Customer Response,High,2020-06-24,,
1791,Open,Critical,2021-07-24,,
1792,Open,Low,2020-04-30,,
1793,Open,Critical,2020-02-23,,
1794,Pending Customer Response,Critical,2021-01-17,,
1795,Open,Critical,2020-11-04,,
1796,Open,High,2020-01-07,,
1797,Open,High,2020-06-03,,
1798,Pending Customer Response,High,2020-07-24,,
1799,Pending Customer Response,Low,2020-02-09,,
1800,Pending Customer Response,High,2021-02-26,,
1801,Pending Customer Response,Low,2021-01-15,,
1802,Open,Low,2021-10-06,,
1803,Pending Customer Response,Medium,2021-08-21,,
1804,Open,High,2020-04-02,,
1805,Closed,Critical,2021-12-04,2023-06-01 12:59:58,13068.999444444444
1806,Closed,Low,2021-03-28,2023-06-01 00:29:00,19080.483333333334
1807,Closed,Medium,2021-06-27,2023-06-01 11:28:01,16907.466944444444
1808,Closed,Medium,2020-02-24,2023-05-31 22:35:02,28630.58388888889
1809,Pending Customer Response,Medium,2020-11-22,,
1810,Pending Customer Response,High,2021-09-15,,
1811,Open,Low,2021-12-03,,
1812,Open,High,2021-11-25,,
1813,Closed,Critical,2021-12-17,2023-06-01 04:54:09,12748.9025
1814,Pending Customer Response,High,2020-02-18,,
1815,Open,Medium,2020-02-22,,
1816,Pending Customer Response,Medium,2020-04-19,,
1817,Open,Critical,2021-01-05,,
1818,Pending Customer Response,Low,2020-07-18,,
1819,Pending Customer Response,Medium,2021-08-17,,
1820,Closed,High,2020-08-20,2023-06-01 16:10:20,24376.172222222223
1821,Open,Medium,2021-08-13,,
1822,Pending Customer Response,Low,2021-02-21,,
1823,Open,High,2021-08-02,,
1824,Open,High,2020-10-13,,
1825,Closed,High,2020-01-16,2023-06-01 06:45:27,29574.7575
1826,Closed,High,2021-06-11,2023-06-01 06:25:29,17286.424722222222
1827,Pending Customer Response,High,2020-04-14,,
1828,Closed,Critical,2021-02-01,2023-06-01 12:11:30,20412.191666666666
1829,Pending Customer Response,Low,2020-10-13,,
1830,Open,Medium,2020-10-22,,
1831,Pending Customer Response,High,2020-07-16,,
1832,Pending Customer Response,Low,2021-11-14,,
1833,Open,Low,2020-12-04,,
1834,Open,Medium,2020-08-08,,
1835,Open,Critical,2021-07-10,,
1836,Closed,Critical,2021-08-22,2023-06-01 03:38:41,15555.644722222221
1837,Open,Critical,2021-03-31,,
1838,Closed,Medium,2020-01-20,2023-06-01 07:45:43,29479.761944444443
1839,Closed,Low,2020-08-22,2023-06-01 21:25:45,24333.429166666665
1840,Open,High,2020-10-07,,
1841,Open,Medium,2021-07-22,,
1842,Open,Medium,2021-04-20,,
1843,Open,Critical,2020-07-25,,
1844,Open,High,2020-12-04,,
1845,Open,Critical,2020-09-22,,
1846,Closed,Low,2020-07-09,2023-06-01 02:45:55,25370.765277777777
1847,Closed,High,2021-12-20,2023-06-01 04:34:57,12676.5825
1848,Open,Critical,2020-12-11,,
1849,Open,Medium,2020-05-09,,
1850,Open,Low,2020-10-13,,
1851,Pending Customer Response,Medium,2021-01-24,,
1852,Open,Medium,2020-08-16,,
1853,Closed,Low,2020-01-26,2023-06-01 11:49:05,29339.818055555555
1854,Closed,High,2021-10-16,2023-06-01 13:28:07,14245.468611111111
1855,Pending Customer Response,Medium,2020-08-09,,
1856,Pending Customer Response,High,2020-05-16,,
1857,Pending Customer Response,Critical,2020-04-24,,
1858,Closed,Critical,2020-12-04,2023-06-01 19:35:13,21835.586944444443
1859,Pending Customer Response,High,2020-01-27,,
1860,Pending Customer Response,Critical,2021-02-28,,
1861,Open,Medium,2020-11-17,,
1862,Closed,Medium,2020-08-24,2023-06-01 20:25:20,24284.422222222223
1863,Open,Medium,2021-02-22,,
1864,Open,Low,2020-10-19,,
1865,Closed,Medium,2020-07-17,2023-06-01 01:04:24,25177.073333333334
1866,Closed,Critical,2020-03-17,2023-06-01 00:20:24,28104.34
1867,Closed,Low,2020-03-25,2023-06-01 01:13:25,27913.223611111112
1868,Pending Customer Response,High,2021-06-29,,
1869,Open,Medium,2020-07-24,,
1870,Open,Critical,2020-12-08,,
1871,Pending Customer Response,Medium,2021-11-08,,
1872,Pending Customer Response,Low,2020-12-18,,
1873,Pending Customer Response,Low,2021-12-30,,
1874,Open,Medium,2021-04-02,,
1875,Pending Customer Response,Critical,2021-12-21,,
1876,Closed,Low,2021-01-31,2023-06-01 16:30:39,20440.510833333334
1877,Pending Customer Response,High,2021-02-11,,
1878,Pending Customer Response,Medium,2020-11-27,,
1879,Open,Medium,2021-09-08,,
1880,Pending Customer Response,High,2020-11-23,,
1881,Open,Low,2020-07-15,,
1882,Pending Customer Response,Low,2020-10-24,,
1883,Closed,High,2021-11-29,2023-06-01 07:14:51,13183.2475
1884,Open,Critical,2021-04-15,,
1885,Closed,High,2021-01-31,2023-06-01 11:21:52,20435.364444444444
1886,Pending Customer Response,Medium,2020-07-19,,
1887,Closed,High,2020-10-04,2023-06-01 05:05:53,23285.098055555554
1888,Closed,High,2021-09-11,2023-06-01 12:34:54,15084.581666666667
1889,Pending Customer Response,Medium,2021-08-15,,
1890,Pending Customer Response,Critical,2021-01-15,,
1891,Pending Customer Response,Low,2021-04-13,,
1892,Open,High,2020-07-22,,
1893,Open,Medium,2021-08-09,,
1894,Pending Customer Response,Low,2021-12-01,,
1895,Open,Low,2020-11-30,,
1896,Closed,Medium,2020-09-06,2023-06-01 00:18:08,23952.30222222222
1897,Closed,Medium,2020-03-17,2023-06-01 15:05:09,28119.085833333334
1898,Closed,Medium,2021-07-23,2023-06-01 06:11:10,16278.18611111111
1899,Pending Customer Response,Critical,2020-03-07,,
1900,Pending Customer Response,High,2021-04-26,,
1901,Pending Customer Response,Low,2021-05-26,,
1902,Closed,Low,2021-04-09,2023-06-01 08:32:17,18800.538055555557
1903,Closed,Medium,2021-04-04,2023-06-01 17:53:17,18929.888055555555
1904,Pending Customer Response,Low,2021-08-30,,
1905,Pending Customer Response,Low,2020-05-17,,
1906,Closed,Critical,2021-04-15,2023-06-01 07:30:20,18655.505555555555
1907,Pending Customer Response,High,2021-03-23,,
1908,Pending Customer Response,Low,2021-09-21,,
1909,Open,Critical,2021-08-10,,
1910,Pending Customer Response,Low,2021-04-05,,
1911,Open,Medium,2021-01-20,,
1912,Pending Customer Response,Low,2021-10-03,,
1913,Pending Customer Response,High,2020-12-09,,
1914,Pending Customer Response,Low,2020-01-18,,
1915,Pending Customer Response,High,2020-09-28,,
1916,Pending Customer Response,Low,2021-05-30,,
1917,Closed,Medium,2020-07-02,2023-06-01 11:28:35,25547.47638888889
1918,Closed,High,2020-02-24,2023-05-31 23:42:36,28631.71
1919,Closed,Critical,2021-12-22,2023-06-01 17:44:38,12641.743888888888
1920,Closed,High,2020-12-17,2023-06-01 19:36:39,21523.610833333332
1921,Open,Critical,2020-01-23,,
1922,Closed,Critical,2021-01-27,2023-06-01 16:42:43,20536.711944444443
1923,Open,Low,2021-04-25,,
1924,Open,Critical,2021-03-02,,
1925,Open,High,2021-09-12,,
1926,Closed,High,2020-04-30,2023-06-01 01:37:50,27049.630555555555
1927,Pending Customer Response,Low,2020-07-25,,
1928,Closed,Medium,2020-01-26,2023-06-01 21:18:54,29349.315
1929,Open,Critical,2020-07-13,,
1930,Pending Customer Response,Low,2020-12-15,,
1931,Pending Customer Response,Critical,2020-02-21,,
1932,Pending Customer Response,Medium,2020-05-13,,
1933,Closed,High,2021-11-04,2023-06-01 15:52:59,13791.883055555556
1934,Pending Customer Response,Medium,2020-01-04,,
1935,Open,Critical,2020-07-22,,
1936,Closed,High,2021-03-23,2023-06-01 10:40:04,19210.667777777777
1937,Pending Customer Response,High,2020-03-02,,
1938,Open,High,2021-09-04,,
1939,Closed,Critical,2020-10-10,2023-06-01 07:49:09,23143.819166666668
1940,Pending Customer Response,High,2021-07-25,,
1941,Closed,High,2020-02-09,2023-06-01 04:37:12,28996.62
1942,Open,Low,2021-08-13,,
1943,Pending Customer Response,Critical,2020-05-08,,
1944,Pending Customer Response,Critical,2020-01-07,,
1945,Closed,High,2020-12-14,2023-05-31 23:02:18,21575.038333333334
1946,Open,Low,2020-09-14,,
1947,Open,Medium,2020-09-27,,
1948,Open,Medium,2021-03-10,,
1949,Open,High,2021-04-05,,
1950,Closed,High,2021-09-23,2023-05-31 23:06:26,14783.107222222223
1951,Closed,High,2020-06-13,2023-06-01 03:57:26,25995.957222222223
1952,Open,Low,2021-06-10,,
1953,Pending Customer Response,High,2021-04-07,,
1954,Open,Low,2021-05-03,,
1955,Closed,Medium,2020-03-22,2023-06-01 15:32:33,27999.5425
1956,Pending Customer Response,High,2020-08-24,,
1957,Closed,Medium,2020-08-05,2023-06-01 08:45:36,24728.76
1958,Closed,Medium,2020-03-25,2023-06-01 07:13:37,27919.226944444443
1959,Open,Critical,2020-06-17,,
1960,Open,High,2020-03-08,,
1961,Pending Customer Response,Medium,2020-08-11,,
1962,Closed,Medium,2020-06-30,2023-06-01 13:51:43,25597.861944444445
1963,Open,Low,2021-01-19,,
1964,Pending Customer Response,Medium,2020-10-09,,
1965,Pending Customer Response,Medium,2021-03-03,,
1966,Closed,Medium,2021-04-26,2023-06-01 01:01:51,18385.030833333334
1967,Open,High,2020-02-23,,
1968,Closed,Critical,2021-10-21,2023-06-01 13:06:54,14125.115
1969,Pending Customer Response,High,2020-10-30,,
1970,Pending Customer Response,High,2021-07-11,,
1971,Pending Customer Response,Critical,2021-12-21,,
1972,Pending Customer Response,High,2021-09-29,,
1973,Pending Customer Response,High,2021-12-03,,
1974,Open,High,2020-03-17,,
1975,Pending Customer Response,High,2021-08-28,,
1976,Open,High,2021-01-25,,
1977,Open,Medium,2020-10-18,,
1978,Closed,High,2021-04-28,2023-06-01 17:17:08,18353.285555555554
1979,Closed,Low,2020-02-08,2023-06-01 05:41:09,29021.685833333333
1980,Open,Low,2021-05-16,,
1981,Closed,Low,2020-01-14,2023-06-01 21:07:12,29637.12
1982,Open,High,2020-03-28,,
1983,Open,Medium,2021-04-07,,
1984,Open,Low,2021-05-27,,
1985,Closed,High,2020-05-30,2023-06-01 10:07:19,26338.121944444443
1986,Open,Low,2021-06-22,,
1987,Pending Customer Response,Critical,2020-08-01,,
1988,Pending Customer Response,Medium,2021-06-28,,
1989,Open,Low,2021-02-02,,
1990,Pending Customer Response,High,2021-02-07,,
1991,Pending Customer Response,High,2021-07-04,,
1992,Closed,Low,2021-03-09,2023-06-01 13:00:26,19549.007222222222
1993,Pending Customer Response,Critical,2020-04-23,,
1994,Closed,Medium,2021-01-13,2023-06-01 13:12:30,20869.208333333332
1995,Closed,Medium,2020-01-22,2023-06-01 20:39:32,29444.658888888887
1996,Open,Medium,2021-10-17,,
1997,Pending Customer Response,Critical,2020-02-25,,
1998,Closed,Medium,2020-08-29,2023-06-01 10:59:36,24154.993333333332
1999,Pending Customer Response,High,2020-11-04,,
2000,Pending Customer Response,Medium,2020-06-27,,
2001,Open,Low,2021-08-14,,
2002,Pending Customer Response,Medium,2021-12-28,,
2003,Pending Customer Response,High,2021-02-21,,
2004,Closed,Critical,2020-07-28,2023-05-31 23:34:46,24911.579444444444
2005,Pending Customer Response,High,2020-06-04,,
2006,Pending Customer Response,Low,2021-07-04,,
2007,Open,High,2021-03-08,,
2008,Closed,Critical,2020-07-06,2023-06-01 15:48:50,25455.81388888889
2009,Open,Medium,2020-03-17,,
2010,Open,Critical,2021-05-22,,
2011,Open,High,2021-08-02,,
2012,Closed,Critical,2021-08-19,2023-06-01 08:43:55,15632.731944444444
2013,Open,Medium,2020-05-09,,
2014,Open,Medium,2021-06-01,,
2015,Open,Critical,2021-07-05,,
2016,Pending Customer Response,Low,2020-09-09,,
2017,Pending Customer Response,Critical,2020-06-04,,
2018,Pending Customer Response,High,2020-04-13,,
2019,Open,Medium,2020-11-01,,
2020,Open,Low,2021-11-10,,
2021,Pending Customer Response,Critical,2020-10-13,,
2022,Pending Customer Response,High,2021-12-05,,
2023,Closed,High,2021-02-20,2023-06-01 08:10:11,19952.16972222222
2024,Open,Critical,2020-04-07,,
2025,Open,Low,2020-09-26,,
2026,Pending Customer Response,High,2021-03-27,,
2027,Pending Customer Response,Low,2021-08-09,,
2028,Pending Customer Response,Critical,2021-10-06,,
2029,Pending Customer Response,High,2020-02-28,,
2030,Open,Medium,2021-03-08,,
2031,Closed,Critical,2020-05-19,2023-06-01 06:40:21,26598.6725
2032,Pending Customer Response,Medium,2021-10-22,,
2033,Open,High,2020-05-15,,
2034,Pending Customer Response,Medium,2020-02-14,,
2035,Open,Low,2021-01-04,,
2036,Closed,Medium,2021-04-17,2023-06-01 21:19:30,18621.325
2037,Closed,Critical,2020-09-23,2023-06-01 06:12:31,23550.20861111111
2038,Open,Critical,2021-12-02,,
2039,Open,Medium,2021-10-30,,
2040,Pending Customer Response,High,2021-11-02,,
2041,Open,Medium,2020-04-01,,
2042,Pending Customer Response,Medium,2020-03-20,,
2043,Pending Customer Response,Medium,2021-10-20,,
2044,Pending Customer Response,Medium,2020-07-02,,
2045,Pending Customer Response,High,2021-11-22,,
2046,Open,High,2020-04-26,,
2047,Pending Customer Response,Critical,2020-09-11,,
2048,Pending Customer Response,Medium,2021-02-01,,
2049,Open,Critical,2021-09-08,,
2050,Open,Medium,2021-10-21,,
2051,Pending Customer Response,Medium,2021-03-09,,
2052,Open,Critical,2020-06-27,,
2053,Open,Critical,2021-03-28,,
2054,Pending Customer Response,Critical,2021-08-06,,
2055,Open,High,2021-11-25,,
2056,Pending Customer Response,Low,2021-11-09,,
2057,Open,Medium,2020-01-10,,
2058,Open,Low,2020-10-10,,
2059,Open,Critical,2020-02-19,,
2060,Open,Low,2020-06-27,,
2061,Pending Customer Response,Critical,2020-07-23,,
2062,Closed,High,2020-03-24,2023-06-01 15:07:09,27951.119166666667
2063,Open,High,2021-10-12,,
2064,Closed,Low,2021-01-21,2023-06-01 07:48:11,20671.803055555556
2065,Open,Medium,2020-08-20,,
2066,Closed,High,2021-10-19,2023-06-01 01:54:15,14161.904166666667
2067,Pending Customer Response,Medium,2021-11-10,,
2068,Closed,High,2021-01-28,2023-06-01 10:13:18,20506.221666666668
2069,Pending Customer Response,Critical,2021-05-03,,
2070,Open,Critical,2020-08-09,,
2071,Open,Medium,2021-09-17,,
2072,Closed,High,2020-10-04,2023-05-31 22:48:24,23278.806666666667
2073,Pending Customer Response,Medium,2021-03-26,,
2074,Open,Critical,2021-07-20,,
2075,Closed,Critical,2021-09-28,2023-06-01 21:02:30,14685.041666666666
2076,Pending Customer Response,Medium,2020-09-03,,
2077,Pending Customer Response,Medium,2021-07-07,,
2078,Closed,Critical,2020-06-03,2023-05-31 23:52:34,26231.876111111113
2079,Open,Medium,2020-01-11,,
2080,Pending Customer Response,Critical,2021-03-05,,
2081,Open,High,2020-08-01,,
2082,Pending Customer Response,Critical,2020-10-11,,
2083,Closed,Critical,2020-03-09,2023-05-31 22:38:39,28294.644166666665
2084,Pending Customer Response,Critical,2020-02-02,,
2085,Open,Medium,2020-07-20,,
2086,Closed,High,2020-06-24,2023-06-01 21:48:44,25749.812222222223
2087,Pending Customer Response,High,2020-05-29,,
2088,Pending Customer Response,Critical,2020-06-09,,
2089,Pending Customer Response,Medium,2021-12-19,,
2090,Closed,Low,2020-12-24,2023-06-01 13:34:50,21349.580555555556
2091,Pending Customer Response,Medium,2020-04-23,,
2092,Closed,Medium,2021-10-21,2023-06-01 12:22:54,14124.381666666666
2093,Pending Customer Response,Low,2021-11-28,,
2094,Open,Low,2021-03-15,,
2095,Closed,High,2020-03-23,2023-06-01 00:18:59,27960.31638888889
2096,Pending Customer Response,High,2020-09-12,,
2097,Closed,Critical,2020-12-19,2023-06-01 18:31:02,21474.51722222222
2098,Closed,Medium,2021-05-07,2023-06-01 08:34:03,18128.5675
2099,Pending Customer Response,Medium,2021-12-05,,
2100,Pending Customer Response,Critical,2021-03-14,,
2101,Closed,Medium,2021-11-09,2023-05-31 23:04:07,13655.068611111112
2102,Closed,Critical,2020-08-21,2023-06-01 09:35:08,24345.585555555557
2103,Open,High,2021-12-12,,
2104,Closed,Medium,2021-08-29,2023-06-01 13:18:12,15397.303333333333
2105,Closed,Medium,2020-02-09,2023-06-01 12:48:14,29004.803888888888
2106,Open,High,2021-05-18,,
2107,Closed,Medium,2021-02-15,2023-06-01 02:13:17,20066.221388888887
2108,Pending Customer Response,High,2021-04-01,,
2109,Open,High,2020-06-01,,
2110,Closed,Low,2021-07-21,2023-06-01 22:29:21,16342.489166666666
2111,Open,Medium,2020-02-16,,
2112,Pending Customer Response,Critical,2020-07-10,,
2113,Pending Customer Response,Medium,2021-04-16,,
2114,Open,High,2020-02-24,,
2115,Pending Customer Response,Low,2020-05-16,,
2116,Closed,Low,2020-10-28,2023-06-01 09:41:29,22713.69138888889
2117,Open,Critical,2021-03-03,,
2118,Open,High,2020-04-06,,
2119,Pending Customer Response,Low,2021-07-15,,
2120,Pending Customer Response,Critical,2020-10-10,,
2121,Open,High,2020-03-07,,
2122,Pending Customer Response,Critical,2021-08-12,,
2123,Pending Customer Response,Medium,2021-06-15,,
2124,Open,Medium,2021-10-18,,
2125,Closed,High,2020-12-26,2023-06-01 03:59:44,21291.995555555557
2126,Open,High,2021-02-11,,
2127,Pending Customer Response,Low,2020-12-18,,
2128,Closed,Low,2021-09-14,2023-06-01 06:27:49,15006.46361111111
2129,Closed,Medium,2021-08-23,2023-06-01 20:47:49,15548.796944444444
2130,Closed,Critical,2020-07-07,2023-06-01 06:41:50,25422.69722222222
2131,Pending Customer Response,Low,2021-07-27,,
2132,Closed,Critical,2020-09-27,2023-06-01 03:11:54,23451.198333333334
2133,Open,Medium,2020-05-29,,
2134,Pending Customer Response,Critical,2021-06-05,,
2135,Closed,Low,2021-08-23,2023-06-01 07:29:58,15535.499444444444
2136,Open,High,2020-06-28,,
2137,Open,Critical,2021-05-19,,
2138,Pending Customer Response,Low,2020-03-19,,
2139,Closed,Critical,2020-01-20,2023-06-01 00:03:03,29472.050833333335
2140,Closed,Critical,2021-02-14,2023-06-01 11:26:05,20099.43472222222
2141,Open,Low,2020-06-13,,
2142,Open,High,2020-12-30,,
2143,Closed,Critical,2020-05-23,2023-06-01 11:24:10,26507.402777777777
2144,Pending Customer Response,High,2020-01-03,,
2145,Closed,High,2020-10-06,2023-06-01 17:18:13,23249.30361111111
2146,Open,Low,2020-05-07,,
2147,Open,Critical,2021-04-02,,
2148,Open,Critical,2020-10-07,,
2149,Open,High,2021-11-14,,
2150,Pending Customer Response,Medium,2021-10-06,,
2151,Pending Customer Response,Critical,2020-09-26,,
2152,Pending Customer Response,Low,2020-06-04,,
2153,Closed,Medium,2021-03-28,2023-06-01 03:43:23,19083.723055555554
2154,Pending Customer Response,High,2020-08-12,,
2155,Closed,Medium,2021-07-03,2023-06-01 18:42:26,16770.707222222223
2156,Closed,High,2021-05-05,2023-06-01 08:47:28,18176.79111111111
2157,Open,Low,2020-11-25,,
2158,Pending Customer Response,Critical,2020-10-21,,
2159,Pending Customer Response,Critical,2020-09-08,,
2160,Pending Customer Response,Low,2020-12-27,,
2161,Closed,Medium,2020-09-07,2023-06-01 08:03:36,23936.06
2162,Open,High,2021-07-22,,
2163,Closed,Low,2021-08-07,2023-06-01 20:17:38,15932.29388888889
2164,Open,Low,2021-08-20,,
2165,Open,Critical,2020-11-25,,
2166,Open,Low,2021-07-01,,
2167,Closed,Low,2021-10-09,2023-06-01 13:26:43,14413.445277777777
2168,Pending Customer Response,High,2021-11-24,,
2169,Open,Critical,2021-11-22,,
2170,Open,Medium,2020-01-02,,
2171,Pending Customer Response,Medium,2020-02-29,,
2172,Pending Customer Response,Medium,2020-01-06,,
2173,Pending Customer Response,Critical,2021-02-04,,
2174,Closed,Low,2021-11-01,2023-06-01 10:20:53,13858.348055555556
2175,Pending Customer Response,High,2020-11-30,,
2176,Pending Customer Response,Low,2020-09-19,,
2177,Open,High,2020-02-23,,
2178,Closed,High,2021-09-07,2023-06-01 02:47:57,15170.799166666666
2179,Open,Low,2020-08-11,,
2180,Closed,High,2021-07-19,2023-06-01 19:54:00,16387.9
2181,Open,High,2021-12-14,,
2182,Open,Critical,2020-10-19,,
2183,Pending Customer Response,High,2020-08-08,,
2184,Open,High,2020-10-17,,
2185,Closed,Medium,2021-01-02,2023-06-01 06:08:06,21126.135
2186,Open,Medium,2021-03-27,,
2187,Open,High,2021-03-09,,
2188,Closed,Low,2021-11-06,2023-06-01 00:19:11,13728.319722222222
2189,Pending Customer Response,Medium,2021-12-20,,
2190,Open,High,2020-06-30,,
2191,Open,High,2020-03-20,,
2192,Pending Customer Response,Low,2020-07-25,,
2193,Pending Customer Response,Medium,2020-01-27,,
2194,Closed,Medium,2020-08-29,2023-06-01 18:16:17,24162.27138888889
2195,Open,Critical,2020-11-23,,
2196,Pending Customer Response,Critical,2021-09-02,,
2197,Pending Customer Response,Medium,2021-08-21,,
2198,Closed,Low,2020-05-06,2023-06-01 06:56:22,26910.939444444444
2199,Open,Critical,2020-08-11,,
2200,Closed,Medium,2021-08-27,2023-06-01 01:38:25,15433.640277777778
2201,Pending Customer Response,Critical,2020-05-03,,
2202,Pending Customer Response,Low,2021-05-16,,
2203,Closed,Medium,2020-09-03,2023-06-01 20:24:30,24044.408333333333
2204,Open,Critical,2020-10-17,,
2205,Open,Medium,2020-05-01,,
2206,Pending Customer Response,High,2020-11-08,,
2207,Closed,Medium,2021-03-09,2023-06-01 10:29:37,19546.493611111113
2208,Closed,Medium,2021-11-03,2023-06-01 13:41:39,13813.694166666666
2209,Pending Customer Response,Low,2020-06-15,,
2210,Pending Customer Response,Medium,2020-08-22,,
2211,Pending Customer Response,Medium,2021-10-25,,
2212,Closed,High,2021-09-21,2023-06-01 17:40:44,14849.67888888889
2213,Open,High,2021-12-26,,
2214,Open,Medium,2020-11-07,,
2215,Open,Critical,2020-10-17,,
2216,Closed,High,2020-12-28,2023-05-31 22:39:49,21238.66361111111
2217,Closed,Critical,2020-02-05,2023-06-01 16:28:51,29104.480833333335
2218,Open,Critical,2020-01-08,,
2219,Open,High,2021-02-03,,
2220,Pending Customer Response,Medium,2021-07-10,,
2221,Open,Low,2020-01-19,,
2222,Closed,High,2020-05-26,2023-06-01 17:43:57,26441.7325
2223,Closed,High,2020-04-14,2023-06-01 04:09:58,27436.16611111111
2224,Pending Customer Response,Critical,2021-01-27,,
2225,Pending Customer Response,Critical,2021-02-07,,
2226,Closed,Critical,2021-01-12,2023-06-01 10:21:03,20890.350833333334
2227,Closed,Low,2020-09-23,2023-06-01 11:41:04,23555.684444444443
2228,Pending Customer Response,Critical,2020-12-21,,
2229,Closed,High,2020-10-03,2023-06-01 09:00:07,23313.001944444444
2230,Closed,Medium,2020-04-21,2023-06-01 07:23:09,27271.385833333334
2231,Open,High,2020-08-20,,
2232,Closed,Medium,2021-08-28,2023-06-01 12:24:11,15420.403055555556
2233,Open,Medium,2020-01-10,,
2234,Open,Low,2020-03-12,,
2235,Open,Critical,2020-11-04,,
2236,Open,Critical,2021-07-16,,
2237,Closed,Medium,2021-11-30,2023-06-01 21:03:19,13173.055277777778
2238,Open,High,2020-10-08,,
2239,Open,High,2020-05-17,,
2240,Pending Customer Response,Low,2020-12-16,,
2241,Pending Customer Response,High,2021-07-19,,
2242,Open,Low,2020-07-10,,
2243,Open,Critical,2021-05-13,,
2244,Open,Medium,2020-03-02,,
2245,Closed,High,2020-09-16,2023-06-01 00:52:29,23712.874722222223
2246,Closed,Medium,2020-09-06,2023-06-01 17:34:30,23969.575
2247,Closed,Low,2020-09-18,2023-05-31 22:48:32,23662.80888888889
2248,Closed,Critical,2020-10-27,2023-06-01 12:30:34,22740.509444444444
2249,Pending Customer Response,Medium,2021-05-27,,
2250,Closed,Critical,2021-07-26,2023-06-01 10:12:36,16210.21
2251,Open,High,2020-06-20,,
2252,Closed,High,2020-04-24,2023-06-01 15:21:38,27207.360555555555
2253,Closed,High,2020-09-21,2023-06-01 13:42:39,23605.710833333334
2254,Open,High,2021-11-30,,
2255,Closed,High,2021-04-09,2023-06-01 17:38:43,18809.645277777778
2256,Pending Customer Response,Critical,2021-04-22,,
2257,Pending Customer Response,High,2021-10-18,,
2258,Pending Customer Response,High,2020-09-29,,
2259,Pending Customer Response,High,2020-09-06,,
2260,Open,High,2021-04-18,,
2261,Open,Low,2021-04-24,,
2262,Closed,Medium,2020-02-16,2023-06-01 12:24:54,28836.415
2263,Closed,High,2021-11-12,2023-06-01 14:00:56,13598.015555555556
2264,Open,Low,2021-12-02,,
2265,Pending Customer Response,Low,2020-05-29,,
2266,Pending Customer Response,Medium,2020-01-24,,
2267,Closed,Critical,2021-12-13,2023-06-01 02:18:03,12842.300833333333
2268,Open,Low,2021-02-06,,
2269,Pending Customer Response,Medium,2021-11-01,,
2270,Closed,Critical,2020-08-27,2023-06-01 20:18:06,24212.301666666666
2271,Pending Customer Response,Critical,2021-05-17,,
2272,Closed,Low,2020-05-15,2023-06-01 08:41:09,26696.685833333333
2273,Pending Customer Response,Low,2020-05-22,,
2274,Closed,Medium,2021-07-25,2023-06-01 07:00:11,16231.003055555555
2275,Open,Critical,2020-11-28,,
2276,Open,Low,2021-09-18,,
2277,Closed,Low,2021-11-24,2023-06-01 21:35:16,13317.587777777779
2278,Pending Customer Response,Low,2020-12-26,,
2279,Open,Critical,2020-03-27,,
2280,Pending Customer Response,Critical,2021-08-08,,
2281,Closed,Low,2021-02-21,2023-06-01 01:10:22,19921.172777777778
2282,Pending Customer Response,Low,2021-03-14,,
2283,Pending Customer Response,Medium,2021-06-21,,
2284,Pending Customer Response,Low,2021-03-06,,
2285,Open,High,2021-08-24,,
2286,Closed,Critical,2020-02-16,2023-06-01 07:19:28,28831.324444444443
2287,Open,Critical,2020-04-15,,
2288,Pending Customer Response,Medium,2020-10-22,,
2289,Pending Customer Response,Low,2021-10-03,,
2290,Closed,Critical,2020-08-08,2023-06-01 13:10:33,24661.175833333335
2291,Open,Medium,2021-03-26,,
2292,Open,Medium,2020-06-02,,
2293,Open,Medium,2021-03-15,,
2294,Pending Customer Response,Medium,2021-02-04,,
2295,Closed,High,2021-02-04,2023-06-01 06:46:39,20334.7775
2296,Open,Medium,2020-12-24,,
2297,Pending Customer Response,Low,2021-07-06,,
2298,Pending Customer Response,Low,2020-07-26,,
2299,Pending Customer Response,Critical,2020-06-22,,
2300,Pending Customer Response,Medium,2020-06-12,,
2301,Pending Customer Response,Low,2020-06-06,,
2302,Open,Critical,2021-11-17,,
2303,Open,Low,2021-02-27,,
2304,Pending Customer Response,Critical,2021-04-18,,
2305,Open,Medium,2020-05-05,,
2306,Pending Customer Response,Medium,2020-09-09,,
2307,Closed,Critical,2020-02-27,2023-06-01 07:44:57,28567.74916666667
2308,Open,Medium,2021-01-22,,
2309,Open,High,2020-07-19,,
2310,Pending Customer Response,High,2020-12-22,,
2311,Pending Customer Response,Critical,2020-07-19,,
2312,Closed,High,2020-07-18,2023-06-01 20:03:05,25172.05138888889
2313,Pending Customer Response,Medium,2020-09-05,,
2314,Closed,High,2021-01-05,2023-05-31 23:52:06,21047.868333333332
2315,Closed,High,2020-01-05,2023-06-01 07:40:08,29839.66888888889
2316,Pending Customer Response,Critical,2020-03-27,,
2317,Pending Customer Response,Critical,2020-04-05,,
2318,Open,Low,2020-10-28,,
2319,Open,Medium,2020-08-02,,
2320,Open,Medium,2020-04-08,,
2321,Closed,Medium,2021-07-09,2023-06-01 17:41:16,16625.687777777777
2322,Closed,Medium,2021-10-24,2023-06-01 13:02:18,14053.038333333334
2323,Closed,High,2021-07-14,2023-06-01 15:05:20,16503.088888888888
2324,Closed,Low,2020-07-15,2023-06-01 21:42:22,25245.70611111111
2325,Closed,Low,2021-04-22,2023-06-01 17:05:23,18497.089722222223
2326,Pending Customer Response,Medium,2021-09-12,,
2327,Closed,Low,2020-12-05,2023-06-01 02:55:27,21794.924166666668
2328,Open,Medium,2021-03-28,,
2329,Closed,Critical,2021-06-22,2023-06-01 17:52:29,17033.874722222223
2330,Pending Customer Response,Critical,2021-06-13,,
2331,Pending Customer Response,Low,2020-02-15,,
2332,Open,Critical,2020-09-21,,
2333,Open,Critical,2020-11-26,,
2334,Pending Customer Response,Critical,2021-08-02,,
2335,Open,Low,2021-04-13,,
2336,Pending Customer Response,Medium,2021-06-24,,
2337,Pending Customer Response,Low,2021-06-27,,
2338,Closed,Critical,2020-07-31,2023-06-01 17:14:41,24857.24472222222
2339,Closed,Medium,2021-08-20,2023-06-01 02:59:43,15602.995277777778
2340,Pending Customer Response,Low,2020-01-27,,
2341,Closed,Low,2020-06-30,2023-06-01 21:29:45,25605.495833333334
2342,Closed,Medium,2021-11-04,2023-06-01 03:08:47,13779.146388888888
2343,Open,Critical,2020-02-14,,
2344,Open,Critical,2021-04-15,,
2345,Closed,Critical,2021-12-04,2023-06-01 10:33:49,13066.56361111111
2346,Closed,Critical,2021-09-01,2023-05-31 23:43:50,15311.730555555556
2347,Closed,Low,2021-01-22,2023-06-01 14:15:50,20654.26388888889
2348,Pending Customer Response,High,2020-09-29,,
2349,Pending Customer Response,Critical,2020-07-30,,
2350,Open,Low,2021-10-14,,
2351,Open,Critical,2020-07-15,,
2352,Closed,Medium,2021-11-08,2023-06-01 15:02:58,13695.049444444445
2353,Pending Customer Response,Medium,2021-12-22,,
2354,Open,Medium,2021-12-29,,
2355,Open,Medium,2021-05-25,,
2356,Pending Customer Response,Low,2021-02-26,,
2357,Pending Customer Response,Low,2021-10-19,,
2358,Closed,High,2021-04-19,2023-06-01 01:49:05,18553.818055555555
2359,Closed,Low,2021-01-26,2023-06-01 16:32:06,20560.535
2360,Open,Critical,2020-03-02,,
2361,Closed,Medium,2021-08-16,2023-06-01 15:12:10,15711.202777777778
2362,Closed,Medium,2021-11-05,2023-06-01 00:15:12,13752.253333333334
2363,Closed,Critical,2020-03-18,2023-06-01 14:10:13,28094.17027777778
2364,Open,Medium,2020-07-05,,
2365,Closed,High,2020-09-13,2023-06-01 14:20:17,23798.338055555556
2366,Pending Customer Response,Low,2021-12-25,,
2367,Open,Critical,2020-11-22,,
2368,Closed,Critical,2020-07-14,2023-06-01 08:18:20,25256.305555555555
2369,Pending Customer Response,Low,2021-03-05,,
2370,Pending Customer Response,Low,2021-08-11,,
2371,Open,Critical,2020-10-29,,
2372,Closed,Low,2021-09-08,2023-06-01 17:08:26,15161.140555555556
2373,Closed,Medium,2020-01-27,2023-06-01 19:44:28,29323.74111111111
2374,Pending Customer Response,High,2021-08-30,,
2375,Pending Customer Response,High,2021-02-14,,
2376,Open,Medium,2021-02-14,,
2377,Open,High,2020-02-10,,
2378,Closed,Low,2021-03-10,2023-06-01 21:56:34,19533.94277777778
2379,Closed,Medium,2020-06-12,2023-06-01 10:32:35,26026.543055555554
2380,Open,High,2021-07-16,,
2381,Pending Customer Response,Low,2020-05-27,,
2382,Pending Customer Response,High,2021-02-23,,
2383,Open,Medium,2020-03-23,,
2384,Pending Customer Response,Medium,2020-02-09,,
2385,Open,Medium,2021-08-07,,
2386,Pending Customer Response,High,2021-05-18,,
2387,Open,Critical,2020-04-18,,
2388,Closed,Medium,2020-03-17,2023-06-01 11:17:48,28115.296666666665
2389,Open,Low,2020-08-10,,
2390,Open,Low,2021-05-29,,
2391,Closed,Critical,2020-04-02,2023-06-01 10:58:54,27730.981666666667
2392,Open,High,2020-06-11,,
2393,Closed,Medium,2020-09-22,2023-06-01 02:55:56,23570.93222222222
2394,Pending Customer Response,High,2020-09-15,,
2395,Closed,High,2020-10-27,2023-06-01 13:37:58,22741.632777777777
2396,Pending Customer Response,High,2021-05-18,,
2397,Open,Critical,2020-07-05,,
2398,Closed,High,2021-07-04,2023-05-31 22:54:02,16726.900555555556
2399,Open,Critical,2021-01-21,,
2400,Pending Customer Response,High,2020-06-05,,
2401,Open,Critical,2020-05-31,,
2402,Closed,Medium,2020-02-06,2023-06-01 15:34:07,29079.56861111111
2403,Closed,Low,2021-01-02,2023-06-01 20:53:09,21140.885833333334
2404,Closed,Low,2021-05-09,2023-05-31 22:48:11,18070.803055555556
2405,Pending Customer Response,Low,2021-06-21,,
2406,Open,Medium,2020-02-03,,
2407,Pending Customer Response,Medium,2021-01-03,,
2408,Open,Medium,2021-12-06,,
2409,Open,Critical,2021-06-14,,
2410,Closed,Low,2020-03-03,2023-06-01 19:30:19,28459.50527777778
2411,Closed,Critical,2021-04-25,2023-06-01 16:07:20,18424.12222222222
2412,Closed,Medium,2020-11-30,2023-06-01 15:30:20,21927.505555555555
2413,Closed,High,2021-12-24,2023-06-01 13:41:21,12589.689166666667
2414,Closed,Critical,2020-11-20,2023-06-01 07:51:23,22159.85638888889
2415,Pending Customer Response,Medium,2021-09-05,,
2416,Closed,Low,2020-07-22,2023-06-01 19:36:26,25075.60722222222
2417,Closed,Medium,2020-01-06,2023-06-01 09:07:26,29817.123888888887
2418,Open,High,2021-10-21,,
2419,Open,Critical,2021-02-27,,
2420,Pending Customer Response,Low,2021-03-24,,
2421,Closed,Low,2021-11-24,2023-06-01 08:08:33,13304.1425
2422,Closed,Critical,2021-05-02,2023-06-01 06:24:35,18246.409722222223
2423,Open,Medium,2021-01-28,,
2424,Pending Customer Response,Low,2020-06-09,,
2425,Pending Customer Response,High,2020-04-21,,
2426,Closed,Critical,2021-11-07,2023-06-01 03:30:40,13707.511111111111
2427,Open,Low,2021-07-28,,
2428,Pending Customer Response,Critical,2021-02-17,,
2429,Open,Low,2020-07-09,,
2430,Open,Medium,2021-09-16,,
2431,Closed,High,2020-03-19,2023-06-01 03:31:46,28059.529444444444
2432,Open,Low,2020-07-16,,
2433,Open,Medium,2020-07-20,,
2434,Pending Customer Response,High,2020-06-19,,
2435,Pending Customer Response,Medium,2020-05-18,,
2436,Open,Medium,2020-01-23,,
2437,Pending Customer Response,Low,2021-09-15,,
2438,Open,Critical,2020-04-14,,
2439,Closed,High,2021-12-21,2023-06-01 17:24:58,12665.416111111112
2440,Pending Customer Response,Critical,2020-01-16,,
2441,Closed,Low,2021-02-03,2023-06-01 01:40:00,20353.666666666668
2442,Closed,High,2020-11-23,2023-06-01 10:47:00,22090.783333333333
2443,Pending Customer Response,Medium,2020-08-26,,
2444,Pending Customer Response,Critical,2021-06-18,,
2445,Pending Customer Response,Medium,2020-03-28,,
2446,Pending Customer Response,Low,2020-06-18,,
2447,Open,Medium,2021-02-08,,
2448,Pending Customer Response,Low,2021-08-19,,
2449,Open,Low,2021-03-30,,
2450,Closed,Low,2021-07-25,2023-06-01 10:21:12,16234.353333333333
2451,Open,Critical,2021-07-04,,
2452,Closed,Low,2021-03-15,2023-06-01 08:54:15,19400.904166666667
2453,Pending Customer Response,Medium,2020-11-17,,
2454,Closed,High,2021-10-24,2023-06-01 02:03:17,14042.054722222223
2455,Open,Low,2020-05-21,,
2456,Closed,Low,2020-05-30,2023-06-01 16:29:19,26344.488611111112
2457,Open,Critical,2021-09-15,,
2458,Open,Low,2020-12-16,,
2459,Pending Customer Response,Low,2020-03-01,,
2460,Pending Customer Response,Critical,2020-11-05,,
2461,Closed,Low,2020-08-08,2023-05-31 23:42:28,24647.707777777778
2462,Pending Customer Response,Medium,2021-09-15,,
2463,Pending Customer Response,Medium,2020-05-04,,
2464,Pending Customer Response,Low,2021-04-13,,
2465,Closed,Critical,2020-09-26,2023-06-01 13:49:33,23485.825833333332
2466,Closed,Critical,2021-07-05,2023-06-01 04:08:35,16708.143055555556
2467,Closed,Medium,2020-12-18,2023-06-01 18:26:37,21498.44361111111
2468,Closed,Critical,2020-11-27,2023-06-01 01:02:38,21985.04388888889
2469,Open,Low,2020-06-29,,
2470,Closed,Critical,2020-01-05,2023-06-01 17:10:41,29849.178055555556
2471,Closed,Low,2021-10-16,2023-06-01 15:43:42,14247.728333333333
2472,Closed,Medium,2020-10-17,2023-06-01 01:25:44,22969.428888888888
2473,Closed,High,2021-10-19,2023-06-01 15:34:46,14175.579444444444
2474,Closed,Medium,2021-11-29,2023-06-01 18:11:47,13194.19638888889
2475,Pending Customer Response,High,2020-07-24,,
2476,Open,Low,2021-01-27,,
2477,Closed,High,2020-04-19,2023-06-01 21:56:52,27333.94777777778
2478,Pending Customer Response,Low,2021-04-28,,
2479,Closed,Medium,2021-05-17,2023-06-01 06:23:56,17886.39888888889
2480,Pending Customer Response,Low,2020-04-12,,
2481,Open,Critical,2021-07-17,,
2482,Pending Customer Response,Critical,2021-03-07,,
2483,Pending Customer Response,Critical,2020-08-01,,
2484,Pending Customer Response,Medium,2021-12-26,,
2485,Pending Customer Response,Medium,2021-07-30,,
2486,Closed,High,2021-10-20,2023-06-01 07:44:06,14143.735
2487,Open,Medium,2021-05-08,,
2488,Closed,Low,2020-08-02,2023-06-01 02:30:08,24794.50222222222
2489,Closed,Critical,2020-12-16,2023-06-01 01:18:10,21529.30277777778
2490,Pending Customer Response,Critical,2020-01-06,,
2491,Pending Customer Response,High,2020-10-29,,
2492,Closed,Medium,2020-07-15,2023-06-01 05:50:14,25229.83722222222
2493,Closed,Critical,2020-06-27,2023-06-01 17:00:16,25673.004444444443
2494,Open,Medium,2021-02-17,,
2495,Pending Customer Response,Critical,2021-05-25,,
2496,Pending Customer Response,Low,2020-12-05,,
2497,Pending Customer Response,Medium,2021-04-18,,
2498,Pending Customer Response,Low,2020-07-22,,
2499,Pending Customer Response,Medium,2020-10-25,,
2500,Open,High,2021-08-08,,
2501,Open,Low,2020-12-31,,
2502,Pending Customer Response,Low,2020-05-22,,
2503,Open,Low,2020-03-24,,
2504,Pending Customer Response,Low,2021-05-17,,
2505,Open,Low,2021-08-01,,
2506,Pending Customer Response,High,2021-01-08,,
2507,Closed,High,2021-10-28,2023-06-01 20:23:38,13964.39388888889
2508,Open,High,2020-06-09,,
2509,Open,Critical,2021-05-16,,
2510,Open,Critical,2021-12-14,,
2511,Open,Medium,2020-01-30,,
2512,Pending Customer Response,Low,2021-12-12,,
2513,Open,Critical,2020-02-08,,
2514,Pending Customer Response,Medium,2020-05-09,,
2515,Pending Customer Response,High,2020-02-15,,
2516,Pending Customer Response,Low,2020-04-08,,
2517,Closed,Low,2021-12-10,2023-06-01 15:51:50,12927.863888888889
2518,Closed,Medium,2021-09-04,2023-06-01 05:09:51,15245.164166666667
2519,Open,Medium,2021-07-03,,
2520,Pending Customer Response,Critical,2020-04-10,,
2521,Pending Customer Response,Low,2020-04-18,,
2522,Pending Customer Response,Medium,2020-11-18,,
2523,Closed,Low,2021-12-11,2023-06-01 20:44:56,12908.74888888889
2524,Pending Customer Response,Medium,2021-12-17,,
2525,Pending Customer Response,High,2021-10-19,,
2526,Open,High,2020-06-21,,
2527,Pending Customer Response,Medium,2021-05-04,,
2528,Pending Customer Response,Low,2021-12-06,,
2529,Pending Customer Response,Medium,2021-12-12,,
2530,Closed,Critical,2020-01-08,2023-06-01 20:25:06,29780.418333333335
2531,Open,Medium,2021-08-16,,
2532,Closed,Critical,2021-04-17,2023-06-01 03:27:09,18603.4525
2533,Open,Low,2021-02-04,,
2534,Closed,Low,2021-07-20,2023-06-01 17:17:12,16361.286666666667
2535,Open,Critical,2020-08-25,,
2536,Closed,Critical,2020-07-02,2023-06-01 04:57:15,25540.954166666666
2537,Open,Medium,2021-05-02,,
2538,Pending Customer Response,High,2020-11-01,,
2539,Open,Medium,2021-09-27,,
2540,Closed,Critical,2020-01-13,2023-05-31 22:51:20,29638.855555555554
2541,Closed,Low,2021-01-23,2023-06-01 03:04:22,20619.07277777778
2542,Pending Customer Response,High,2020-12-23,,
2543,Pending Customer Response,Medium,2021-01-06,,
2544,Pending Customer Response,Medium,2021-01-16,,
2545,Closed,Critical,2021-06-28,2023-06-01 06:36:26,16878.60722222222
2546,Pending Customer Response,Medium,2021-05-24,,
2547,Open,Low,2021-10-16,,
2548,Closed,High,2020-05-08,2023-06-01 13:23:31,26869.391944444444
2549,Closed,Low,2021-12-06,2023-06-01 10:09:33,13018.159166666666
2550,Open,Critical,2020-02-04,,
2551,Pending Customer Response,Low,2021-07-02,,
2552,Pending Customer Response,Critical,2020-10-01,,
2553,Open,Low,2021-03-27,,
2554,Pending Customer Response,Critical,2021-04-21,,
2555,Closed,Critical,2020-07-09,2023-06-01 10:20:43,25378.34527777778
2556,Closed,High,2021-02-26,2023-06-01 01:22:44,19801.37888888889
2557,Closed,High,2021-11-28,2023-06-01 06:34:46,13206.579444444444
2558,Pending Customer Response,Critical,2021-11-13,,
2559,Open,Critical,2020-11-12,,
2560,Pending Customer Response,Critical,2021-08-12,,
2561,Pending Customer Response,Medium,2021-05-08,,
2562,Pending Customer Response,Low,2021-12-08,,
2563,Pending Customer Response,Low,2021-04-30,,
2564,Open,Medium,2020-10-04,,
2565,Open,High,2020-01-01,,
2566,Pending Customer Response,Low,2020-11-25,,
2567,Open,Medium,2020-12-19,,
2568,Closed,High,2021-06-29,2023-06-01 01:46:02,16849.76722222222
2569,Open,High,2021-01-07,,
2570,Pending Customer Response,High,2020-04-25,,
2571,Pending Customer Response,High,2021-04-17,,
2572,Pending Customer Response,Medium,2020-07-25,,
2573,Open,Critical,2021-02-23,,
2574,Closed,Critical,2021-12-05,2023-06-01 10:16:11,13042.269722222221
2575,Open,Medium,2020-06-12,,
2576,Closed,High,2021-11-07,2023-06-01 05:25:13,13709.420277777777
2577,Open,Low,2020-08-25,,
2578,Pending Customer Response,Low,2020-06-10,,
2579,Pending Customer Response,High,2021-05-09,,
2580,Closed,Medium,2021-07-15,2023-06-01 05:12:18,16469.205
2581,Pending Customer Response,Critical,2020-05-20,,
2582,Open,Low,2020-06-28,,
2583,Open,High,2020-02-17,,
2584,Pending Customer Response,High,2021-02-19,,
2585,Open,Low,2021-01-18,,
2586,Open,Medium,2021-08-21,,
2587,Closed,Medium,2020-03-18,2023-06-01 17:34:26,28097.573888888888
2588,Closed,Low,2020-09-13,2023-06-01 07:05:28,23791.091111111113
2589,Closed,Low,2020-06-13,2023-06-01 06:51:28,25998.85777777778
2590,Closed,Medium,2020-01-10,2023-06-01 15:31:30,29727.525
2591,Closed,Low,2020-05-23,2023-06-01 00:52:31,26496.875277777777
2592,Pending Customer Response,Low,2021-06-07,,
2593,Pending Customer Response,Low,2020-07-12,,
2594,Pending Customer Response,Low,2020-12-24,,
2595,Open,Low,2020-06-25,,
2596,Pending Customer Response,High,2021-09-03,,
2597,Closed,Low,2020-07-28,2023-06-01 08:57:39,24920.960833333334
2598,Pending Customer Response,Critical,2020-02-18,,
2599,Open,Medium,2020-05-12,,
2600,Pending Customer Response,Medium,2021-02-05,,
2601,Open,Medium,2020-02-11,,
2602,Pending Customer Response,Medium,2021-11-24,,
2603,Pending Customer Response,Medium,2020-12-23,,
2604,Open,Low,2021-10-19,,
2605,Pending Customer Response,Critical,2020-02-16,,
2606,Pending Customer Response,Low,2021-01-30,,
2607,Pending Customer Response,Critical,2021-01-24,,
2608,Closed,Low,2020-03-12,2023-06-01 19:53:53,28243.898055555557
2609,Pending Customer Response,Low,2020-05-26,,
2610,Closed,Low,2020-08-09,2023-06-01 10:15:57,24634.265833333335
2611,Open,Medium,2020-12-10,,
2612,Closed,High,2020-04-06,2023-06-01 22:01:00,27646.016666666666
2613,Closed,Critical,2020-04-19,2023-06-01 02:47:01,27314.78361111111
2614,Open,Critical,2020-05-03,,
2615,Pending Customer Response,High,2020-09-18,,
2616,Open,Low,2021-01-18,,
2617,Open,High,2020-02-22,,
2618,Pending Customer Response,Critical,2021-10-20,,
2619,Closed,Critical,2020-01-19,2023-06-01 04:22:09,29500.369166666667
2620,Pending Customer Response,Critical,2020-11-24,,
2621,Open,High,2021-12-21,,
2622,Closed,Low,2021-04-28,2023-06-01 09:01:13,18345.020277777778
2623,Open,Medium,2020-04-23,,
2624,Pending Customer Response,Low,2020-09-26,,
2625,Pending Customer Response,Critical,2021-06-02,,
2626,Open,Medium,2020-07-17,,
2627,Pending Customer Response,High,2020-08-31,,
2628,Pending Customer Response,Low,2021-03-02,,
2629,Closed,High,2021-11-16,2023-06-01 01:18:23,13489.306388888888
2630,Closed,Critical,2020-12-08,2023-06-01 18:47:25,21738.790277777778
2631,Closed,High,2021-04-28,2023-06-01 12:10:26,18348.17388888889
2632,Pending Customer Response,High,2020-01-26,,
2633,Open,High,2020-09-14,,
2634,Open,High,2020-08-18,,
2635,Open,Medium,2021-08-12,,
2636,Open,Medium,2021-07-22,,
2637,Closed,Medium,2020-12-20,2023-06-01 12:20:34,21444.342777777776
2638,Closed,Low,2021-06-25,2023-06-01 15:54:35,16959.909722222223
2639,Closed,Critical,2020-05-16,2023-06-01 17:39:36,26681.66
2640,Open,Low,2020-06-20,,
2641,Open,High,2021-07-08,,
2642,Open,High,2021-04-14,,
2643,Pending Customer Response,Low,2020-11-10,,
2644,Closed,High,2021-08-03,2023-06-01 04:17:45,16012.295833333334
2645,Closed,Medium,2021-02-05,2023-06-01 18:45:45,20322.7625
2646,Closed,Low,2020-12-11,2023-06-01 22:25:46,21670.429444444446
2647,Open,Medium,2021-12-08,,
2648,Pending Customer Response,Medium,2020-01-29,,
2649,Closed,Low,2021-11-04,2023-06-01 21:43:48,13797.73
2650,Closed,High,2021-01-03,2023-06-01 19:31:50,21115.530555555557
2651,Closed,Critical,2021-09-13,2023-06-01 02:10:52,15026.181111111111
2652,Closed,Critical,2020-05-10,2023-06-01 18:55:52,26826.931111111113
2653,Open,Medium,2021-06-26,,
2654,Pending Customer Response,High,2020-04-14,,
2655,Open,Low,2020-06-02,,
2656,Pending Customer Response,Low,2020-01-01,,
2657,Closed,Medium,2021-11-13,2023-06-01 02:48:56,13562.815555555555
2658,Pending Customer Response,Low,2021-04-05,,
2659,Open,Medium,2020-10-14,,
2660,Pending Customer Response,Low,2021-11-24,,
2661,Closed,High,2021-04-21,2023-05-31 22:51:02,18502.850555555557
2662,Closed,Low,2020-02-06,2023-06-01 12:34:02,29076.567222222224
2663,Pending Customer Response,Low,2021-09-01,,
2664,Open,Medium,2021-01-13,,
2665,Pending Customer Response,High,2020-11-22,,
2666,Pending Customer Response,Medium,2021-05-23,,
2667,Open,Low,2020-02-01,,
2668,Open,High,2020-05-13,,
2669,Open,High,2021-03-10,,
2670,Pending Customer Response,Critical,2020-07-21,,
2671,Closed,Medium,2021-11-03,2023-06-01 01:39:16,13801.654444444444
2672,Pending Customer Response,Medium,2021-06-03,,
2673,Pending Customer Response,Low,2020-04-03,,
2674,Closed,Medium,2020-08-13,2023-06-01 01:04:21,24529.0725
2675,Pending Customer Response,Critical,2020-04-05,,
2676,Open,Medium,2021-12-14,,
2677,Open,High,2020-06-09,,
2678,Open,Low,2021-08-01,,
2679,Closed,Critical,2021-06-28,2023-06-01 13:59:27,16885.990833333333
2680,Closed,Low,2020-11-12,2023-06-01 19:18:28,22363.307777777776
2681,Open,Low,2020-03-09,,
2682,Pending Customer Response,Critical,2021-09-02,,
2683,Closed,Medium,2020-10-03,2023-06-01 09:07:31,23313.125277777777
2684,Closed,Critical,2021-06-19,2023-06-01 03:19:33,17091.325833333332
2685,Open,High,2021-12-24,,
2686,Open,High,2020-02-07,,
2687,Closed,High,2021-03-02,2023-06-01 06:43:38,19710.727222222224
2688,Pending Customer Response,High,2021-05-23,,
2689,Open,Low,2021-03-23,,
2690,Open,Low,2020-09-01,,
2691,Open,Low,2020-06-22,,
2692,Open,High,2021-03-09,,
2693,Pending Customer Response,High,2021-12-15,,
2694,Pending Customer Response,Medium,2020-10-19,,
2695,Pending Customer Response,High,2020-01-17,,
2696,Closed,Medium,2020-04-12,2023-06-01 17:04:52,27497.08111111111
2697,Open,Medium,2021-01-14,,
2698,Pending Customer Response,Critical,2020-02-05,,
2699,Closed,Low,2021-02-08,2023-05-31 23:08:56,20231.14888888889
2700,Open,Low,2020-06-16,,
2701,Closed,Critical,2021-07-22,2023-06-01 13:34:58,16309.582777777778
2702,Closed,Critical,2020-07-20,2023-06-01 05:46:58,25109.78277777778
2703,Closed,Critical,2020-07-01,2023-06-01 15:28:00,25575.466666666667
2704,Pending Customer Response,High,2021-10-03,,
2705,Closed,Low,2020-10-28,2023-06-01 05:36:03,22709.600833333334
2706,Open,Critical,2021-01-06,,
2707,Pending Customer Response,Medium,2020-11-19,,
2708,Open,Critical,2020-01-22,,
2709,Open,Low,2021-07-17,,
2710,Pending Customer Response,Critical,2020-12-08,,
2711,Pending Customer Response,High,2021-10-15,,
2712,Closed,Medium,2020-04-16,2023-06-01 15:39:14,27399.65388888889
2713,Open,Low,2020-02-04,,
2714,Open,Medium,2021-08-14,,
2715,Pending Customer Response,Medium,2020-02-12,,
2716,Closed,Low,2020-08-01,2023-06-01 21:41:19,24837.688611111113
2717,Pending Customer Response,High,2021-10-27,,
2718,Closed,Critical,2021-07-23,2023-06-01 08:19:21,16280.3225
2719,Open,Medium,2020-12-18,,
2720,Open,Low,2020-04-02,,
2721,Pending Customer Response,Low,2021-02-11,,
2722,Open,Medium,2020-01-18,,
2723,Pending Customer Response,Low,2020-02-05,,
2724,Open,Medium,2021-07-11,,
2725,Open,High,2020-09-12,,
2726,Pending Customer Response,Medium,2020-12-10,,
2727,Closed,Medium,2021-12-27,2023-06-01 00:38:34,12504.642777777777
2728,Open,Low,2021-10-28,,
2729,Closed,High,2020-08-26,2023-06-01 03:10:36,24219.176666666666
2730,Closed,Low,2021-01-09,2023-06-01 10:47:38,20962.79388888889
2731,Pending Customer Response,Critical,2020-11-27,,
2732,Pending Customer Response,Medium,2020-06-17,,
2733,Open,Critical,2020-11-11,,
2734,Closed,High,2020-05-20,2023-06-01 19:42:43,26587.711944444443
2735,Pending Customer Response,High,2020-06-07,,
2736,Pending Customer Response,Low,2020-06-19,,
2737,Closed,Low,2020-01-21,2023-06-01 19:51:46,29467.862777777777
2738,Open,Critical,2020-09-27,,
2739,Closed,Low,2020-07-11,2023-06-01 17:04:48,25337.08
2740,Closed,Medium,2020-12-08,2023-06-01 16:13:49,21736.230277777777
2741,Open,High,2021-08-19,,
2742,Closed,Critical,2021-02-26,2023-06-01 08:26:52,19808.44777777778
2743,Pending Customer Response,Critical,2020-07-30,,
2744,Pending Customer Response,Low,2021-08-29,,
2745,Pending Customer Response,Medium,2020-01-28,,
2746,Pending Customer Response,Critical,2020-07-26,,
2747,Pending Customer Response,Medium,2020-07-27,,
2748,Open,Low,2021-04-14,,
2749,Pending Customer Response,High,2020-08-10,,
2750,Pending Customer Response,Low,2021-10-26,,
2751,Pending Customer Response,Critical,2021-03-20,,
2752,Closed,Low,2020-02-21,2023-06-01 20:37:06,28724.618333333332
2753,Closed,Medium,2020-11-20,2023-06-01 16:06:07,22168.101944444443
2754,Closed,Low,2020-04-28,2023-06-01 17:52:09,27113.869166666667
2755,Closed,Critical,2020-01-27,2023-06-01 18:03:11,29322.053055555556
2756,Closed,High,2020-04-15,2023-06-01 01:14:12,27409.236666666668
2757,Pending Customer Response,Critical,2020-10-05,,
2758,Pending Customer Response,Critical,2020-05-08,,
2759,Pending Customer Response,Medium,2020-03-14,,
2760,Closed,Medium,2020-09-26,2023-06-01 09:02:16,23481.03777777778
2761,Pending Customer Response,High,2020-05-02,,
2762,Pending Customer Response,Critical,2020-05-02,,
2763,Closed,High,2021-02-19,2023-06-01 22:11:19,19990.188611111113
2764,Pending Customer Response,Critical,2020-06-11,,
2765,Pending Customer Response,Low,2021-06-26,,
2766,Pending Customer Response,Low,2020-11-10,,
2767,Closed,High,2020-10-20,2023-06-01 18:06:26,22914.10722222222
2768,Pending Customer Response,Medium,2021-11-05,,
2769,Open,Medium,2020-03-19,,
2770,Open,Critical,2021-12-29,,
2771,Closed,Critical,2020-10-09,2023-06-01 14:00:31,23174.008611111112
2772,Open,Medium,2020-06-26,,
2773,Closed,Critical,2021-01-25,2023-06-01 14:20:33,20582.3425
2774,Closed,Low,2021-04-18,2023-06-01 18:02:35,18594.043055555554
2775,Pending Customer Response,High,2021-07-26,,
2776,Pending Customer Response,Low,2021-03-25,,
2777,Pending Customer Response,Low,2021-01-30,,
2778,Open,Critical,2021-03-11,,
2779,Pending Customer Response,Low,2021-02-13,,
2780,Closed,Medium,2020-06-06,2023-06-01 20:51:44,26180.862222222222
2781,Closed,High,2021-03-12,2023-06-01 18:26:46,19482.446111111112
2782,Pending Customer Response,Medium,2021-10-26,,
2783,Open,Medium,2020-05-11,,
2784,Closed,High,2021-11-12,2023-06-01 16:34:51,13600.580833333333
2785,Pending Customer Response,High,2020-03-19,,
2786,Open,Critical,2021-07-22,,
2787,Pending Customer Response,Critical,2020-02-26,,
2788,Closed,Critical,2020-03-13,2023-06-01 05:39:56,28205.665555555555
2789,Open,Medium,2021-03-19,,
2790,Open,Critical,2021-11-08,,
2791,Open,Medium,2020-11-04,,
2792,Open,Medium,2021-03-19,,
2793,Pending Customer Response,Critical,2020-10-03,,
2794,Open,Low,2020-02-05,,
2795,Pending Customer Response,Medium,2021-01-14,,
2796,Closed,High,2020-10-24,2023-06-01 10:25:06,22810.418333333335
2797,Pending Customer Response,Medium,2021-06-29,,
2798,Pending Customer Response,Low,2021-06-13,,
2799,Open,High,2020-02-09,,
2800,Pending Customer Response,Low,2021-09-17,,
2801,Closed,Low,2021-11-20,2023-06-01 15:07:12,13407.12
2802,Closed,Critical,2020-01-08,2023-06-01 12:43:14,29772.720555555556
2803,Open,Low,2020-05-05,,
2804,Closed,Medium,2020-09-01,2023-06-01 10:32:15,24082.5375
2805,Pending Customer Response,High,2020-08-18,,
2806,Pending Customer Response,High,2021-01-28,,
2807,Pending Customer Response,Low,2020-07-25,,
2808,Closed,Critical,2021-03-30,2023-06-01 20:07:19,19052.121944444443
2809,Closed,Critical,2021-04-21,2023-06-01 18:41:21,18522.689166666667
2810,Closed,Low,2021-09-10,2023-06-01 14:32:23,15110.539722222222
2811,Closed,Critical,2020-09-27,2023-06-01 11:15:24,23459.256666666668
2812,Closed,Critical,2020-11-29,2023-06-01 14:10:25,21950.17361111111
2813,Open,Low,2021-05-21,,
2814,Pending Customer Response,Low,2020-09-05,,
2815,Open,Medium,2021-03-22,,
2816,Closed,High,2020-07-23,2023-06-01 01:42:31,25033.70861111111
2817,Pending Customer Response,Low,2021-12-10,,
2818,Closed,Low,2020-09-12,2023-06-01 07:27:33,23815.459166666667
2819,Closed,Medium,2020-04-03,2023-06-01 18:40:35,27714.67638888889
2820,Open,High,2021-03-06,,
2821,Closed,Critical,2021-10-18,2023-06-01 01:22:37,14185.376944444444
2822,Open,High,2021-05-02,,
2823,Closed,Critical,2021-01-09,2023-06-01 06:04:40,20958.077777777777
2824,Open,Low,2021-11-17,,
2825,Pending Customer Response,Medium,2021-05-16,,
2826,Open,Medium,2020-12-28,,
2827,Open,High,2021-04-19,,
2828,Open,High,2021-11-21,,
2829,Closed,Medium,2021-08-28,2023-06-01 09:16:51,15417.280833333334
2830,Pending Customer Response,Low,2020-05-14,,
2831,Pending Customer Response,Critical,2021-12-19,,
2832,Open,Critical,2021-09-08,,
2833,Closed,Low,2020-05-31,2023-06-01 05:01:54,26309.031666666666
2834,Pending Customer Response,Medium,2021-05-25,,
2835,Open,Medium,2021-11-15,,
2836,Pending Customer Response,Medium,2021-08-01,,
2837,Pending Customer Response,Medium,2020-05-07,,
2838,Pending Customer Response,Low,2021-10-29,,
2839,Closed,Medium,2020-11-18,2023-06-01 10:29:02,22210.483888888888
2840,Closed,High,2020-01-09,2023-06-01 05:38:03,29741.634166666667
2841,Open,Medium,2021-02-17,,
2842,Closed,High,2021-12-08,2023-05-31 23:01:06,12959.018333333333
2843,Closed,Low,2021-09-13,2023-06-01 16:00:07,15040.001944444444
2844,Pending Customer Response,Critical,2021-06-03,,
2845,Pending Customer Response,High,2021-06-15,,
2846,Closed,High,2020-01-21,2023-06-01 08:19:12,29456.32
2847,Open,Critical,2020-08-05,,
2848,Closed,High,2020-06-20,2023-06-01 08:12:15,25832.204166666666
2849,Pending Customer Response,High,2020-05-24,,
2850,Closed,Critical,2020-08-28,2023-06-01 19:23:18,24187.388333333332
2851,Open,Critical,2020-03-16,,
2852,Open,Medium,2020-06-10,,
2853,Open,Low,2020-01-14,,
2854,Closed,Critical,2021-02-19,2023-06-01 03:29:24,19971.49
2855,Closed,High,2021-03-03,2023-06-01 03:30:25,19683.506944444445
2856,Open,Medium,2021-12-10,,
2857,Closed,High,2021-12-29,2023-06-01 21:11:27,12477.190833333334
2858,Open,High,2021-12-29,,
2859,Open,High,2021-07-14,,
2860,Closed,High,2021-06-22,2023-06-01 09:48:31,17025.80861111111
2861,Pending Customer Response,High,2021-02-16,,
2862,Pending Customer Response,Low,2021-08-13,,
2863,Closed,Medium,2021-01-26,2023-06-01 01:39:36,20545.66
2864,Open,Critical,2021-02-12,,
2865,Pending Customer Response,High,2021-10-14,,
2866,Pending Customer Response,Critical,2021-02-05,,
2867,Open,High,2021-04-20,,
2868,Pending Customer Response,High,2020-09-10,,
2869,Pending Customer Response,Critical,2020-09-07,,
2870,Pending Customer Response,Critical,2020-02-03,,
2871,Pending Customer Response,Critical,2020-01-21,,
2872,Closed,High,2020-12-16,2023-06-01 08:58:44,21536.97888888889
2873,Open,Medium,2021-02-24,,
2874,Open,High,2021-02-01,,
2875,Closed,Medium,2020-04-04,2023-06-01 15:08:49,27687.146944444445
2876,Pending Customer Response,Medium,2021-10-17,,
2877,Pending Customer Response,Medium,2020-06-10,,
2878,Closed,Medium,2020-05-09,2023-06-01 14:07:53,26846.131388888887
2879,Pending Customer Response,Critical,2020-08-14,,
2880,Open,Low,2021-03-22,,
2881,Closed,Low,2020-07-16,2023-06-01 06:32:57,25206.549166666668
2882,Open,Low,2021-05-25,,
2883,Open,High,2021-08-06,,
2884,Closed,Low,2021-01-04,2023-06-01 13:06:01,21085.10027777778
2885,Open,High,2020-01-23,,
2886,Open,Critical,2020-01-19,,
2887,Open,High,2020-09-12,,
2888,Pending Customer Response,Medium,2021-01-25,,
2889,Pending Customer Response,Low,2020-12-18,,
2890,Closed,Critical,2020-05-05,2023-06-01 15:17:08,26943.285555555554
2891,Pending Customer Response,Medium,2021-11-02,,
2892,Pending Customer Response,Low,2020-11-16,,
2893,Closed,High,2021-06-17,2023-05-31 23:58:12,17135.97
2894,Open,High,2021-05-21,,
2895,Pending Customer Response,Critical,2020-04-26,,
2896,Open,Critical,2021-03-02,,
2897,Pending Customer Response,High,2021-06-19,,
2898,Open,Critical,2020-08-14,,
2899,Open,Medium,2021-08-09,,
2900,Pending Customer Response,High,2021-12-08,,
2901,Closed,Low,2021-10-01,2023-05-31 22:53:25,14590.890277777778
2902,Pending Customer Response,Critical,2020-12-25,,
2903,Pending Customer Response,High,2020-09-28,,
2904,Closed,Low,2021-09-23,2023-06-01 17:22:29,14801.374722222223
2905,Closed,Low,2020-08-15,2023-06-01 03:48:29,24483.808055555557
2906,Pending Customer Response,Critical,2021-04-17,,
2907,Pending Customer Response,Critical,2020-11-12,,
2908,Pending Customer Response,Low,2021-06-28,,
2909,Closed,High,2020-02-06,2023-05-31 23:13:33,29063.225833333334
2910,Open,Low,2021-02-13,,
2911,Closed,Low,2021-08-25,2023-06-01 01:01:36,15481.026666666667
2912,Open,Low,2020-07-08,,
2913,Open,Low,2021-12-05,,
2914,Closed,High,2021-11-05,2023-06-01 11:42:42,13763.711666666666
2915,Closed,Low,2020-08-12,2023-06-01 14:51:43,24566.861944444445
2916,Pending Customer Response,High,2021-01-01,,
2917,Pending Customer Response,Low,2020-09-03,,
2918,Closed,High,2020-05-01,2023-06-01 11:35:47,27035.596388888887
2919,Pending Customer Response,Critical,2021-05-14,,
2920,Closed,High,2020-04-18,2023-06-01 04:48:49,27340.813611111113
2921,Open,High,2020-06-19,,
2922,Closed,Low,2020-12-17,2023-06-01 06:26:52,21510.44777777778
2923,Pending Customer Response,Medium,2021-12-02,,
2924,Open,Low,2021-05-16,,
2925,Pending Customer Response,Medium,2021-02-06,,
2926,Open,High,2020-09-15,,
2927,Pending Customer Response,Critical,2020-08-09,,
2928,Closed,Low,2021-09-20,2023-06-01 01:50:00,14857.833333333334
2929,Closed,Low,2021-06-14,2023-06-01 21:03:02,17229.050555555557
2930,Closed,High,2021-03-15,2023-06-01 17:26:04,19409.434444444443
2931,Pending Customer Response,High,2021-02-15,,
2932,Pending Customer Response,High,2021-08-10,,
2933,Open,High,2021-06-13,,
2934,Closed,High,2021-10-03,2023-06-01 06:19:09,14550.319166666666
2935,Closed,High,2020-10-28,2023-06-01 16:04:10,22720.069444444445
2936,Open,Medium,2020-07-14,,
2937,Pending Customer Response,Low,2021-06-02,,
2938,Closed,Critical,2020-09-18,2023-06-01 22:05:15,23686.0875
2939,Closed,Critical,2021-09-30,2023-06-01 10:09:16,14626.154444444444
2940,Open,High,2021-05-30,,
2941,Open,Medium,2021-10-24,,
2942,Pending Customer Response,High,2021-08-15,,
2943,Open,Medium,2021-03-03,,
2944,Open,Critical,2021-04-11,,
2945,Open,Critical,2021-10-18,,
2946,Open,High,2021-12-17,,
2947,Closed,Medium,2020-09-06,2023-06-01 13:33:28,23965.557777777776
2948,Open,Low,2020-04-09,,
2949,Open,Medium,2020-10-05,,
2950,Pending Customer Response,Medium,2021-10-14,,
2951,Pending Customer Response,Low,2020-04-28,,
2952,Pending Customer Response,High,2021-04-18,,
2953,Pending Customer Response,High,2021-12-11,,
2954,Pending Customer Response,Critical,2020-06-16,,
2955,Closed,Low,2021-08-03,2023-06-01 22:50:40,16030.844444444445
2956,Closed,High,2020-04-25,2023-06-01 10:04:43,27178.078611111112
2957,Open,Low,2021-10-12,,
2958,Pending Customer Response,Medium,2021-10-01,,
2959,Pending Customer Response,Medium,2021-02-07,,
2960,Open,High,2020-07-14,,
2961,Open,Low,2020-03-03,,
2962,Pending Customer Response,High,2021-04-23,,
2963,Pending Customer Response,Medium,2020-06-04,,
2964,Pending Customer Response,Medium,2021-05-05,,
2965,Pending Customer Response,Medium,2021-10-13,,
2966,Pending Customer Response,Low,2020-02-11,,
2967,Closed,Critical,2020-10-21,2023-06-01 21:09:54,22893.165
2968,Closed,Critical,2020-10-01,2023-06-01 14:14:55,23366.24861111111
2969,Closed,High,2020-10-31,2023-06-01 19:28:57,22651.4825
2970,Closed,Low,2020-09-05,2023-06-01 16:22:59,23992.383055555554
2971,Open,Medium,2021-06-16,,
2972,Open,Medium,2020-03-17,,
2973,Pending Customer Response,Medium,2020-10-27,,
2974,Pending Customer Response,Critical,2021-04-15,,
2975,Closed,High,2020-02-13,2023-06-01 08:27:05,28904.45138888889
2976,Closed,Low,2021-06-10,2023-06-01 07:26:05,17311.43472222222
2977,Pending Customer Response,High,2020-09-13,,
2978,Pending Customer Response,Critical,2020-02-05,,
2979,Open,Medium,2021-11-12,,
2980,Pending Customer Response,Medium,2020-02-01,,
2981,Open,High,2020-09-26,,
2982,Pending Customer Response,Medium,2021-02-19,,
2983,Pending Customer Response,Critical,2021-04-12,,
2984,Open,Medium,2020-02-23,,
2985,Closed,Critical,2021-03-22,2023-06-01 16:26:17,19240.438055555554
2986,Pending Customer Response,Low,2020-02-01,,
2987,Open,High,2020-11-26,,
2988,Closed,Critical,2020-05-21,2023-06-01 04:42:19,26548.70527777778
2989,Closed,Critical,2020-10-26,2023-06-01 20:33:21,22772.555833333332
2990,Pending Customer Response,Medium,2021-07-01,,
2991,Open,Critical,2021-07-16,,
2992,Pending Customer Response,Medium,2021-09-30,,
2993,Closed,Medium,2021-11-27,2023-06-01 04:14:27,13228.240833333333
2994,Open,Low,2021-08-31,,
2995,Open,Medium,2021-01-01,,
2996,Closed,High,2020-04-02,2023-06-01 08:38:32,27728.64222222222
2997,Open,Critical,2021-11-04,,
2998,Pending Customer Response,High,2021-01-11,,
2999,Pending Customer Response,Medium,2020-05-27,,
3000,Closed,Medium,2020-03-07,2023-06-01 22:47:39,28366.794166666667
3001,Closed,Low,2020-04-28,2023-06-01 06:53:40,27102.894444444446
3002,Closed,Medium,2020-07-26,2023-06-01 16:23:41,24976.394722222223
3003,Pending Customer Response,Medium,2020-03-10,,
3004,Pending Customer Response,High,2020-07-21,,
3005,Pending Customer Response,Medium,2021-01-14,,
3006,Closed,Critical,2021-03-20,2023-06-01 05:15:45,19277.2625
3007,Open,Medium,2020-08-31,,
3008,Closed,Medium,2020-12-03,2023-06-01 19:50:49,21859.846944444445
3009,Closed,Low,2021-06-23,2023-06-01 21:41:50,17013.69722222222
3010,Pending Customer Response,High,2020-01-08,,
3011,Pending Customer Response,High,2021-04-01,,
3012,Closed,Medium,2020-04-17,2023-06-01 19:48:56,27379.815555555557
3013,Closed,High,2020-02-13,2023-06-01 03:59:58,28899.999444444446
3014,Closed,Critical,2021-03-07,2023-06-01 09:08:59,19593.14972222222
3015,Closed,High,2020-04-07,2023-05-31 23:48:01,27599.800277777777
3016,Open,Low,2021-07-24,,
3017,Open,Critical,2021-12-03,,
3018,Open,Critical,2021-07-29,,
3019,Open,Low,2020-09-16,,
3020,Closed,High,2020-01-07,2023-06-01 13:00:06,29797.001666666667
3021,Pending Customer Response,Medium,2020-04-04,,
3022,Closed,High,2021-08-21,2023-06-01 14:45:10,15590.752777777778
3023,Closed,Critical,2020-03-07,2023-06-01 05:44:12,28349.736666666668
3024,Open,Low,2020-02-17,,
3025,Pending Customer Response,Low,2020-07-06,,
3026,Pending Customer Response,High,2020-10-06,,
3027,Open,Critical,2020-02-24,,
3028,Pending Customer Response,Low,2021-10-24,,
3029,Open,High,2021-08-20,,
3030,Closed,Critical,2021-10-02,2023-06-01 07:25:23,14575.423055555555
3031,Closed,High,2020-11-17,2023-06-01 19:45:23,22243.756388888887
3032,Closed,Critical,2020-08-24,2023-06-01 06:46:25,24270.77361111111
3033,Pending Customer Response,High,2020-06-14,,
3034,Closed,High,2020-01-16,2023-06-01 20:12:28,29588.207777777778
3035,Closed,Critical,2021-06-15,2023-06-01 09:18:29,17193.308055555557
3036,Pending Customer Response,High,2021-06-02,,
3037,Closed,Low,2020-06-19,2023-06-01 17:07:32,25865.125555555554
3038,Open,High,2021-08-09,,
3039,Open,Medium,2020-02-18,,
3040,Pending Customer Response,Critical,2021-02-07,,
3041,Closed,High,2020-11-13,2023-06-01 10:57:38,22330.960555555557
3042,Closed,Critical,2020-05-07,2023-06-01 12:15:39,26892.260833333334
3043,Pending Customer Response,High,2020-10-11,,
3044,Pending Customer Response,Medium,2020-05-10,,
3045,Closed,Low,2021-04-18,2023-06-01 06:44:43,18582.745277777776
3046,Closed,Medium,2020-02-11,2023-06-01 16:50:45,28960.845833333333
3047,Pending Customer Response,High,2020-05-07,,
3048,Open,Critical,2021-02-11,,
3049,Closed,Critical,2020-04-12,2023-06-01 02:20:50,27482.347222222223
3050,Open,Low,2020-05-15,,
3051,Closed,Medium,2020-04-07,2023-06-01 03:44:53,27603.748055555556
3052,Open,High,2021-12-21,,
3053,Closed,Medium,2020-01-07,2023-06-01 16:44:56,29800.748888888887
3054,Pending Customer Response,Critical,2021-11-12,,
3055,Closed,High,2021-03-10,2023-06-01 05:12:59,19517.21638888889
3056,Pending Customer Response,Critical,2020-10-02,,
3057,Pending Customer Response,Critical,2021-08-11,,
3058,Open,Critical,2021-10-10,,
3059,Open,Low,2020-08-08,,
3060,Closed,Critical,2021-08-07,2023-06-01 22:04:06,15934.068333333333
3061,Open,Critical,2021-02-06,,
3062,Open,Low,2020-01-31,,
3063,Closed,Low,2020-03-04,2023-06-01 10:34:08,28426.568888888887
3064,Closed,Medium,2020-12-01,2023-06-01 18:33:10,21906.55277777778
3065,Open,Medium,2020-07-02,,
3066,Closed,Critical,2021-04-04,2023-06-01 07:21:13,18919.35361111111
3067,Closed,Low,2020-04-23,2023-06-01 11:04:15,27227.070833333335
3068,Open,High,2020-02-04,,
3069,Open,Low,2020-04-14,,
3070,Closed,Critical,2020-11-20,2023-06-01 00:04:18,22152.071666666667
3071,Closed,Critical,2020-09-12,2023-06-01 19:30:20,23827.505555555555
3072,Pending Customer Response,Critical,2021-05-24,,
3073,Pending Customer Response,High,2021-06-08,,
3074,Open,Medium,2021-12-07,,
3075,Closed,Medium,2021-08-25,2023-06-01 03:37:25,15483.62361111111
3076,Closed,Critical,2021-01-12,2023-06-01 14:57:26,20894.957222222223
3077,Open,Low,2021-12-29,,
3078,Open,High,2020-05-13,,
3079,Closed,Low,2021-08-12,2023-06-01 13:01:31,15805.025277777779
3080,Pending Customer Response,Critical,2021-12-12,,
3081,Closed,High,2020-06-21,2023-06-01 09:24:35,25809.409722222223
3082,Pending Customer Response,High,2021-07-05,,
3083,Open,Critical,2020-09-23,,
3084,Open,Low,2020-02-19,,
3085,Open,Critical,2021-05-22,,
3086,Pending Customer Response,Critical,2020-09-25,,
3087,Open,Medium,2020-02-08,,
3088,Pending Customer Response,Medium,2020-01-23,,
3089,Pending Customer Response,High,2021-03-15,,
3090,Pending Customer Response,Critical,2020-08-08,,
3091,Closed,High,2020-03-10,2023-06-01 12:27:47,28284.463055555556
3092,Pending Customer Response,High,2021-12-22,,
3093,Open,Medium,2020-02-12,,
3094,Closed,Critical,2021-05-14,2023-06-01 17:52:52,17969.88111111111
3095,Open,Medium,2021-12-07,,
3096,Open,High,2021-03-15,,
3097,Open,Medium,2020-07-10,,
3098,Closed,Medium,2020-11-27,2023-06-01 14:04:58,21998.082777777778
3099,Pending Customer Response,High,2021-05-19,,
3100,Closed,Medium,2020-04-09,2023-05-31 23:35:01,27551.58361111111
3101,Open,Medium,2021-03-18,,
3102,Closed,Medium,2020-12-11,2023-06-01 07:42:05,21655.70138888889
3103,Pending Customer Response,Low,2020-03-04,,
3104,Open,Medium,2020-05-11,,
3105,Open,Critical,2020-06-23,,
3106,Closed,Low,2020-06-21,2023-06-01 22:50:10,25822.83611111111
3107,Pending Customer Response,High,2020-09-07,,
3108,Pending Customer Response,Critical,2021-09-05,,
3109,Open,Critical,2021-12-26,,
3110,Open,High,2020-11-05,,
3111,Pending Customer Response,Medium,2020-04-12,,
3112,Open,Low,2020-01-08,,
3113,Open,Medium,2021-01-14,,
3114,Closed,Critical,2021-07-31,2023-06-01 04:33:24,16084.556666666667
3115,Pending Customer Response,High,2020-09-17,,
3116,Closed,Low,2021-10-16,2023-06-01 09:25:26,14241.423888888889
3117,Closed,Medium,2021-03-30,2023-06-01 16:49:28,19048.824444444443
3118,Open,High,2020-10-15,,
3119,Pending Customer Response,High,2021-03-31,,
3120,Open,Medium,2020-02-22,,
3121,Pending Customer Response,Critical,2020-02-13,,
3122,Closed,Low,2021-04-17,2023-06-01 09:31:34,18609.52611111111
3123,Closed,High,2020-07-10,2023-06-01 10:15:35,25354.25972222222
3124,Closed,High,2021-03-08,2023-06-01 07:43:37,19567.726944444443
3125,Pending Customer Response,Low,2021-09-05,,
3126,Pending Customer Response,High,2020-04-13,,
3127,Open,High,2020-12-22,,
3128,Open,Critical,2021-06-15,,
3129,Pending Customer Response,Medium,2021-10-26,,
3130,Pending Customer Response,Critical,2021-06-13,,
3131,Closed,Critical,2020-02-06,2023-06-01 09:54:46,29073.91277777778
3132,Closed,High,2021-07-29,2023-06-01 15:13:48,16143.23
3133,Closed,Medium,2020-03-11,2023-06-01 22:38:49,28270.646944444445
3134,Pending Customer Response,Critical,2021-07-17,,
3135,Open,Low,2021-11-03,,
3136,Pending Customer Response,High,2021-07-15,,
3137,Closed,Critical,2021-07-04,2023-06-01 11:39:55,16739.665277777778
3138,Closed,Medium,2021-03-09,2023-06-01 03:59:56,19539.998888888887
3139,Open,High,2020-12-11,,
3140,Open,Critical,2020-10-13,,
3141,Closed,Medium,2020-03-02,2023-06-01 07:50:00,28471.833333333332
3142,Pending Customer Response,High,2021-10-24,,
3143,Closed,Critical,2021-08-30,2023-06-01 08:26:03,15368.434166666666
3144,Pending Customer Response,Medium,2021-03-26,,
3145,Closed,High,2020-01-20,2023-06-01 15:50:06,29487.835
3146,Pending Customer Response,Critical,2020-01-13,,
3147,Closed,High,2021-09-08,2023-06-01 03:10:09,15147.169166666667
3148,Pending Customer Response,High,2020-03-03,,
3149,Pending Customer Response,Critical,2021-04-03,,
3150,Open,Medium,2020-10-01,,
3151,Pending Customer Response,High,2020-09-25,,
3152,Closed,High,2021-05-18,2023-06-01 00:28:18,17856.471666666668
3153,Open,Medium,2020-09-25,,
3154,Open,Low,2021-12-26,,
3155,Closed,Critical,2020-12-07,2023-06-01 16:23:21,21760.389166666668
3156,Pending Customer Response,Low,2021-09-11,,
3157,Closed,High,2020-03-07,2023-06-01 11:29:25,28355.49027777778
3158,Closed,High,2021-06-07,2023-06-01 19:50:26,17395.840555555555
3159,Pending Customer Response,Medium,2021-08-08,,
3160,Open,Low,2020-11-14,,
3161,Pending Customer Response,Medium,2021-10-19,,
3162,Pending Customer Response,Medium,2020-05-08,,
3163,Open,Medium,2021-06-07,,
3164,Open,Medium,2020-02-16,,
3165,Pending Customer Response,High,2020-02-23,,
3166,Pending Customer Response,High,2020-07-07,,
3167,Open,Low,2021-05-01,,
3168,Pending Customer Response,Low,2021-06-07,,
3169,Open,High,2020-03-04,,
3170,Pending Customer Response,High,2021-07-01,,
3171,Closed,Low,2021-02-16,2023-06-01 10:37:45,20050.629166666666
3172,Open,High,2020-01-02,,
3173,Closed,Medium,2021-07-23,2023-06-01 16:03:47,16288.063055555556
3174,Open,Low,2020-04-20,,
3175,Open,Critical,2020-10-09,,
3176,Open,Low,2021-07-04,,
3177,Open,Low,2020-03-19,,
3178,Open,Critical,2021-02-08,,
3179,Closed,Low,2020-02-22,2023-06-01 15:29:56,28695.498888888887
3180,Closed,Critical,2020-06-21,2023-06-01 19:04:56,25819.082222222223
3181,Open,Medium,2021-02-07,,
3182,Closed,Low,2020-11-19,2023-06-01 11:45:58,22187.766111111112
3183,Closed,High,2020-03-30,2023-06-01 00:23:59,27792.39972222222
3184,Pending Customer Response,Critical,2020-04-30,,
3185,Pending Customer Response,Low,2020-08-30,,
3186,Closed,High,2021-10-28,2023-06-01 16:27:01,13960.450277777778
3187,Open,Low,2020-10-03,,
3188,Closed,Critical,2021-08-02,2023-06-01 18:58:05,16050.968055555555
3189,Closed,Medium,2021-07-22,2023-06-01 02:00:05,16298.00138888889
3190,Open,Medium,2020-02-26,,
3191,Pending Customer Response,Low,2020-12-30,,
3192,Closed,Low,2020-07-09,2023-06-01 09:37:08,25377.61888888889
3193,Open,Low,2020-08-04,,
3194,Pending Customer Response,Critical,2020-06-18,,
3195,Closed,Critical,2020-06-03,2023-06-01 02:19:14,26234.320555555554
3196,Open,High,2021-07-30,,
3197,Closed,Critical,2020-09-17,2023-06-01 13:27:18,23701.455
3198,Closed,High,2021-09-22,2023-06-01 11:57:18,14819.955
3199,Open,Medium,2020-04-24,,
3200,Open,Critical,2020-03-14,,
3201,Pending Customer Response,High,2020-11-02,,
3202,Open,Critical,2021-09-04,,
3203,Open,High,2020-05-13,,
3204,Pending Customer Response,Critical,2020-05-09,,
3205,Pending Customer Response,Medium,2021-12-30,,
3206,Open,Medium,2021-04-21,,
3207,Open,Critical,2021-09-30,,
3208,Open,Critical,2021-11-29,,
3209,Closed,Medium,2020-03-04,2023-06-01 04:40:34,28420.676111111112
3210,Closed,Critical,2021-08-15,2023-06-01 14:04:35,15734.076388888889
3211,Closed,Critical,2021-04-08,2023-06-01 05:49:37,18821.826944444445
3212,Pending Customer Response,Low,2021-05-16,,
3213,Closed,High,2020-02-04,2023-06-01 20:42:40,29132.71111111111
3214,Open,Low,2020-04-12,,
3215,Open,Low,2021-07-25,,
3216,Closed,Low,2020-10-25,2023-06-01 16:46:43,22792.778611111113
3217,Open,Low,2021-02-12,,
3218,Pending Customer Response,Low,2020-08-22,,
3219,Open,High,2021-10-24,,
3220,Open,Medium,2020-09-30,,
3221,Open,Medium,2020-01-08,,
3222,Open,Critical,2021-04-21,,
3223,Closed,Low,2020-04-15,2023-06-01 11:46:54,27419.781666666666
3224,Pending Customer Response,High,2020-04-21,,
3225,Pending Customer Response,Medium,2020-07-25,,
3226,Closed,Critical,2021-02-03,2023-06-01 15:19:00,20367.316666666666
3227,Pending Customer Response,Critical,2020-02-23,,
3228,Open,Low,2020-11-30,,
3229,Open,Low,2021-03-25,,
3230,Closed,Low,2021-05-13,2023-06-01 17:29:06,17993.485
3231,Pending Customer Response,Critical,2020-06-29,,
3232,Pending Customer Response,Medium,2020-02-07,,
3233,Pending Customer Response,Critical,2020-04-17,,
3234,Open,Medium,2020-11-04,,
3235,Closed,Medium,2020-10-12,2023-06-01 01:20:13,23089.336944444443
3236,Open,Critical,2021-10-26,,
3237,Pending Customer Response,Low,2020-07-04,,
3238,Open,Low,2020-06-07,,
3239,Open,High,2021-10-13,,
3240,Open,Critical,2021-12-21,,
3241,Open,Low,2020-03-30,,
3242,Pending Customer Response,Low,2020-04-30,,
3243,Closed,Critical,2020-04-04,2023-06-01 10:09:26,27682.157222222224
3244,Closed,Low,2021-08-28,2023-06-01 11:07:28,15419.124444444444
3245,Closed,High,2020-05-14,2023-06-01 01:24:29,26713.408055555556
3246,Closed,Critical,2020-12-28,2023-06-01 20:38:30,21260.641666666666
3247,Open,Critical,2020-04-29,,
3248,Pending Customer Response,Medium,2021-06-03,,
3249,Pending Customer Response,Medium,2020-04-28,,
3250,Pending Customer Response,Critical,2021-08-24,,
3251,Closed,Medium,2020-10-28,2023-06-01 18:08:37,22722.14361111111
3252,Closed,Medium,2021-07-09,2023-06-01 22:51:39,16630.860833333332
3253,Open,Critical,2020-05-19,,
3254,Open,Critical,2020-12-14,,
3255,Open,Medium,2020-12-18,,
3256,Closed,Low,2021-01-29,2023-06-01 11:27:43,20483.461944444443
3257,Pending Customer Response,High,2020-12-12,,
3258,Open,High,2020-06-02,,
3259,Closed,Critical,2020-09-17,2023-06-01 03:56:47,23691.94638888889
3260,Open,Critical,2021-05-30,,
3261,Open,Critical,2020-08-02,,
3262,Closed,Critical,2021-01-28,2023-06-01 03:28:52,20499.481111111112
3263,Pending Customer Response,Low,2020-06-16,,
3264,Closed,High,2020-11-12,2023-06-01 20:14:55,22364.24861111111
3265,Open,Low,2021-04-18,,
3266,Open,High,2021-05-01,,
3267,Pending Customer Response,Critical,2021-02-05,,
3268,Closed,Medium,2020-08-15,2023-06-01 10:22:59,24490.383055555554
3269,Pending Customer Response,Low,2021-11-06,,
3270,Pending Customer Response,High,2020-08-07,,
3271,Open,Critical,2020-04-19,,
3272,Closed,Low,2020-10-12,2023-05-31 23:52:02,23087.867222222223
3273,Open,Low,2020-06-19,,
3274,Closed,Low,2020-12-26,2023-06-01 14:18:05,21302.30138888889
3275,Open,Critical,2021-01-13,,
3276,Closed,Critical,2020-06-11,2023-06-01 03:24:09,26043.4025
3277,Pending Customer Response,Critical,2020-09-02,,
3278,Open,High,2020-02-04,,
3279,Pending Customer Response,Critical,2021-05-05,,
3280,Pending Customer Response,Medium,2020-03-21,,
3281,Closed,Critical,2020-01-09,2023-06-01 18:21:16,29754.354444444445
3282,Open,Medium,2020-07-01,,
3283,Open,Low,2020-03-26,,
3284,Pending Customer Response,High,2020-07-24,,
3285,Closed,High,2020-08-15,2023-06-01 04:21:22,24484.356111111112
3286,Closed,High,2020-09-05,2023-06-01 20:35:24,23996.59
3287,Open,High,2020-10-28,,
3288,Pending Customer Response,Medium,2020-03-08,,
3289,Open,High,2020-01-20,,
3290,Closed,High,2021-10-22,2023-06-01 22:08:31,14110.141944444444
3291,Open,Low,2021-08-24,,
3292,Closed,High,2020-09-10,2023-05-31 23:29:33,23855.4925
3293,Closed,Low,2021-11-24,2023-06-01 21:48:35,13317.809722222222
3294,Closed,Medium,2020-07-02,2023-06-01 04:40:37,25540.676944444444
3295,Pending Customer Response,Critical,2020-10-15,,
3296,Pending Customer Response,High,2020-06-03,,
3297,Open,High,2020-04-20,,
3298,Closed,Medium,2020-02-20,2023-06-01 22:59:43,28750.995277777776
3299,Closed,Critical,2021-09-21,2023-06-01 18:58:44,14850.978888888889
3300,Open,Low,2021-06-13,,
3301,Pending Customer Response,Medium,2021-12-20,,
3302,Open,High,2020-06-24,,
3303,Closed,Low,2020-01-23,2023-06-01 01:28:49,29401.480277777777
3304,Closed,Low,2021-03-16,2023-06-01 10:26:49,19378.446944444444
3305,Open,Low,2021-11-05,,
3306,Pending Customer Response,Critical,2020-08-11,,
3307,Pending Customer Response,High,2020-06-09,,
3308,Pending Customer Response,High,2021-07-11,,
3309,Pending Customer Response,Low,2020-12-18,,
3310,Open,Critical,2020-11-29,,
3311,Pending Customer Response,Critical,2021-08-22,,
3312,Closed,Low,2021-10-18,2023-06-01 22:21:03,14206.350833333334
3313,Pending Customer Response,Critical,2020-06-20,,
3314,Closed,High,2020-07-19,2023-06-01 19:05:06,25147.085
3315,Pending Customer Response,Low,2021-01-28,,
3316,Closed,Medium,2021-07-08,2023-06-01 04:57:09,16636.9525
3317,Open,Critical,2020-07-21,,
3318,Closed,Medium,2020-11-23,2023-06-01 19:22:11,22099.36972222222
3319,Pending Customer Response,High,2020-02-16,,
3320,Open,Medium,2020-06-18,,
3321,Open,High,2020-04-14,,
3322,Closed,Critical,2020-07-08,2023-06-01 23:02:17,25415.038055555557
3323,Open,Medium,2020-09-22,,
3324,Open,Critical,2020-03-16,,
3325,Pending Customer Response,Medium,2020-05-27,,
3326,Open,Medium,2020-01-25,,
3327,Open,High,2021-04-28,,
3328,Closed,Critical,2020-11-25,2023-06-01 22:51:26,22054.85722222222
3329,Open,Medium,2020-09-15,,
3330,Closed,Low,2020-04-23,2023-06-01 02:13:29,27218.22472222222
3331,Pending Customer Response,Medium,2021-08-17,,
3332,Pending Customer Response,High,2020-02-25,,
3333,Pending Customer Response,Medium,2020-02-12,,
3334,Open,High,2021-08-16,,
3335,Closed,Low,2020-09-15,2023-06-01 14:33:38,23750.560555555556
3336,Closed,Medium,2020-01-11,2023-05-31 23:27:38,29687.460555555557
3337,Closed,Low,2020-10-12,2023-06-01 13:01:39,23101.0275
3338,Open,Critical,2020-07-03,,
3339,Closed,Medium,2020-03-17,2023-06-01 01:33:41,28105.561388888887
3340,Pending Customer Response,Low,2020-10-14,,
3341,Closed,High,2021-08-19,2023-06-01 10:39:44,15634.662222222221
3342,Pending Customer Response,High,2020-01-07,,
3343,Pending Customer Response,Medium,2021-06-15,,
3344,Pending Customer Response,High,2020-12-10,,
3345,Open,Critical,2021-09-06,,
3346,Pending Customer Response,Low,2021-07-30,,
3347,Closed,Critical,2021-03-02,2023-06-01 14:07:53,19718.131388888887
3348,Pending Customer Response,Critical,2021-03-07,,
3349,Closed,Medium,2020-07-03,2023-06-01 08:20:55,25520.348611111112
3350,Open,Medium,2020-10-09,,
3351,Closed,Critical,2020-11-19,2023-06-01 20:53:58,22196.899444444443
3352,Open,Low,2021-03-31,,
3353,Closed,High,2020-06-18,2023-06-01 00:15:01,25872.250277777777
3354,Pending Customer Response,High,2020-07-03,,
3355,Open,High,2021-01-12,,
3356,Closed,Low,2021-01-03,2023-05-31 23:28:06,21095.468333333334
3357,Pending Customer Response,Low,2020-07-06,,
3358,Pending Customer Response,Medium,2020-04-01,,
3359,Open,Medium,2021-10-25,,
3360,Closed,Medium,2021-11-05,2023-06-01 15:25:10,13767.419444444444
3361,Pending Customer Response,Critical,2021-12-10,,
3362,Closed,High,2020-06-19,2023-06-01 09:28:13,25857.47027777778
3363,Closed,High,2020-05-25,2023-06-01 22:19:14,26470.320555555554
3364,Pending Customer Response,Low,2021-07-10,,
3365,Pending Customer Response,High,2020-08-30,,
3366,Closed,Critical,2020-04-25,2023-06-01 15:14:17,27183.238055555557
3367,Pending Customer Response,Critical,2021-10-15,,
3368,Pending Customer Response,High,2020-05-18,,
3369,Pending Customer Response,Medium,2020-10-11,,
3370,Closed,Low,2021-11-23,2023-06-01 14:50:23,13334.839722222223
3371,Closed,Low,2020-10-08,2023-06-01 17:42:24,23201.706666666665
3372,Pending Customer Response,Medium,2021-10-28,,
3373,Pending Customer Response,High,2021-12-23,,
3374,Pending Customer Response,High,2020-08-13,,
3375,Closed,Critical,2021-02-09,2023-06-01 21:46:29,20229.77472222222
3376,Open,Critical,2020-09-18,,
3377,Closed,Low,2020-04-17,2023-06-01 21:24:30,27381.408333333333
3378,Pending Customer Response,Medium,2020-05-18,,
3379,Closed,High,2021-09-14,2023-06-01 17:53:33,15017.8925
3380,Closed,Medium,2021-12-13,2023-06-01 21:51:35,12861.859722222222
3381,Open,Critical,2021-12-18,,
3382,Closed,Critical,2021-02-14,2023-06-01 20:00:38,20108.010555555556
3383,Closed,Medium,2020-10-30,2023-06-01 21:00:39,22677.010833333334
3384,Pending Customer Response,High,2021-11-02,,
3385,Closed,Medium,2021-01-31,2023-06-01 15:30:43,20439.511944444443
3386,Open,Critical,2021-12-22,,
3387,Pending Customer Response,High,2020-08-08,,
3388,Closed,Critical,2020-06-02,2023-06-01 00:20:48,26256.346666666668
3389,Open,Critical,2021-01-03,,
3390,Closed,Critical,2020-08-02,2023-06-01 09:49:50,24801.830555555556
3391,Closed,Medium,2020-12-13,2023-06-01 19:02:51,21619.0475
3392,Open,Medium,2021-02-03,,
3393,Closed,Medium,2020-01-14,2023-06-01 07:26:55,29623.44861111111
3394,Pending Customer Response,Critical,2021-12-09,,
3395,Pending Customer Response,Medium,2020-02-15,,
3396,Closed,High,2021-05-12,2023-06-01 05:56:00,18005.933333333334
3397,Open,Critical,2020-08-20,,
3398,Closed,Critical,2021-05-10,2023-06-01 19:16:02,18067.26722222222
3399,Closed,Low,2020-12-08,2023-06-01 13:34:04,21733.56777777778
3400,Closed,Critical,2021-07-10,2023-06-01 11:20:05,16595.334722222222
3401,Pending Customer Response,High,2020-05-15,,
3402,Pending Customer Response,Critical,2020-06-26,,
3403,Pending Customer Response,Medium,2021-12-15,,
3404,Open,Medium,2021-10-03,,
3405,Closed,High,2021-08-22,2023-06-01 03:36:13,15555.603611111112
3406,Pending Customer Response,Medium,2021-10-04,,
3407,Pending Customer Response,High,2021-12-20,,
3408,Closed,Medium,2021-08-13,2023-06-01 22:23:18,15790.388333333334
3409,Pending Customer Response,Critical,2020-04-13,,
3410,Pending Customer Response,Medium,2021-10-12,,
3411,Pending Customer Response,Medium,2020-10-19,,
3412,Pending Customer Response,Low,2021-07-19,,
3413,Closed,Medium,2021-05-06,2023-06-01 09:23:23,18153.389722222222
3414,Open,Medium,2020-01-27,,
3415,Open,Critical,2020-08-18,,
3416,Open,Low,2021-10-21,,
3417,Pending Customer Response,High,2020-08-12,,
3418,Closed,High,2020-03-23,2023-06-01 13:03:29,27973.058055555557
3419,Open,Critical,2020-01-08,,
3420,Pending Customer Response,Medium,2021-01-21,,
3421,Closed,Medium,2020-12-25,2023-06-01 19:24:32,21331.408888888887
3422,Pending Customer Response,Low,2020-01-05,,
3423,Pending Customer Response,Low,2020-09-18,,
3424,Closed,High,2021-05-20,2023-06-01 19:33:35,17827.55972222222
3425,Pending Customer Response,Medium,2020-03-27,,
3426,Closed,High,2020-07-16,2023-06-01 05:32:38,25205.54388888889
3427,Closed,Medium,2021-09-17,2023-06-01 01:46:40,14929.777777777777
3428,Open,High,2020-05-23,,
3429,Open,Medium,2020-06-10,,
3430,Pending Customer Response,Critical,2021-04-12,,
3431,Open,Low,2021-09-25,,
3432,Open,Low,2021-05-30,,
3433,Closed,Critical,2020-02-25,2023-06-01 09:04:46,28617.079444444444
3434,Pending Customer Response,Low,2021-08-09,,
3435,Pending Customer Response,Medium,2020-11-16,,
3436,Open,Critical,2021-03-05,,
3437,Pending Customer Response,Critical,2021-11-20,,
3438,Open,Low,2020-10-12,,
3439,Open,Low,2020-08-25,,
3440,Closed,Critical,2021-10-12,2023-06-01 11:08:55,14339.148611111112
3441,Pending Customer Response,High,2021-09-10,,
3442,Open,Low,2020-03-07,,
3443,Open,Low,2020-12-15,,
3444,Closed,Medium,2021-09-01,2023-06-01 00:06:57,15312.115833333333
3445,Pending Customer Response,Critical,2021-09-19,,
3446,Open,Critical,2021-12-01,,
3447,Closed,High,2021-06-11,2023-06-01 17:09:02,17297.150555555556
3448,Open,Medium,2021-10-12,,
3449,Pending Customer Response,Critical,2020-07-04,,
3450,Open,High,2021-01-10,,
3451,Open,Medium,2021-10-10,,
3452,Open,Critical,2021-01-08,,
3453,Open,Low,2021-12-20,,
3454,Open,High,2021-02-28,,
3455,Open,Critical,2021-12-02,,
3456,Pending Customer Response,Critical,2020-06-10,,
3457,Open,Low,2021-03-22,,
3458,Pending Customer Response,Low,2020-02-13,,
3459,Open,High,2021-07-01,,
3460,Closed,High,2021-05-08,2023-06-01 15:48:19,18111.805277777778
3461,Closed,Medium,2020-09-01,2023-06-01 03:01:21,24075.0225
3462,Open,High,2021-06-03,,
3463,Open,Medium,2020-06-07,,
3464,Pending Customer Response,Low,2020-07-03,,
3465,Open,High,2021-04-04,,
3466,Open,Medium,2021-10-19,,
3467,Closed,Low,2021-07-05,2023-06-01 09:55:29,16713.924722222222
3468,Open,Low,2021-04-21,,
3469,Pending Customer Response,High,2021-07-22,,
3470,Open,Critical,2021-07-02,,
3471,Closed,Critical,2020-05-24,2023-06-01 06:36:33,26478.609166666665
3472,Open,Low,2021-03-08,,
3473,Open,Critical,2021-05-29,,
3474,Closed,Critical,2020-03-23,2023-06-01 20:15:36,27980.26
3475,Open,High,2020-04-20,,
3476,Open,High,2020-12-21,,
3477,Closed,Low,2021-03-16,2023-06-01 11:58:41,19379.978055555555
3478,Closed,Critical,2020-12-23,2023-06-01 11:13:42,21371.228333333333
3479,Closed,Critical,2021-06-15,2023-06-01 21:58:44,17205.97888888889
3480,Closed,Medium,2020-09-16,2023-06-01 00:47:46,23712.79611111111
3481,Pending Customer Response,High,2020-08-09,,
3482,Open,Medium,2021-03-06,,
3483,Pending Customer Response,Critical,2020-04-29,,
3484,Closed,High,2020-12-25,2023-06-01 15:07:49,21327.13027777778
3485,Pending Customer Response,High,2021-10-12,,
3486,Pending Customer Response,Critical,2020-12-17,,
3487,Open,High,2021-04-05,,
3488,Pending Customer Response,Medium,2020-06-27,,
3489,Open,Low,2020-02-03,,
3490,Closed,Medium,2020-03-01,2023-05-31 23:07:54,28487.131666666668
3491,Pending Customer Response,Low,2021-10-13,,
3492,Pending Customer Response,Medium,2021-04-19,,
3493,Pending Customer Response,Medium,2020-02-14,,
3494,Pending Customer Response,Medium,2020-10-13,,
3495,Pending Customer Response,High,2020-10-29,,
3496,Open,Critical,2021-07-26,,
3497,Open,High,2020-04-12,,
3498,Pending Customer Response,Critical,2020-01-20,,
3499,Pending Customer Response,Critical,2020-09-17,,
3500,Pending Customer Response,Low,2020-09-13,,
3501,Open,Medium,2020-10-08,,
3502,Pending Customer Response,Critical,2021-11-03,,
3503,Open,Medium,2020-12-01,,
3504,Pending Customer Response,Medium,2020-01-19,,
3505,Open,Medium,2020-06-13,,
3506,Closed,Critical,2020-09-10,2023-06-01 05:54:19,23861.905277777776
3507,Pending Customer Response,Medium,2020-07-12,,
3508,Pending Customer Response,Medium,2021-01-11,,
3509,Open,Medium,2021-05-08,,
3510,Open,Critical,2021-02-16,,
3511,Closed,Low,2020-08-06,2023-06-01 00:14:27,24696.240833333333
3512,Pending Customer Response,High,2020-08-08,,
3513,Closed,High,2020-01-26,2023-06-01 04:49:28,29332.824444444443
3514,Closed,Low,2021-06-01,2023-06-01 18:39:29,17538.658055555556
3515,Open,Medium,2021-01-25,,
3516,Pending Customer Response,High,2021-08-29,,
3517,Pending Customer Response,Medium,2021-12-06,,
3518,Pending Customer Response,Low,2021-12-21,,
3519,Closed,Critical,2021-04-30,2023-06-01 18:24:36,18306.41
3520,Closed,Critical,2020-11-29,2023-06-01 09:56:38,21945.943888888887
3521,Open,Critical,2021-06-25,,
3522,Open,Medium,2021-08-28,,
3523,Closed,Low,2021-06-15,2023-06-01 01:03:43,17185.061944444446
3524,Closed,Critical,2020-05-04,2023-06-01 06:26:44,26958.445555555554
3525,Closed,High,2020-01-21,2023-06-01 17:05:45,29465.095833333333
3526,Pending Customer Response,Critical,2021-08-07,,
3527,Closed,High,2021-05-22,2023-06-01 02:28:46,17762.479444444445
3528,Closed,Critical,2021-08-08,2023-06-01 11:33:47,15899.563055555556
3529,Open,Critical,2020-03-13,,
3530,Open,Low,2021-10-22,,
3531,Pending Customer Response,Low,2021-05-22,,
3532,Closed,Low,2021-01-13,2023-06-01 07:49:53,20863.831388888888
3533,Pending Customer Response,High,2020-06-25,,
3534,Closed,High,2021-02-07,2023-06-01 12:52:57,20268.8825
3535,Open,Low,2021-03-27,,
3536,Open,High,2020-11-10,,
3537,Pending Customer Response,High,2020-01-18,,
3538,Open,High,2020-10-06,,
3539,Closed,Low,2021-07-17,2023-06-01 09:04:02,16425.067222222224
3540,Pending Customer Response,Critical,2021-05-01,,
3541,Closed,Low,2020-01-29,2023-06-01 18:47:03,29274.784166666668
3542,Closed,Critical,2021-05-08,2023-06-01 20:15:05,18116.25138888889
3543,Pending Customer Response,Medium,2020-07-21,,
3544,Pending Customer Response,High,2020-05-19,,
3545,Closed,Low,2020-12-21,2023-06-01 02:36:08,21410.602222222224
3546,Closed,Medium,2021-12-05,2023-06-01 00:08:09,13032.135833333334
3547,Open,Medium,2020-10-08,,
3548,Pending Customer Response,High,2020-02-29,,
3549,Closed,Low,2021-12-04,2023-06-01 16:41:13,13072.686944444444
3550,Pending Customer Response,Medium,2020-11-03,,
3551,Pending Customer Response,Medium,2020-07-27,,
3552,Closed,Critical,2020-05-27,2023-06-01 17:45:16,26417.754444444443
3553,Pending Customer Response,Low,2021-12-17,,
3554,Closed,Low,2021-06-30,2023-06-01 11:25:19,16835.421944444446
3555,Open,Medium,2021-03-25,,
3556,Open,Medium,2020-12-31,,
3557,Pending Customer Response,Critical,2021-01-24,,
3558,Pending Customer Response,Low,2021-12-19,,
3559,Closed,Critical,2020-04-07,2023-06-01 14:09:26,27614.157222222224
3560,Open,Medium,2020-04-16,,
3561,Closed,High,2020-01-31,2023-06-01 08:50:29,29216.84138888889
3562,Open,Low,2020-06-16,,
3563,Open,High,2020-08-27,,
3564,Closed,High,2021-08-29,2023-06-01 15:54:32,15399.90888888889
3565,Open,High,2021-09-04,,
3566,Pending Customer Response,Critical,2020-05-07,,
3567,Pending Customer Response,Critical,2020-04-16,,
3568,Pending Customer Response,Critical,2021-07-23,,
3569,Closed,Medium,2020-04-26,2023-06-01 18:22:40,27162.37777777778
3570,Open,Low,2020-11-22,,
3571,Open,Low,2020-07-23,,
3572,Closed,Low,2020-09-02,2023-06-01 19:17:44,24067.295555555556
3573,Open,Critical,2021-09-11,,
3574,Open,High,2021-11-21,,
3575,Pending Customer Response,High,2020-10-28,,
3576,Closed,Low,2020-07-30,2023-06-01 18:06:49,24882.113611111112
3577,Closed,Medium,2021-12-10,2023-06-01 04:34:51,12916.580833333333
3578,Pending Customer Response,Medium,2020-06-27,,
3579,Closed,Critical,2020-07-18,2023-06-01 13:08:55,25165.14861111111
3580,Closed,Critical,2021-01-16,2023-06-01 10:00:56,20794.015555555554
3581,Pending Customer Response,Low,2020-10-21,,
3582,Closed,Low,2020-04-30,2023-06-01 10:32:00,27058.533333333333
3583,Closed,High,2021-12-06,2023-06-01 19:58:01,13027.966944444444
3584,Pending Customer Response,High,2020-08-03,,
3585,Closed,Critical,2020-07-07,2023-06-01 01:56:03,25417.934166666666
3586,Open,Low,2020-06-29,,
3587,Closed,Medium,2020-10-29,2023-06-01 03:33:05,22683.55138888889
3588,Pending Customer Response,Low,2020-07-31,,
3589,Open,High,2021-04-17,,
3590,Closed,Low,2021-03-14,2023-06-01 19:50:10,19435.83611111111
3591,Pending Customer Response,Low,2020-11-07,,
3592,Closed,Low,2020-11-10,2023-06-01 20:58:14,22412.970555555556
3593,Pending Customer Response,Critical,2021-03-04,,
3594,Pending Customer Response,Critical,2021-10-04,,
3595,Closed,Low,2021-02-03,2023-06-01 00:06:16,20352.104444444445
3596,Pending Customer Response,Medium,2021-01-01,,
3597,Pending Customer Response,High,2020-12-27,,
3598,Pending Customer Response,Medium,2021-05-04,,
3599,Closed,High,2020-02-16,2023-06-01 02:15:23,28826.256388888887
3600,Open,High,2021-04-01,,
3601,Closed,Critical,2021-03-17,2023-06-01 13:22:26,19357.373888888887
3602,Open,Medium,2021-07-18,,
3603,Open,Critical,2020-04-25,,
3604,Pending Customer Response,Critical,2021-06-01,,
3605,Closed,Critical,2020-06-27,2023-06-01 20:43:32,25676.725555555557
3606,Open,High,2021-05-27,,
3607,Open,Medium,2020-07-27,,
3608,Open,High,2020-07-26,,
3609,Open,Low,2020-05-10,,
3610,Closed,High,2020-09-15,2023-06-01 11:50:41,23747.844722222224
3611,Pending Customer Response,Medium,2020-08-27,,
3612,Open,Low,2021-03-10,,
3613,Pending Customer Response,Low,2021-11-03,,
3614,Pending Customer Response,Medium,2020-07-24,,
3615,Open,High,2021-07-17,,
3616,Open,Medium,2021-10-22,,
3617,Open,High,2021-06-06,,
3618,Closed,Low,2021-08-31,2023-06-01 04:44:52,15340.747777777779
3619,Pending Customer Response,Medium,2021-07-11,,
3620,Pending Customer Response,Critical,2021-06-20,,
3621,Pending Customer Response,Medium,2020-05-22,,
3622,Closed,High,2021-03-25,2023-06-01 10:39:56,19162.665555555555
3623,Open,Low,2021-05-18,,
3624,Closed,Medium,2020-09-26,2023-06-01 14:12:58,23486.216111111113
3625,Open,High,2020-08-30,,
3626,Open,Critical,2020-08-24,,
3627,Pending Customer Response,High,2021-03-15,,
3628,Closed,High,2021-06-26,2023-06-01 14:35:04,16934.584444444445
3629,Open,Critical,2021-05-11,,
3630,Open,High,2021-11-27,,
3631,Pending Customer Response,High,2021-01-14,,
3632,Pending Customer Response,Critical,2020-02-20,,
3633,Open,High,2020-03-01,,
3634,Pending Customer Response,Medium,2021-03-18,,
3635,Closed,Critical,2021-11-06,2023-06-01 18:43:14,13746.720555555556
3636,Open,Medium,2020-02-26,,
3637,Closed,Low,2020-01-29,2023-06-01 12:37:17,29268.62138888889
3638,Open,Critical,2020-05-04,,
3639,Pending Customer Response,Medium,2020-07-21,,
3640,Pending Customer Response,Critical,2021-11-03,,
3641,Open,Critical,2021-02-01,,
3642,Pending Customer Response,Critical,2021-05-17,,
3643,Pending Customer Response,Low,2020-03-05,,
3644,Open,Low,2021-10-15,,
3645,Open,Medium,2021-07-26,,
3646,Closed,Low,2020-03-16,2023-06-01 12:24:29,28140.408055555556
3647,Pending Customer Response,Critical,2020-10-16,,
3648,Open,Medium,2020-11-19,,
3649,Closed,High,2020-04-29,2023-06-01 12:14:32,27084.242222222223
3650,Closed,Medium,2020-12-02,2023-06-01 08:16:34,21872.27611111111
3651,Pending Customer Response,Medium,2021-10-01,,
3652,Closed,Low,2020-12-18,2023-06-01 02:54:37,21482.910277777777
3653,Closed,Medium,2021-05-28,2023-06-01 10:16:39,17626.2775
3654,Open,Low,2021-07-30,,
3655,Closed,Medium,2021-11-28,2023-06-01 19:28:42,13219.478333333333
3656,Pending Customer Response,Medium,2021-08-15,,
3657,Closed,High,2021-02-01,2023-06-01 15:11:45,20415.195833333335
3658,Closed,Low,2021-04-28,2023-05-31 23:45:47,18335.763055555555
3659,Pending Customer Response,Medium,2021-01-16,,
3660,Open,High,2021-07-29,,
3661,Open,Critical,2020-12-14,,
3662,Open,Critical,2020-07-05,,
3663,Pending Customer Response,Critical,2021-11-05,,
3664,Open,Medium,2020-01-30,,
3665,Pending Customer Response,High,2021-10-06,,
3666,Open,High,2021-01-28,,
3667,Open,Critical,2021-01-12,,
3668,Closed,Critical,2021-07-22,2023-06-01 22:19:57,16318.3325
3669,Closed,Low,2021-07-21,2023-06-01 21:54:57,16341.915833333333
3670,Open,High,2021-11-30,,
3671,Pending Customer Response,Medium,2020-04-25,,
3672,Pending Customer Response,Low,2020-03-08,,
3673,Closed,Critical,2021-12-04,2023-06-01 17:33:04,13073.551111111112
3674,Closed,Critical,2020-07-12,2023-06-01 14:46:06,25310.768333333333
3675,Closed,High,2021-12-14,2023-06-01 09:42:07,12825.701944444445
3676,Closed,Medium,2021-04-24,2023-06-01 18:26:09,18450.435833333333
3677,Open,Low,2020-12-02,,
3678,Pending Customer Response,High,2020-11-19,,
3679,Pending Customer Response,High,2020-07-18,,
3680,Open,Medium,2020-03-05,,
3681,Closed,Critical,2020-08-11,2023-06-01 19:41:16,24595.687777777777
3682,Closed,Critical,2020-07-20,2023-06-01 16:14:17,25120.238055555557
3683,Pending Customer Response,High,2021-10-28,,
3684,Open,Medium,2020-04-20,,
3685,Pending Customer Response,Critical,2020-05-19,,
3686,Open,Critical,2020-07-06,,
3687,Pending Customer Response,Medium,2021-06-28,,
3688,Open,High,2020-07-16,,
3689,Open,Critical,2021-03-25,,
3690,Open,Low,2021-03-20,,
3691,Open,Medium,2021-04-07,,
3692,Open,Medium,2020-11-18,,
3693,Closed,Low,2020-12-11,2023-06-01 06:13:31,21654.22527777778
3694,Pending Customer Response,Medium,2020-05-19,,
3695,Closed,Critical,2020-01-03,2023-06-01 09:25:32,29889.425555555557
3696,Open,High,2021-11-29,,
3697,Pending Customer Response,Critical,2021-07-04,,
3698,Closed,Medium,2021-11-04,2023-06-01 22:02:36,13798.043333333333
3699,Open,Low,2021-01-23,,
3700,Pending Customer Response,Critical,2020-04-03,,
3701,Closed,High,2020-06-28,2023-06-01 03:17:39,25635.294166666667
3702,Closed,Critical,2020-09-21,2023-06-01 03:34:40,23595.577777777777
3703,Pending Customer Response,Critical,2021-01-21,,
3704,Pending Customer Response,Low,2021-01-16,,
3705,Open,Low,2021-05-14,,
3706,Pending Customer Response,High,2020-07-10,,
3707,Open,Critical,2020-04-24,,
3708,Closed,Low,2021-04-24,2023-06-01 12:23:48,18444.396666666667
3709,Open,Medium,2021-11-18,,
3710,Closed,Medium,2021-10-15,2023-06-01 18:07:49,14274.130277777778
3711,Open,Critical,2021-02-07,,
3712,Open,Low,2021-02-23,,
3713,Pending Customer Response,High,2020-04-28,,
3714,Pending Customer Response,Medium,2020-02-03,,
3715,Open,Low,2021-01-11,,
3716,Pending Customer Response,Critical,2021-11-13,,
3717,Open,High,2020-10-11,,
3718,Open,Critical,2020-01-06,,
3719,Open,Medium,2020-12-27,,
3720,Closed,Critical,2021-10-16,2023-06-01 09:12:04,14241.201111111111
3721,Open,Critical,2020-09-25,,
3722,Closed,Medium,2021-11-18,2023-06-01 16:52:07,13456.868611111111
3723,Open,Critical,2021-07-13,,
3724,Open,Medium,2020-01-19,,
3725,Pending Customer Response,High,2021-03-26,,
3726,Pending Customer Response,High,2021-02-11,,
3727,Closed,Medium,2020-11-11,2023-06-01 04:09:16,22372.154444444444
3728,Closed,Medium,2021-09-26,2023-06-01 05:24:16,14717.404444444444
3729,Open,High,2020-11-08,,
3730,Pending Customer Response,Critical,2020-04-19,,
3731,Pending Customer Response,Critical,2020-06-25,,
3732,Closed,Critical,2020-06-16,2023-06-01 22:25:22,25942.422777777778
3733,Pending Customer Response,Medium,2020-04-08,,
3734,Pending Customer Response,Low,2020-09-10,,
3735,Pending Customer Response,Low,2021-12-07,,
3736,Pending Customer Response,Medium,2021-10-30,,
3737,Open,Medium,2020-10-01,,
3738,Open,Critical,2020-11-26,,
3739,Closed,Low,2020-08-18,2023-06-01 21:31:33,24429.525833333333
3740,Pending Customer Response,Medium,2021-12-30,,
3741,Pending Customer Response,Critical,2021-07-20,,
3742,Open,Low,2020-08-06,,
3743,Pending Customer Response,Critical,2021-10-30,,
3744,Closed,Low,2021-06-23,2023-06-01 07:11:38,16999.193888888887
3745,Closed,Low,2020-09-17,2023-06-01 07:53:39,23695.894166666665
3746,Pending Customer Response,Critical,2020-09-28,,
3747,Open,Low,2020-02-14,,
3748,Closed,High,2020-09-10,2023-06-01 20:17:45,23876.295833333334
3749,Pending Customer Response,High,2021-10-22,,
3750,Closed,Critical,2021-12-11,2023-06-01 15:44:46,12903.746111111112
3751,Closed,Critical,2020-11-24,2023-05-31 23:13:48,22055.23
3752,Pending Customer Response,Critical,2021-09-28,,
3753,Pending Customer Response,Critical,2020-05-09,,
3754,Open,High,2021-07-28,,
3755,Pending Customer Response,Low,2021-02-22,,
3756,Pending Customer Response,High,2021-08-14,,
3757,Open,Medium,2020-02-28,,
3758,Pending Customer Response,High,2020-02-26,,
3759,Pending Customer Response,Critical,2020-08-29,,
3760,Closed,Critical,2020-12-03,2023-06-01 07:58:00,21847.966666666667
3761,Pending Customer Response,Critical,2021-06-20,,
3762,Open,High,2020-07-04,,
3763,Closed,High,2020-07-21,2023-06-01 11:59:05,25091.984722222223
3764,Open,Critical,2020-08-31,,
3765,Pending Customer Response,Critical,2021-01-14,,
3766,Closed,Medium,2021-10-03,2023-06-01 21:47:08,14565.785555555556
3767,Open,Low,2021-09-05,,
3768,Pending Customer Response,Medium,2021-01-25,,
3769,Open,High,2021-07-05,,
3770,Closed,High,2020-09-16,2023-06-01 20:22:13,23732.370277777776
3771,Closed,High,2021-11-25,2023-06-01 07:42:15,13279.704166666666
3772,Pending Customer Response,Medium,2021-09-07,,
3773,Closed,High,2020-02-20,2023-06-01 13:54:17,28741.90472222222
3774,Closed,Medium,2021-01-14,2023-06-01 18:52:18,20850.871666666666
3775,Pending Customer Response,High,2021-07-28,,
3776,Open,High,2021-07-01,,
3777,Open,High,2020-08-02,,
3778,Open,High,2021-04-26,,
3779,Open,High,2020-10-10,,
3780,Open,Low,2021-10-03,,
3781,Pending Customer Response,Low,2020-05-16,,
3782,Closed,Medium,2020-07-21,2023-06-01 05:47:29,25085.79138888889
3783,Open,Low,2020-03-11,,
3784,Pending Customer Response,Medium,2020-09-13,,
3785,Pending Customer Response,High,2020-06-05,,
3786,Open,Critical,2021-12-02,,
3787,Closed,Medium,2020-02-22,2023-06-01 02:45:35,28682.75972222222
3788,Pending Customer Response,Low,2020-02-18,,
3789,Closed,Medium,2020-07-25,2023-06-01 00:01:39,24984.0275
3790,Closed,Low,2020-03-10,2023-06-01 17:18:39,28289.310833333333
3791,Closed,Critical,2021-01-02,2023-06-01 14:49:41,21134.828055555554
3792,Open,Low,2020-04-21,,
3793,Closed,High,2021-04-25,2023-06-01 09:40:45,18417.679166666665
3794,Open,High,2020-11-13,,
3795,Closed,Low,2021-05-10,2023-06-01 08:03:48,18056.06333333333
3796,Closed,Medium,2020-07-19,2023-06-01 20:13:50,25148.230555555554
3797,Open,Low,2020-10-17,,
3798,Open,Medium,2021-12-14,,
3799,Closed,Low,2020-05-25,2023-06-01 08:19:54,26456.331666666665
3800,Closed,High,2021-01-12,2023-06-01 08:31:56,20888.532222222224
3801,Pending Customer Response,Critical,2020-09-09,,
3802,Open,High,2021-03-13,,
3803,Pending Customer Response,Low,2020-11-01,,
3804,Pending Customer Response,Critical,2021-05-24,,
3805,Pending Customer Response,Critical,2021-02-13,,
3806,Closed,Low,2020-04-23,2023-06-01 05:18:05,27221.30138888889
3807,Pending Customer Response,High,2021-11-02,,
3808,Open,Critical,2021-01-03,,
3809,Pending Customer Response,Critical,2020-04-22,,
3810,Open,Critical,2021-02-11,,
3811,Closed,Critical,2021-07-12,2023-06-01 09:48:12,16545.803333333333
3812,Open,Critical,2021-08-22,,
3813,Open,High,2020-02-17,,
3814,Pending Customer Response,Critical,2020-04-13,,
3815,Open,Critical,2021-09-27,,
3816,Closed,High,2021-08-21,2023-06-01 03:37:20,15579.622222222222
3817,Open,Medium,2021-07-07,,
3818,Pending Customer Response,High,2020-02-08,,
3819,Pending Customer Response,Critical,2021-12-15,,
3820,Closed,High,2020-10-13,2023-06-01 06:24:28,23070.40777777778
3821,Open,High,2021-03-27,,
3822,Closed,Low,2020-08-26,2023-06-01 22:35:30,24238.591666666667
3823,Open,Critical,2020-11-29,,
3824,Open,Low,2020-03-09,,
3825,Closed,Low,2021-08-16,2023-06-01 07:38:34,15703.642777777777
3826,Open,Critical,2020-08-15,,
3827,Closed,Critical,2020-01-11,2023-06-01 17:42:37,29705.710277777776
3828,Closed,High,2021-02-28,2023-06-01 01:08:37,19753.14361111111
3829,Pending Customer Response,Medium,2021-01-16,,
3830,Closed,High,2020-04-03,2023-06-01 14:26:40,27710.444444444445
3831,Closed,Low,2021-04-01,2023-06-01 14:16:42,18998.278333333332
3832,Open,High,2021-03-17,,
3833,Closed,Medium,2021-11-13,2023-06-01 12:34:44,13572.57888888889
3834,Closed,Critical,2020-01-17,2023-06-01 13:02:46,29557.04611111111
3835,Closed,Low,2020-12-11,2023-06-01 11:52:47,21659.879722222224
3836,Pending Customer Response,Critical,2021-07-15,,
3837,Closed,Medium,2021-01-03,2023-06-01 01:29:48,21097.496666666666
3838,Open,High,2021-04-18,,
3839,Open,High,2021-12-09,,
3840,Pending Customer Response,Low,2020-08-19,,
3841,Pending Customer Response,High,2021-08-01,,
3842,Pending Customer Response,Critical,2021-11-21,,
3843,Open,High,2021-01-06,,
3844,Closed,Critical,2020-08-31,2023-06-01 18:01:59,24114.033055555556
3845,Closed,Medium,2021-10-24,2023-06-01 17:25:00,14057.416666666666
3846,Open,Medium,2021-07-13,,
3847,Open,High,2021-03-05,,
3848,Closed,Critical,2020-06-19,2023-06-01 02:44:04,25850.734444444446
3849,Open,High,2021-10-24,,
3850,Pending Customer Response,Low,2021-06-08,,
3851,Pending Customer Response,Critical,2020-10-21,,
3852,Closed,High,2021-12-22,2023-06-01 09:03:10,12633.052777777777
3853,Pending Customer Response,Medium,2021-01-29,,
3854,Closed,Low,2020-09-25,2023-06-01 04:59:12,23500.986666666668
3855,Open,Critical,2021-10-13,,
3856,Open,Critical,2021-04-23,,
3857,Open,Medium,2021-12-08,,
3858,Pending Customer Response,High,2020-01-17,,
3859,Closed,Medium,2020-10-18,2023-06-01 08:38:19,22952.63861111111
3860,Closed,High,2020-04-21,2023-06-01 03:42:21,27267.705833333333
3861,Closed,Critical,2021-06-14,2023-06-01 00:34:21,17208.5725
3862,Open,Medium,2021-05-14,,
3863,Closed,Critical,2021-05-23,2023-06-01 10:14:24,17746.24
3864,Closed,Low,2021-07-09,2023-06-01 12:27:25,16620.456944444446
3865,Open,Critical,2021-03-09,,
3866,Pending Customer Response,High,2020-03-17,,
3867,Closed,Low,2020-09-18,2023-06-01 13:51:28,23677.85777777778
3868,Closed,Medium,2020-07-04,2023-06-01 12:11:30,25500.191666666666
3869,Open,High,2021-05-23,,
3870,Pending Customer Response,Low,2020-10-02,,
3871,Closed,Critical,2020-02-25,2023-06-01 07:04:34,28615.07611111111
3872,Open,Low,2020-07-11,,
3873,Closed,Medium,2021-10-25,2023-06-01 17:22:38,14033.377222222221
3874,Open,Low,2021-08-10,,
3875,Closed,Low,2020-04-16,2023-06-01 04:17:40,27388.294444444444
3876,Open,Low,2021-06-08,,
3877,Closed,Critical,2020-09-24,2023-06-01 16:32:43,23536.54527777778
3878,Open,Critical,2020-07-24,,
3879,Pending Customer Response,Critical,2020-10-12,,
3880,Open,Critical,2021-06-06,,
3881,Open,Low,2021-09-01,,
3882,Closed,High,2020-01-02,2023-06-01 06:26:47,29910.44638888889
3883,Pending Customer Response,Low,2021-04-13,,
3884,Open,Medium,2020-02-16,,
3885,Pending Customer Response,High,2020-11-17,,
3886,Open,Medium,2021-02-17,,
3887,Open,Low,2020-07-28,,
3888,Closed,Low,2020-01-29,2023-06-01 11:30:55,29267.515277777777
3889,Closed,Critical,2020-08-28,2023-06-01 17:00:57,24185.015833333335
3890,Closed,Medium,2020-01-18,2023-06-01 23:08:59,29543.14972222222
3891,Pending Customer Response,High,2021-04-06,,
3892,Closed,Medium,2020-08-21,2023-06-01 02:12:02,24338.200555555555
3893,Pending Customer Response,Critical,2021-03-26,,
3894,Closed,Critical,2021-11-03,2023-06-01 11:59:05,13811.984722222222
3895,Open,Critical,2021-01-15,,
3896,Closed,High,2021-08-13,2023-05-31 23:23:07,15767.385277777777
3897,Open,High,2020-01-13,,
3898,Closed,Medium,2020-06-10,2023-06-01 05:05:11,26069.08638888889
3899,Pending Customer Response,Low,2020-05-27,,
3900,Pending Customer Response,High,2020-08-17,,
3901,Open,Medium,2021-04-18,,
3902,Pending Customer Response,High,2020-10-21,,
3903,Open,Critical,2020-02-10,,
3904,Closed,Critical,2021-11-29,2023-06-01 10:22:19,13186.371944444445
3905,Pending Customer Response,Critical,2020-10-03,,
3906,Closed,Critical,2021-01-17,2023-06-01 02:59:23,20762.98972222222
3907,Closed,Critical,2020-01-31,2023-06-01 18:03:23,29226.05638888889
3908,Open,High,2020-08-30,,
3909,Closed,High,2021-03-11,2023-06-01 07:43:25,19495.723611111112
3910,Closed,High,2021-08-26,2023-06-01 19:35:26,15475.590555555556
3911,Closed,Critical,2021-02-09,2023-06-01 01:20:27,20209.340833333332
3912,Open,Low,2021-04-04,,
3913,Closed,High,2020-01-30,2023-06-01 20:24:30,29252.408333333333
3914,Closed,High,2021-03-31,2023-06-01 08:58:31,19016.97527777778
3915,Pending Customer Response,High,2020-02-08,,
3916,Open,Low,2020-12-10,,
3917,Closed,Critical,2020-07-31,2023-06-01 14:36:35,24854.609722222223
3918,Closed,Medium,2020-02-10,2023-06-01 03:07:36,28971.126666666667
3919,Open,High,2020-04-20,,
3920,Closed,Medium,2020-09-25,2023-06-01 06:18:39,23502.310833333333
3921,Open,Medium,2021-07-18,,
3922,Pending Customer Response,Medium,2021-02-18,,
3923,Pending Customer Response,Low,2020-08-23,,
3924,Open,Medium,2021-06-25,,
3925,Pending Customer Response,Medium,2020-07-01,,
3926,Pending Customer Response,Low,2021-01-12,,
3927,Closed,Critical,2020-08-15,2023-06-01 11:36:48,24491.613333333335
3928,Pending Customer Response,Low,2020-12-08,,
3929,Pending Customer Response,Low,2020-07-25,,
3930,Open,Critical,2021-10-29,,
3931,Open,Low,2021-03-12,,
3932,Closed,High,2021-08-14,2023-06-01 11:11:56,15755.198888888888
3933,Open,High,2020-10-05,,
3934,Pending Customer Response,Medium,2021-05-13,,
3935,Pending Customer Response,Medium,2020-10-10,,
3936,Pending Customer Response,Critical,2020-04-20,,
3937,Pending Customer Response,High,2020-09-23,,
3938,Closed,Medium,2020-10-03,2023-06-01 07:14:05,23311.234722222223
3939,Open,High,2020-09-28,,
3940,Closed,Critical,2020-06-08,2023-06-01 13:49:07,26125.81861111111
3941,Open,Low,2020-10-24,,
3942,Closed,High,2021-04-13,2023-06-01 14:17:10,18710.286111111112
3943,Pending Customer Response,Critical,2021-06-08,,
3944,Closed,High,2020-03-14,2023-06-01 21:39:13,28197.653611111113
3945,Closed,Critical,2020-05-23,2023-06-01 04:14:15,26500.2375
3946,Closed,High,2020-03-26,2023-06-01 16:18:17,27904.304722222223
3947,Closed,High,2021-06-02,2023-06-01 09:28:19,17505.471944444445
3948,Open,Medium,2021-04-15,,
3949,Closed,High,2021-07-24,2023-06-01 07:07:22,16255.122777777779
3950,Pending Customer Response,Critical,2021-07-28,,
3951,Closed,Medium,2021-01-26,2023-06-01 16:38:25,20560.640277777777
3952,Open,Medium,2021-05-11,,
3953,Pending Customer Response,Medium,2021-01-13,,
3954,Open,Medium,2020-10-22,,
3955,Closed,High,2021-09-07,2023-06-01 03:30:30,15171.508333333333
3956,Pending Customer Response,Medium,2021-09-30,,
3957,Open,High,2021-07-16,,
3958,Closed,High,2020-11-26,2023-06-01 03:58:35,22011.97638888889
3959,Open,Low,2020-01-04,,
3960,Open,Critical,2021-06-07,,
3961,Closed,Critical,2021-09-01,2023-06-01 22:18:41,15334.31138888889
3962,Open,Medium,2020-01-05,,
3963,Open,Low,2021-09-05,,
3964,Open,Critical,2021-07-09,,
3965,Pending Customer Response,Low,2021-12-23,,
3966,Closed,High,2021-04-09,2023-06-01 02:00:49,18794.01361111111
3967,Closed,Critical,2020-07-05,2023-06-01 13:08:50,25477.147222222222
3968,Closed,Medium,2021-01-07,2023-06-01 04:15:52,21004.264444444445
3969,Closed,Medium,2020-10-20,2023-06-01 12:34:52,22908.58111111111
3970,Closed,Critical,2020-09-08,2023-06-01 18:41:54,23922.698333333334
3971,Pending Customer Response,Medium,2021-04-30,,
3972,Open,Medium,2020-02-12,,
3973,Open,Critical,2021-07-16,,
3974,Open,Critical,2021-05-17,,
3975,Pending Customer Response,High,2021-07-27,,
3976,Closed,Medium,2020-10-21,2023-06-01 10:19:01,22882.316944444443
3977,Closed,Medium,2021-11-13,2023-06-01 14:25:02,13574.417222222222
3978,Open,High,2020-02-24,,
3979,Open,Critical,2021-11-01,,
3980,Closed,High,2020-05-10,2023-06-01 02:35:06,26810.585
3981,Closed,High,2021-12-13,2023-06-01 19:25:08,12859.41888888889
3982,Pending Customer Response,Medium,2020-02-24,,
3983,Pending Customer Response,Critical,2020-04-19,,
3984,Open,Critical,2020-10-06,,
3985,Closed,Critical,2021-08-20,2023-06-01 16:58:14,15616.970555555556
3986,Open,High,2021-09-29,,
3987,Open,Low,2020-11-07,,
3988,Closed,Critical,2021-07-19,2023-06-01 07:09:19,16375.155277777778
3989,Open,Medium,2020-11-09,,
3990,Pending Customer Response,Critical,2020-03-05,,
3991,Pending Customer Response,High,2021-07-10,,
3992,Closed,Low,2021-08-01,2023-06-01 00:43:25,16056.72361111111
3993,Closed,Critical,2020-01-07,2023-06-01 01:27:27,29785.4575
3994,Open,Low,2020-05-17,,
3995,Open,Low,2020-08-31,,
3996,Closed,Critical,2021-05-21,2023-06-01 14:07:31,17798.125277777777
3997,Closed,Critical,2021-07-20,2023-06-01 20:26:33,16364.4425
3998,Open,High,2021-12-06,,
3999,Closed,High,2021-09-01,2023-05-31 23:27:36,15311.46
4000,Pending Customer Response,Low,2020-04-29,,
4001,Closed,Medium,2021-05-08,2023-06-01 05:20:39,18101.344166666666
4002,Open,Critical,2020-05-11,,
4003,Closed,Medium,2021-11-27,2023-06-01 11:19:41,13235.328055555556
4004,Pending Customer Response,Critical,2021-10-08,,
4005,Closed,Critical,2020-01-29,2023-06-01 01:27:43,29257.461944444443
4006,Closed,Low,2021-07-22,2023-06-01 18:22:45,16314.379166666668
4007,Pending Customer Response,Medium,2020-11-10,,
4008,Pending Customer Response,Medium,2021-11-17,,
4009,Pending Customer Response,Low,2021-06-27,,
4010,Open,Low,2020-07-04,,
4011,Pending Customer Response,Medium,2021-01-14,,
4012,Closed,High,2021-03-02,2023-06-01 07:53:52,19711.897777777776
4013,Pending Customer Response,Medium,2020-01-13,,
4014,Closed,Critical,2021-09-05,2023-05-31 23:38:54,15215.648333333333
4015,Closed,Medium,2021-07-02,2023-06-01 06:36:55,16782.61527777778
4016,Open,Critical,2020-09-04,,
4017,Closed,Low,2021-02-05,2023-06-01 11:19:58,20315.332777777778
4018,Open,Low,2020-08-26,,
4019,Open,Critical,2021-03-26,,
4020,Closed,High,2020-08-03,2023-06-01 22:46:02,24790.76722222222
4021,Open,High,2020-02-06,,
4022,Open,Medium,2020-06-16,,
4023,Closed,Critical,2021-05-16,2023-06-01 07:29:06,17911.485
4024,Pending Customer Response,Critical,2020-11-03,,
4025,Closed,Low,2021-11-28,2023-06-01 09:04:09,13209.069166666666
4026,Pending Customer Response,Critical,2020-07-09,,
4027,Open,High,2020-05-02,,
4028,Open,Critical,2021-09-09,,
4029,Pending Customer Response,Low,2020-02-27,,
4030,Pending Customer Response,Medium,2020-09-14,,
4031,Open,Medium,2020-09-11,,
4032,Pending Customer Response,High,2021-11-03,,
4033,Closed,High,2021-07-23,2023-06-01 14:29:19,16286.488611111112
4034,Pending Customer Response,Critical,2020-06-14,,
4035,Pending Customer Response,Low,2021-08-18,,
4036,Closed,Medium,2020-02-29,2023-06-01 00:33:24,28512.556666666667
4037,Pending Customer Response,Medium,2020-03-22,,
4038,Pending Customer Response,Low,2021-05-18,,
4039,Closed,High,2020-10-09,2023-06-01 06:57:30,23166.958333333332
4040,Closed,Medium,2020-02-09,2023-06-01 10:12:31,29002.20861111111
4041,Open,Critical,2021-02-18,,
4042,Closed,Critical,2020-12-24,2023-06-01 17:22:33,21353.37583333333
4043,Closed,High,2020-01-29,2023-06-01 21:22:35,29277.37638888889
4044,Closed,Critical,2021-08-23,2023-06-01 20:25:36,15548.426666666666
4045,Open,Critical,2020-03-18,,
4046,Open,Critical,2020-11-06,,
4047,Pending Customer Response,Low,2020-10-10,,
4048,Closed,Critical,2021-01-06,2023-06-01 04:08:42,21028.145
4049,Closed,Medium,2021-01-09,2023-06-01 14:13:42,20966.228333333333
4050,Pending Customer Response,Critical,2020-10-16,,
4051,Open,High,2020-02-05,,
4052,Pending Customer Response,Low,2020-09-08,,
4053,Pending Customer Response,Low,2021-04-05,,
4054,Pending Customer Response,Medium,2021-09-07,,
4055,Open,Critical,2020-01-02,,
4056,Open,Medium,2021-03-05,,
4057,Open,Critical,2021-05-18,,
4058,Pending Customer Response,High,2021-09-06,,
4059,Closed,Medium,2021-03-04,2023-06-01 20:11:55,19676.19861111111
4060,Open,Low,2021-05-14,,
4061,Closed,Low,2021-02-03,2023-06-01 13:35:56,20365.59888888889
4062,Closed,Low,2020-03-02,2023-06-01 13:21:57,28477.365833333333
4063,Open,Medium,2020-08-13,,
4064,Closed,High,2021-12-27,2023-06-01 18:31:59,12522.533055555556
4065,Closed,High,2021-05-20,2023-06-01 05:27:00,17813.45
4066,Open,Low,2020-11-24,,
4067,Closed,High,2020-01-21,2023-06-01 19:55:03,29467.9175
4068,Pending Customer Response,High,2020-06-19,,
4069,Closed,Low,2021-06-13,2023-06-01 20:03:06,17252.051666666666
4070,Closed,Critical,2020-04-05,2023-06-01 04:18:08,27652.30222222222
4071,Open,Critical,2021-03-28,,
4072,Pending Customer Response,High,2021-10-30,,
4073,Pending Customer Response,Low,2020-05-13,,
4074,Open,Medium,2020-07-01,,
4075,Closed,High,2020-11-12,2023-06-01 21:46:16,22365.77111111111
4076,Open,High,2021-01-19,,
4077,Pending Customer Response,Critical,2020-07-23,,
4078,Closed,Critical,2020-12-25,2023-06-01 03:56:19,21315.938611111113
4079,Pending Customer Response,Medium,2021-07-12,,
4080,Closed,High,2021-11-03,2023-06-01 03:06:22,13803.10611111111
4081,Closed,High,2021-11-02,2023-06-01 05:04:23,13829.073055555555
4082,Pending Customer Response,High,2021-08-07,,
4083,Open,Medium,2021-06-16,,
4084,Pending Customer Response,Critical,2021-12-09,,
4085,Pending Customer Response,High,2021-04-13,,
4086,Pending Customer Response,Critical,2020-05-19,,
4087,Pending Customer Response,Medium,2021-10-23,,
4088,Open,Medium,2021-08-24,,
4089,Open,Critical,2020-09-02,,
4090,Closed,Critical,2020-02-15,2023-06-01 11:50:35,28859.843055555557
4091,Open,Medium,2021-01-03,,
4092,Closed,High,2021-10-28,2023-06-01 13:14:37,13957.243611111111
4093,Open,High,2021-02-26,,
4094,Open,High,2020-07-25,,
4095,Pending Customer Response,Medium,2021-10-24,,
4096,Pending Customer Response,High,2021-03-25,,
4097,Open,Low,2020-01-16,,
4098,Open,Medium,2021-11-21,,
4099,Open,Critical,2021-07-13,,
4100,Open,Medium,2021-10-22,,
4101,Pending Customer Response,Medium,2021-04-28,,
4102,Open,Medium,2021-04-14,,
4103,Closed,Critical,2020-12-16,2023-06-01 13:26:54,21541.448333333334
4104,Pending Customer Response,Low,2020-06-03,,
4105,Open,Medium,2020-04-02,,
4106,Open,Medium,2021-12-22,,
4107,Open,High,2020-12-08,,
4108,Pending Customer Response,Critical,2021-11-19,,
4109,Open,Critical,2021-09-09,,
4110,Open,Low,2021-10-21,,
4111,Closed,Critical,2020-06-04,2023-05-31 23:26:06,26207.435
4112,Closed,Low,2021-08-20,2023-06-01 05:32:08,15605.535555555556
4113,Open,Low,2020-12-04,,
4114,Open,Low,2021-11-15,,
4115,Pending Customer Response,Critical,2021-03-30,,
4116,Open,Low,2020-06-12,,
4117,Pending Customer Response,High,2021-02-18,,
4118,Pending Customer Response,High,2020-10-22,,
4119,Pending Customer Response,Critical,2020-12-19,,
4120,Closed,High,2020-02-17,2023-05-31 23:31:18,28799.521666666667
4121,Closed,High,2020-01-14,2023-06-01 15:44:20,29631.73888888889
4122,Pending Customer Response,Low,2021-10-16,,
4123,Closed,High,2021-11-17,2023-06-01 03:56:23,13467.939722222221
4124,Closed,Critical,2021-08-12,2023-06-01 15:25:24,15807.423333333334
4125,Open,Low,2021-04-13,,
4126,Pending Customer Response,Low,2021-06-27,,
4127,Closed,Medium,2020-07-21,2023-05-31 23:24:29,25079.408055555556
4128,Pending Customer Response,High,2021-05-06,,
4129,Closed,Low,2021-06-03,2023-06-01 11:08:31,17483.141944444444
4130,Open,Critical,2020-06-12,,
4131,Closed,Critical,2020-06-25,2023-06-01 01:47:35,25705.793055555554
4132,Closed,Medium,2021-12-18,2023-06-01 00:01:37,12720.026944444444
4133,Open,Critical,2021-04-02,,
4134,Closed,High,2020-05-01,2023-06-01 18:16:41,27042.278055555555
4135,Closed,High,2020-07-30,2023-06-01 23:07:42,24887.128333333334
4136,Pending Customer Response,Critical,2021-11-22,,
4137,Closed,High,2020-04-15,2023-06-01 04:32:45,27412.545833333334
4138,Open,High,2020-12-19,,
4139,Pending Customer Response,Low,2021-09-08,,
4140,Pending Customer Response,High,2020-05-01,,
4141,Open,Medium,2021-02-20,,
4142,Pending Customer Response,Medium,2021-07-11,,
4143,Pending Customer Response,Critical,2021-02-28,,
4144,Open,Critical,2021-02-07,,
4145,Open,Medium,2021-07-12,,
4146,Closed,Critical,2021-05-04,2023-06-01 17:02:58,18209.049444444445
4147,Pending Customer Response,Medium,2020-07-19,,
4148,Closed,Medium,2021-10-30,2023-06-01 07:28:01,13903.466944444444
4149,Closed,Critical,2021-04-07,2023-06-01 07:40:01,18847.666944444445
4150,Pending Customer Response,Low,2020-10-02,,
4151,Closed,Critical,2020-01-21,2023-06-01 23:14:05,29471.234722222223
4152,Closed,Low,2020-06-22,2023-06-01 20:29:07,25796.485277777778
4153,Closed,High,2020-10-20,2023-06-01 09:18:07,22905.301944444444
4154,Open,High,2021-06-29,,
4155,Open,High,2020-04-27,,
4156,Pending Customer Response,Medium,2021-12-15,,
4157,Pending Customer Response,High,2021-04-03,,
4158,Open,High,2021-04-18,,
4159,Pending Customer Response,Critical,2020-08-21,,
4160,Pending Customer Response,Medium,2021-09-29,,
4161,Pending Customer Response,Critical,2020-08-26,,
4162,Pending Customer Response,Low,2020-10-21,,
4163,Closed,Critical,2021-09-19,2023-06-01 13:40:23,14893.673055555555
4164,Open,Medium,2020-08-21,,
4165,Pending Customer Response,High,2020-01-19,,
4166,Pending Customer Response,Critical,2021-01-04,,
4167,Pending Customer Response,Low,2020-04-24,,
4168,Closed,Critical,2021-05-11,2023-06-01 12:51:31,18036.85861111111
4169,Pending Customer Response,Critical,2021-04-15,,
4170,Closed,Medium,2021-08-12,2023-06-01 01:53:35,15793.893055555556
4171,Pending Customer Response,Medium,2021-10-25,,
4172,Pending Customer Response,High,2021-02-02,,
4173,Pending Customer Response,Critical,2020-06-19,,
4174,Open,Medium,2020-12-20,,
4175,Pending Customer Response,Medium,2020-07-03,,
4176,Open,Low,2020-01-26,,
4177,Open,Low,2020-05-02,,
4178,Open,Medium,2021-01-14,,
4179,Closed,Low,2020-12-18,2023-06-01 19:20:48,21499.346666666668
4180,Open,Critical,2021-09-10,,
4181,Open,Medium,2021-06-19,,
4182,Pending Customer Response,Medium,2020-02-20,,
4183,Open,Medium,2021-10-14,,
4184,Pending Customer Response,Medium,2020-11-17,,
4185,Open,High,2020-07-22,,
4186,Pending Customer Response,High,2020-08-29,,
4187,Pending Customer Response,Critical,2020-09-22,,
4188,Pending Customer Response,Low,2021-01-04,,
4189,Pending Customer Response,Low,2021-12-16,,
4190,Pending Customer Response,High,2021-08-13,,
4191,Open,Critical,2020-07-06,,
4192,Pending Customer Response,Medium,2020-03-28,,
4193,Closed,Critical,2021-01-10,2023-06-01 08:28:08,20936.46888888889
4194,Open,Critical,2021-11-15,,
4195,Pending Customer Response,Medium,2020-03-08,,
4196,Pending Customer Response,Critical,2021-06-05,,
4197,Pending Customer Response,Medium,2020-11-21,,
4198,Pending Customer Response,Critical,2021-04-27,,
4199,Pending Customer Response,Medium,2020-02-19,,
4200,Pending Customer Response,Critical,2020-05-23,,
4201,Closed,Medium,2020-06-03,2023-06-01 18:30:17,26250.504722222224
4202,Pending Customer Response,Critical,2020-01-11,,
4203,Pending Customer Response,Medium,2020-07-31,,
4204,Open,High,2020-02-07,,
4205,Pending Customer Response,High,2021-05-31,,
4206,Open,Critical,2021-02-06,,
4207,Open,High,2021-11-14,,
4208,Open,Medium,2020-12-09,,
4209,Pending Customer Response,High,2020-09-19,,
4210,Pending Customer Response,Medium,2020-07-13,,
4211,Closed,Critical,2021-08-11,2023-06-01 07:20:30,15823.341666666667
4212,Closed,Low,2021-12-18,2023-06-01 18:37:32,12738.625555555556
4213,Open,High,2020-02-05,,
4214,Closed,Low,2020-08-28,2023-06-01 02:08:34,24170.14277777778
4215,Pending Customer Response,High,2021-02-19,,
4216,Open,High,2020-09-22,,
4217,Pending Customer Response,High,2020-07-06,,
4218,Closed,Low,2020-09-13,2023-06-01 10:46:40,23794.777777777777
4219,Open,Medium,2020-03-31,,
4220,Pending Customer Response,Medium,2021-05-30,,
4221,Pending Customer Response,High,2020-08-01,,
4222,Pending Customer Response,High,2020-05-14,,
4223,Pending Customer Response,Critical,2021-05-29,,
4224,Pending Customer Response,Critical,2021-01-24,,
4225,Pending Customer Response,Medium,2020-04-29,,
4226,Pending Customer Response,Low,2021-08-19,,
4227,Pending Customer Response,Low,2020-08-09,,
4228,Open,High,2020-01-01,,
4229,Open,Critical,2021-03-12,,
4230,Closed,Critical,2020-11-19,2023-06-01 15:43:56,22191.73222222222
4231,Open,High,2021-07-10,,
4232,Closed,Critical,2021-02-02,2023-06-01 08:35:00,20384.583333333332
4233,Pending Customer Response,Medium,2020-05-28,,
4234,Closed,High,2020-12-26,2023-06-01 03:22:03,21291.3675
4235,Closed,High,2021-07-30,2023-06-01 19:50:03,16123.834166666667
4236,Closed,Critical,2021-10-16,2023-06-01 07:25:04,14239.417777777779
4237,Pending Customer Response,High,2021-12-22,,
4238,Closed,Low,2021-02-27,2023-05-31 23:37:07,19775.618611111113
4239,Pending Customer Response,Critical,2020-11-26,,
4240,Closed,Critical,2021-11-19,2023-06-01 11:42:11,13427.703055555556
4241,Open,High,2021-01-26,,
4242,Closed,Medium,2021-04-19,2023-06-01 20:24:14,18572.40388888889
4243,Closed,Critical,2020-01-14,2023-06-01 19:16:16,29635.27111111111
4244,Closed,High,2020-12-11,2023-06-01 09:28:16,21657.47111111111
4245,Open,High,2021-09-16,,
4246,Pending Customer Response,Medium,2020-12-31,,
4247,Closed,High,2021-11-11,2023-06-01 19:48:20,13627.805555555555
4248,Pending Customer Response,Critical,2021-07-07,,
4249,Pending Customer Response,Critical,2020-09-13,,
4250,Pending Customer Response,Low,2021-05-11,,
4251,Pending Customer Response,Medium,2021-09-28,,
4252,Pending Customer Response,High,2021-05-18,,
4253,Open,Critical,2021-03-25,,
4254,Closed,High,2021-03-15,2023-06-01 14:32:28,19406.54111111111
4255,Open,High,2020-03-01,,
4256,Pending Customer Response,High,2021-12-17,,
4257,Closed,Critical,2021-08-23,2023-06-01 01:38:31,15529.641944444444
4258,Open,Medium,2020-12-06,,
4259,Closed,Medium,2021-11-05,2023-06-01 19:56:34,13771.942777777778
4260,Pending Customer Response,Critical,2021-05-22,,
4261,Pending Customer Response,High,2020-01-31,,
4262,Open,Critical,2020-08-09,,
4263,Open,Medium,2021-01-23,,
4264,Open,High,2020-03-28,,
4265,Closed,Critical,2020-06-20,2023-06-01 18:35:40,25842.594444444443
4266,Pending Customer Response,High,2020-06-08,,
4267,Closed,Critical,2020-11-05,2023-06-01 17:14:42,22529.245
4268,Closed,Critical,2020-06-06,2023-06-01 16:43:44,26176.72888888889
4269,Closed,Low,2020-04-24,2023-06-01 02:42:46,27194.71277777778
4270,Open,Critical,2020-05-14,,
4271,Pending Customer Response,High,2021-11-06,,
4272,Pending Customer Response,High,2020-06-17,,
4273,Open,High,2020-10-30,,
4274,Pending Customer Response,High,2021-03-22,,
4275,Closed,Medium,2020-08-01,2023-06-01 10:06:54,24826.115
4276,Pending Customer Response,Critical,2020-06-23,,
4277,Pending Customer Response,Critical,2021-02-20,,
4278,Open,High,2021-05-16,,
4279,Open,Low,2021-05-14,,
4280,Open,Medium,2020-01-07,,
4281,Pending Customer Response,Critical,2020-02-29,,
4282,Closed,Medium,2021-07-29,2023-06-01 06:13:04,16134.217777777778
4283,Open,High,2020-05-06,,
4284,Pending Customer Response,Medium,2021-09-21,,
4285,Closed,Low,2020-10-31,2023-06-01 08:15:09,22640.2525
4286,Pending Customer Response,Critical,2020-05-02,,
4287,Open,Medium,2021-04-21,,
4288,Closed,Critical,2021-10-07,2023-06-01 16:13:13,14464.220277777778
4289,Open,Medium,2021-05-13,,
4290,Pending Customer Response,High,2020-08-31,,
4291,Pending Customer Response,Medium,2020-07-19,,
4292,Closed,Low,2021-09-13,2023-06-01 22:41:18,15046.688333333334
4293,Pending Customer Response,Medium,2020-12-15,,
4294,Pending Customer Response,Critical,2021-05-09,,
4295,Pending Customer Response,High,2021-04-15,,
4296,Pending Customer Response,Critical,2021-03-25,,
4297,Pending Customer Response,Low,2020-11-20,,
4298,Open,High,2020-03-03,,
4299,Pending Customer Response,Low,2021-02-26,,
4300,Open,High,2020-09-10,,
4301,Pending Customer Response,Medium,2021-02-02,,
4302,Closed,Medium,2020-12-22,2023-06-01 08:41:31,21392.691944444443
4303,Open,Low,2020-05-03,,
4304,Pending Customer Response,Medium,2021-01-29,,
4305,Closed,Medium,2020-03-25,2023-06-01 04:46:35,27916.776388888888
4306,Pending Customer Response,High,2020-03-18,,
4307,Open,Medium,2020-12-20,,
4308,Pending Customer Response,Low,2020-01-13,,
4309,Open,Medium,2021-02-06,,
4310,Open,Low,2021-04-29,,
4311,Closed,Critical,2020-10-06,2023-06-01 10:24:42,23242.411666666667
4312,Pending Customer Response,High,2021-08-09,,
4313,Open,Critical,2020-05-27,,
4314,Pending Customer Response,Low,2021-12-30,,
4315,Closed,Critical,2020-02-03,2023-06-01 09:05:47,29145.096388888887
4316,Open,High,2020-10-26,,
4317,Pending Customer Response,Low,2021-07-21,,
4318,Open,Low,2021-04-21,,
4319,Pending Customer Response,Critical,2021-07-30,,
4320,Pending Customer Response,High,2021-04-14,,
4321,Pending Customer Response,Low,2021-12-26,,
4322,Pending Customer Response,Medium,2021-05-26,,
4323,Open,High,2020-12-11,,
4324,Closed,Low,2020-01-24,2023-06-01 06:29:00,29382.483333333334
4325,Pending Customer Response,Medium,2020-05-28,,
4326,Pending Customer Response,High,2020-02-28,,
4327,Pending Customer Response,Low,2020-12-11,,
4328,Pending Customer Response,Medium,2020-06-30,,
4329,Open,Critical,2020-08-01,,
4330,Open,Low,2021-02-25,,
4331,Open,High,2020-02-23,,
4332,Pending Customer Response,Medium,2020-10-01,,
4333,Pending Customer Response,Critical,2021-04-24,,
4334,Closed,Medium,2021-07-18,2023-06-01 17:39:14,16409.65388888889
4335,Pending Customer Response,Medium,2020-03-02,,
4336,Closed,Critical,2021-12-30,2023-06-01 13:58:17,12445.97138888889
4337,Closed,Critical,2021-07-13,2023-06-01 09:10:19,16521.171944444446
4338,Pending Customer Response,Critical,2020-12-31,,
4339,Open,Low,2021-09-07,,
4340,Closed,High,2021-03-02,2023-06-01 20:15:22,19724.25611111111
4341,Open,Medium,2021-07-21,,
4342,Pending Customer Response,Medium,2020-12-19,,
4343,Closed,Low,2020-10-07,2023-06-01 15:44:27,23223.740833333333
4344,Open,High,2021-05-08,,
4345,Pending Customer Response,Low,2021-04-22,,
4346,Open,Low,2021-06-19,,
4347,Pending Customer Response,Low,2021-05-18,,
4348,Pending Customer Response,Low,2020-12-08,,
4349,Pending Customer Response,Low,2021-08-01,,
4350,Pending Customer Response,High,2021-05-25,,
4351,Open,Critical,2021-01-19,,
4352,Closed,High,2020-09-17,2023-06-01 09:12:41,23697.21138888889
4353,Pending Customer Response,High,2021-06-21,,
4354,Pending Customer Response,Medium,2021-09-10,,
4355,Closed,High,2020-04-12,2023-06-01 16:23:45,27496.395833333332
4356,Pending Customer Response,Critical,2020-07-23,,
4357,Closed,Medium,2021-12-08,2023-06-01 09:37:47,12969.629722222222
4358,Pending Customer Response,High,2021-04-29,,
4359,Pending Customer Response,High,2020-01-16,,
4360,Pending Customer Response,Critical,2021-01-12,,
4361,Closed,Medium,2020-07-14,2023-06-01 03:15:55,25251.265277777777
4362,Open,High,2020-10-20,,
4363,Pending Customer Response,Low,2020-07-14,,
4364,Open,Low,2020-12-14,,
4365,Pending Customer Response,Low,2020-03-05,,
4366,Open,High,2021-08-10,,
4367,Open,Critical,2020-06-28,,
4368,Closed,High,2020-02-22,2023-06-01 20:11:05,28700.18472222222
4369,Open,High,2021-12-15,,
4370,Pending Customer Response,High,2021-05-17,,
4371,Pending Customer Response,High,2020-05-01,,
4372,Open,High,2020-07-24,,
4373,Pending Customer Response,Low,2020-11-23,,
4374,Pending Customer Response,Medium,2020-04-27,,
4375,Closed,Critical,2021-10-10,2023-06-01 15:25:14,14391.420555555556
4376,Pending Customer Response,Critical,2020-03-12,,
4377,Open,Low,2020-09-04,,
4378,Closed,Critical,2020-05-05,2023-05-31 23:55:18,26927.921666666665
4379,Closed,Critical,2020-08-06,2023-06-01 22:27:19,24718.45527777778
4380,Closed,Critical,2020-05-04,2023-06-01 02:29:20,26954.48888888889
4381,Pending Customer Response,High,2020-05-07,,
4382,Pending Customer Response,Medium,2020-11-24,,
4383,Closed,Critical,2020-03-29,2023-06-01 14:56:25,27830.94027777778
4384,Closed,Critical,2020-10-25,2023-06-01 20:35:27,22796.590833333332
4385,Pending Customer Response,High,2020-06-01,,
4386,Closed,Medium,2020-10-09,2023-06-01 15:59:28,23175.99111111111
4387,Pending Customer Response,Low,2021-06-23,,
4388,Open,Critical,2021-04-24,,
4389,Closed,Critical,2020-10-03,2023-06-01 15:33:33,23319.559166666666
4390,Open,High,2020-10-27,,
4391,Closed,Low,2020-10-06,2023-06-01 18:01:37,23250.026944444446
4392,Open,Medium,2021-06-22,,
4393,Pending Customer Response,Low,2021-09-20,,
4394,Pending Customer Response,Medium,2020-10-15,,
4395,Pending Customer Response,Critical,2020-09-01,,
4396,Pending Customer Response,Low,2021-02-11,,
4397,Open,Low,2021-12-06,,
4398,Open,High,2020-04-20,,
4399,Closed,Critical,2021-01-05,2023-06-01 07:16:48,21055.28
4400,Closed,Medium,2021-02-21,2023-06-01 22:46:50,19942.780555555557
4401,Closed,High,2021-02-09,2023-06-01 23:07:52,20231.13111111111
4402,Pending Customer Response,High,2021-08-19,,
4403,Open,Low,2020-09-25,,
4404,Open,Critical,2021-09-06,,
4405,Closed,High,2020-01-13,2023-06-01 02:02:55,29642.04861111111
4406,Pending Customer Response,Medium,2021-07-10,,
4407,Pending Customer Response,High,2020-07-25,,
4408,Pending Customer Response,High,2021-09-27,,
4409,Closed,Low,2020-08-29,2023-06-01 06:01:00,24150.016666666666
4410,Open,Medium,2020-02-26,,
4411,Closed,High,2020-08-04,2023-06-01 14:36:03,24758.600833333334
4412,Pending Customer Response,Low,2020-06-18,,
4413,Closed,Medium,2021-06-29,2023-06-01 08:39:06,16856.65166666667
4414,Open,High,2020-01-03,,
4415,Open,Critical,2020-06-07,,
4416,Closed,Medium,2020-07-19,2023-06-01 18:12:10,25146.202777777777
4417,Open,Critical,2020-01-04,,
4418,Closed,Low,2020-05-18,2023-06-01 14:15:12,26630.253333333334
4419,Pending Customer Response,Medium,2020-12-08,,
4420,Pending Customer Response,Critical,2021-06-24,,
4421,Closed,Medium,2021-02-04,2023-06-01 12:14:14,20340.237222222222
4422,Open,High,2020-07-08,,
4423,Pending Customer Response,High,2020-02-15,,
4424,Closed,Critical,2020-12-09,2023-06-01 10:37:18,21706.621666666666
4425,Closed,Medium,2021-06-13,2023-06-01 06:50:20,17238.838888888888
4426,Closed,Critical,2020-04-02,2023-06-01 06:24:22,27726.40611111111
4427,Closed,Low,2021-01-18,2023-06-01 04:17:23,20740.289722222224
4428,Pending Customer Response,Medium,2020-04-04,,
4429,Open,High,2020-10-25,,
4430,Open,Low,2021-08-26,,
4431,Open,Critical,2020-10-16,,
4432,Pending Customer Response,Medium,2020-10-21,,
4433,Closed,Critical,2020-06-20,2023-06-01 01:38:30,25825.641666666666
4434,Closed,High,2020-01-05,2023-06-01 05:01:31,29837.02527777778
4435,Open,Critical,2021-07-19,,
4436,Open,Critical,2020-06-03,,
4437,Pending Customer Response,Low,2020-07-21,,
4438,Closed,Critical,2021-10-21,2023-06-01 07:27:36,14119.46
4439,Pending Customer Response,Medium,2021-03-30,,
4440,Closed,Critical,2020-07-23,2023-06-01 10:49:39,25042.8275
4441,Pending Customer Response,High,2021-11-21,,
4442,Pending Customer Response,Medium,2021-09-01,,
4443,Closed,Medium,2020-01-31,2023-06-01 04:11:44,29212.195555555554
4444,Pending Customer Response,Critical,2021-06-04,,
4445,Open,Critical,2021-12-21,,
4446,Pending Customer Response,Low,2021-01-19,,
4447,Open,Medium,2020-08-25,,
4448,Pending Customer Response,Medium,2021-08-28,,
4449,Pending Customer Response,Critical,2021-11-19,,
4450,Open,Medium,2020-07-05,,
4451,Pending Customer Response,Medium,2020-09-25,,
4452,Open,Medium,2020-04-15,,
4453,Closed,Critical,2021-11-04,2023-06-01 03:56:59,13779.949722222222
4454,Closed,High,2021-07-29,2023-06-01 01:01:00,16129.016666666666
4455,Pending Customer Response,Low,2021-08-04,,
4456,Open,High,2021-09-01,,
4457,Pending Customer Response,Critical,2020-01-13,,
4458,Closed,Low,2020-03-22,2023-06-01 04:08:06,27988.135
4459,Open,Low,2020-04-19,,
4460,Closed,Medium,2020-01-02,2023-06-01 19:05:09,29923.085833333334
4461,Pending Customer Response,Low,2021-11-16,,
4462,Pending Customer Response,High,2020-10-29,,
4463,Closed,Low,2021-07-31,2023-06-01 06:31:14,16086.520555555555
4464,Open,Medium,2021-02-03,,
4465,Closed,Low,2020-04-29,2023-06-01 15:23:17,27087.388055555555
4466,Open,Medium,2020-03-08,,
4467,Open,Low,2021-04-17,,
4468,Pending Customer Response,Critical,2021-03-03,,
4469,Pending Customer Response,Medium,2020-10-08,,
4470,Pending Customer Response,Critical,2021-04-29,,
4471,Pending Customer Response,High,2021-09-11,,
4472,Open,Low,2020-09-24,,
4473,Open,Low,2021-04-05,,
4474,Closed,High,2021-06-05,2023-06-01 10:25:28,17434.424444444445
4475,Pending Customer Response,High,2021-04-19,,
4476,Closed,High,2021-03-25,2023-06-01 21:02:31,19173.041944444445
4477,Open,Critical,2021-04-05,,
4478,Closed,Low,2021-02-17,2023-06-01 11:00:34,20027.009444444444
4479,Open,Medium,2021-03-16,,
4480,Open,Low,2020-10-13,,
4481,Closed,High,2021-09-24,2023-06-01 16:25:38,14776.427222222223
4482,Closed,Critical,2020-04-20,2023-06-01 14:01:39,27302.0275
4483,Pending Customer Response,Medium,2020-08-05,,
4484,Pending Customer Response,Low,2021-08-25,,
4485,Closed,High,2020-12-15,2023-06-01 11:54:42,21563.911666666667
4486,Pending Customer Response,High,2021-02-06,,
4487,Pending Customer Response,Medium,2020-02-21,,
4488,Open,Low,2020-01-06,,
4489,Pending Customer Response,Medium,2021-07-13,,
4490,Open,High,2020-01-15,,
4491,Closed,Critical,2020-09-28,2023-06-01 19:13:51,23443.230833333335
4492,Open,High,2020-02-02,,
4493,Closed,Critical,2020-11-13,2023-06-01 10:22:53,22330.381388888887
4494,Pending Customer Response,Low,2021-08-27,,
4495,Pending Customer Response,Medium,2020-10-12,,
4496,Closed,Low,2021-03-08,2023-06-01 01:10:58,19561.182777777776
4497,Closed,High,2021-06-24,2023-06-01 22:21:59,16990.366388888888
4498,Closed,High,2021-11-01,2023-06-01 02:51:01,13850.850277777778
4499,Pending Customer Response,Medium,2020-11-04,,
4500,Open,Critical,2020-08-30,,
4501,Closed,Low,2021-03-10,2023-05-31 23:34:05,19511.568055555555
4502,Open,Low,2020-07-23,,
4503,Pending Customer Response,Critical,2020-03-18,,
4504,Closed,Low,2020-01-01,2023-06-01 19:04:08,29947.068888888887
4505,Closed,Low,2021-04-06,2023-06-01 11:06:09,18875.1025
4506,Closed,High,2021-11-17,2023-06-01 16:20:10,13480.336111111112
4507,Closed,Critical,2021-09-06,2023-06-01 13:08:11,15205.136388888888
4508,Pending Customer Response,Low,2021-05-19,,
4509,Open,Critical,2020-04-09,,
4510,Open,Low,2021-02-19,,
4511,Open,Low,2020-09-29,,
4512,Closed,Low,2021-11-21,2023-06-01 00:02:19,13368.038611111111
4513,Closed,Low,2020-02-29,2023-06-01 14:02:21,28526.039166666666
4514,Closed,Critical,2021-07-28,2023-06-01 16:16:23,16168.273055555555
4515,Pending Customer Response,Critical,2021-06-09,,
4516,Open,Critical,2021-01-06,,
4517,Closed,Critical,2020-10-07,2023-06-01 05:39:27,23213.6575
4518,Closed,Low,2020-02-16,2023-06-01 12:00:29,28836.008055555554
4519,Closed,High,2021-04-24,2023-06-01 02:52:30,18434.875
4520,Pending Customer Response,Critical,2020-04-26,,
4521,Pending Customer Response,Low,2021-08-05,,
4522,Open,High,2020-08-10,,
4523,Open,High,2021-03-30,,
4524,Open,Low,2020-03-02,,
4525,Closed,Medium,2020-06-08,2023-06-01 17:41:39,26129.694166666668
4526,Closed,Critical,2020-03-22,2023-06-01 10:56:39,27994.944166666668
4527,Open,Critical,2021-02-02,,
4528,Open,Critical,2021-09-15,,
4529,Closed,Low,2020-03-30,2023-06-01 08:13:42,27800.228333333333
4530,Closed,Critical,2021-06-26,2023-06-01 15:18:44,16935.312222222223
4531,Closed,Critical,2020-04-10,2023-06-01 20:13:46,27548.229444444445
4532,Pending Customer Response,High,2021-05-26,,
4533,Closed,High,2021-11-17,2023-06-01 00:40:48,13464.68
4534,Open,High,2020-07-22,,
4535,Pending Customer Response,Low,2021-12-14,,
4536,Pending Customer Response,Low,2020-11-20,,
4537,Open,Medium,2020-10-20,,
4538,Pending Customer Response,Critical,2021-06-13,,
4539,Open,Medium,2020-11-15,,
4540,Open,Critical,2020-12-19,,
4541,Closed,Low,2021-12-23,2023-06-01 00:20:58,12600.349444444444
4542,Pending Customer Response,Critical,2020-03-12,,
4543,Pending Customer Response,Medium,2020-11-09,,
4544,Open,Low,2020-11-07,,
4545,Closed,Low,2021-03-19,2023-06-01 00:40:02,19296.667222222222
4546,Pending Customer Response,Low,2021-03-23,,
4547,Pending Customer Response,Medium,2021-08-21,,
4548,Open,Low,2021-10-18,,
4549,Open,High,2021-12-29,,
4550,Closed,Low,2020-12-25,2023-06-01 00:03:09,21312.0525
4551,Closed,Low,2020-03-30,2023-06-01 07:58:10,27799.969444444443
4552,Pending Customer Response,Medium,2020-02-28,,
4553,Pending Customer Response,Medium,2021-12-19,,
4554,Open,Critical,2020-04-28,,
4555,Open,Medium,2021-11-05,,
4556,Pending Customer Response,Critical,2020-07-08,,
4557,Open,Critical,2021-07-27,,
4558,Pending Customer Response,Low,2021-12-05,,
4559,Closed,High,2020-10-17,2023-06-01 23:24:19,22991.405277777776
4560,Open,Low,2021-10-17,,
4561,Open,Medium,2021-06-27,,
4562,Closed,Low,2020-05-24,2023-06-01 17:21:24,26489.356666666667
4563,Pending Customer Response,Critical,2020-11-10,,
4564,Open,Medium,2021-05-03,,
4565,Closed,Medium,2020-10-21,2023-06-01 07:56:28,22879.94111111111
4566,Open,High,2021-07-19,,
4567,Open,Critical,2020-05-26,,
4568,Open,High,2021-03-24,,
4569,Pending Customer Response,Critical,2020-08-04,,
4570,Open,High,2021-01-13,,
4571,Pending Customer Response,Critical,2021-12-04,,
4572,Closed,Low,2020-06-14,2023-06-01 08:04:37,25976.076944444445
4573,Closed,Low,2021-08-15,2023-06-01 20:28:39,15740.4775
4574,Closed,High,2021-05-03,2023-06-01 15:03:40,18231.06111111111
4575,Open,Medium,2020-01-25,,
4576,Pending Customer Response,Low,2021-08-14,,
4577,Closed,Critical,2021-04-24,2023-06-01 18:39:43,18450.661944444444
4578,Closed,Medium,2021-04-03,2023-06-01 03:02:45,18939.045833333334
4579,Pending Customer Response,High,2021-03-10,,
4580,Pending Customer Response,High,2020-01-03,,
4581,Closed,Medium,2021-04-10,2023-06-01 18:14:48,18786.246666666666
4582,Open,Critical,2020-07-03,,
4583,Closed,Medium,2021-02-04,2023-06-01 21:32:52,20349.547777777778
4584,Pending Customer Response,Low,2020-09-11,,
4585,Closed,Low,2021-05-06,2023-06-01 00:48:54,18144.815
4586,Open,High,2021-06-08,,
4587,Pending Customer Response,Low,2021-10-29,,
4588,Pending Customer Response,High,2021-03-05,,
4589,Pending Customer Response,Medium,2020-07-30,,
4590,Closed,Critical,2020-04-11,2023-06-01 10:57:02,27514.950555555555
4591,Closed,Critical,2021-02-21,2023-06-01 10:24:03,19930.400833333333
4592,Closed,Low,2021-08-28,2023-06-01 06:16:05,15414.268055555556
4593,Closed,High,2020-05-10,2023-06-01 16:38:07,26824.63527777778
4594,Closed,Low,2020-10-05,2023-06-01 10:49:07,23266.81861111111
4595,Open,Low,2021-12-13,,
4596,Closed,Critical,2021-08-14,2023-06-01 18:43:09,15762.719166666666
4597,Open,Critical,2021-01-29,,
4598,Pending Customer Response,Critical,2020-05-16,,
4599,Open,High,2021-09-12,,
4600,Pending Customer Response,Critical,2021-04-04,,
4601,Closed,High,2021-10-12,2023-06-01 00:39:18,14328.655
4602,Closed,Low,2021-11-11,2023-06-01 18:24:19,13626.405277777778
4603,Closed,Medium,2020-12-21,2023-06-01 02:43:21,21410.7225
4604,Pending Customer Response,Low,2021-12-19,,
4605,Open,Critical,2020-11-29,,
4606,Open,Low,2021-11-11,,
4607,Closed,High,2021-08-17,2023-06-01 10:22:27,15682.374166666666
4608,Pending Customer Response,Medium,2020-05-19,,
4609,Pending Customer Response,High,2021-07-12,,
4610,Pending Customer Response,Medium,2020-11-07,,
4611,Pending Customer Response,High,2020-08-20,,
4612,Closed,Low,2021-03-04,2023-06-01 12:29:32,19668.492222222223
4613,Open,Low,2020-10-22,,
4614,Pending Customer Response,High,2021-01-13,,
4615,Closed,Medium,2020-11-30,2023-06-01 07:42:37,21919.710277777776
4616,Closed,Low,2021-05-22,2023-06-01 18:02:39,17778.044166666667
4617,Closed,Medium,2021-06-30,2023-06-01 03:03:40,16827.06111111111
4618,Pending Customer Response,Medium,2021-07-16,,
4619,Open,Critical,2021-08-05,,
4620,Closed,Low,2020-07-27,2023-06-01 16:11:44,24952.195555555554
4621,Closed,High,2020-08-12,2023-06-01 02:13:46,24554.229444444445
4622,Closed,High,2020-01-15,2023-06-01 07:59:47,29599.99638888889
4623,Pending Customer Response,High,2020-12-16,,
4624,Pending Customer Response,High,2021-04-24,,
4625,Open,Medium,2021-10-27,,
4626,Pending Customer Response,Medium,2020-02-03,,
4627,Open,High,2020-11-17,,
4628,Closed,Medium,2021-01-14,2023-06-01 01:49:56,20833.832222222223
4629,Pending Customer Response,High,2020-12-08,,
4630,Pending Customer Response,Critical,2020-01-20,,
4631,Open,High,2021-09-28,,
4632,Pending Customer Response,Medium,2020-03-07,,
4633,Closed,Medium,2020-03-31,2023-06-01 06:26:04,27774.434444444443
4634,Pending Customer Response,High,2020-03-04,,
4635,Closed,Low,2021-04-12,2023-06-01 00:20:06,18720.335
4636,Pending Customer Response,Medium,2021-09-23,,
4637,Open,Medium,2020-10-20,,
4638,Open,Low,2020-09-20,,
4639,Pending Customer Response,High,2021-12-27,,
4640,Open,Medium,2020-10-14,,
4641,Open,High,2020-02-08,,
4642,Open,Low,2021-10-01,,
4643,Closed,Low,2021-04-15,2023-06-01 18:26:17,18666.438055555554
4644,Pending Customer Response,Critical,2020-07-13,,
4645,Open,High,2021-03-04,,
4646,Open,Medium,2020-12-26,,
4647,Pending Customer Response,High,2021-02-01,,
4648,Open,Critical,2021-03-15,,
4649,Open,Critical,2020-03-13,,
4650,Closed,Low,2020-11-20,2023-06-01 00:58:27,22152.974166666667
4651,Pending Customer Response,Low,2021-09-23,,
4652,Open,Medium,2021-03-11,,
4653,Closed,High,2021-04-07,2023-06-01 15:18:32,18855.30888888889
4654,Open,High,2021-10-05,,
4655,Open,Critical,2020-04-21,,
4656,Closed,Medium,2020-10-09,2023-06-01 06:39:36,23166.66
4657,Open,Medium,2021-01-21,,
4658,Open,Critical,2020-01-26,,
4659,Open,Low,2020-01-10,,
4660,Pending Customer Response,Low,2021-03-13,,
4661,Pending Customer Response,High,2020-11-04,,
4662,Open,High,2021-07-02,,
4663,Open,High,2020-11-21,,
4664,Closed,Critical,2021-12-01,2023-06-01 11:15:48,13139.263333333334
4665,Closed,Low,2020-05-13,2023-06-01 06:21:50,26742.36388888889
4666,Closed,High,2021-12-04,2023-06-01 23:31:52,13079.531111111111
4667,Pending Customer Response,Medium,2020-01-20,,
4668,Pending Customer Response,Critical,2020-08-15,,
4669,Open,High,2021-02-15,,
4670,Closed,Critical,2021-01-06,2023-06-01 15:56:58,21039.949444444443
4671,Open,Low,2020-06-13,,
4672,Open,Critical,2020-05-21,,
4673,Pending Customer Response,Medium,2020-08-25,,
4674,Open,Medium,2020-08-03,,
4675,Closed,Medium,2021-07-29,2023-06-01 14:16:04,16142.267777777777
4676,Closed,Critical,2020-08-09,2023-06-01 08:56:06,24632.935
4677,Closed,Medium,2021-05-19,2023-06-01 16:04:06,17848.068333333333
4678,Open,High,2021-09-18,,
4679,Open,Critical,2021-06-27,,
4680,Pending Customer Response,High,2021-10-01,,
4681,Pending Customer Response,High,2021-12-24,,
4682,Pending Customer Response,High,2020-11-12,,
4683,Pending Customer Response,Low,2020-01-06,,
4684,Pending Customer Response,Low,2021-04-08,,
4685,Open,Medium,2021-05-25,,
4686,Closed,High,2021-10-02,2023-06-01 13:25:18,14581.421666666667
4687,Open,Low,2021-09-12,,
4688,Open,Medium,2020-12-23,,
4689,Closed,High,2021-05-07,2023-06-01 03:34:24,18123.573333333334
4690,Closed,Critical,2020-06-24,2023-06-01 06:10:26,25734.17388888889
4691,Open,Medium,2020-08-25,,
4692,Pending Customer Response,High,2021-09-03,,
4693,Closed,Critical,2021-10-01,2023-06-01 15:32:29,14607.541388888889
4694,Pending Customer Response,Low,2021-09-12,,
4695,Open,High,2020-10-26,,
4696,Closed,Low,2020-06-15,2023-06-01 21:23:31,25965.391944444444
4697,Closed,Medium,2021-01-18,2023-06-01 09:47:32,20745.792222222222
4698,Open,Medium,2021-07-27,,
4699,Open,Medium,2021-05-02,,
4700,Pending Customer Response,Medium,2021-08-26,,
4701,Closed,Critical,2021-02-17,2023-06-01 23:09:38,20039.160555555554
4702,Closed,High,2021-05-20,2023-06-01 03:02:40,17811.044444444444
4703,Open,Low,2020-10-24,,
4704,Closed,High,2020-09-01,2023-06-01 23:13:43,24095.22861111111
4705,Closed,Low,2021-01-27,2023-06-01 00:37:45,20520.629166666666
4706,Closed,High,2021-12-17,2023-06-01 11:09:47,12755.163055555555
4707,Pending Customer Response,High,2020-08-26,,
4708,Open,Low,2020-08-04,,
4709,Closed,Medium,2021-04-02,2023-06-01 09:45:51,18969.764166666668
4710,Pending Customer Response,Medium,2020-12-25,,
4711,Closed,Low,2021-12-04,2023-06-01 03:39:55,13059.665277777778
4712,Closed,Critical,2021-08-16,2023-06-01 11:30:56,15707.515555555556
4713,Pending Customer Response,Low,2020-02-19,,
4714,Open,High,2020-05-12,,
4715,Closed,High,2021-02-17,2023-06-01 04:31:59,20020.533055555556
4716,Open,Low,2020-06-07,,
4717,Open,Low,2021-04-18,,
4718,Closed,Critical,2020-04-25,2023-06-01 09:55:03,27177.9175
4719,Pending Customer Response,Medium,2020-02-26,,
4720,Open,High,2021-02-01,,
4721,Open,Critical,2021-05-05,,
4722,Closed,High,2021-03-11,2023-06-01 23:28:08,19511.46888888889
4723,Open,High,2020-03-13,,
4724,Open,Low,2021-08-10,,
4725,Closed,Critical,2020-01-09,2023-06-01 03:01:12,29739.02
4726,Open,Critical,2020-10-21,,
4727,Open,Medium,2021-05-24,,
4728,Pending Customer Response,Medium,2021-08-19,,
4729,Open,High,2021-05-13,,
4730,Closed,Low,2021-12-25,2023-06-01 23:26:18,12575.438333333334
4731,Pending Customer Response,Critical,2020-09-04,,
4732,Pending Customer Response,Medium,2020-08-19,,
4733,Open,Low,2020-07-03,,
4734,Closed,High,2020-09-09,2023-06-01 22:08:23,23902.139722222222
4735,Open,Low,2020-03-11,,
4736,Closed,Critical,2020-02-01,2023-06-01 21:51:26,29205.85722222222
4737,Open,Medium,2020-08-19,,
4738,Closed,Medium,2020-01-21,2023-06-01 02:43:29,29450.72472222222
4739,Pending Customer Response,Medium,2020-02-24,,
4740,Open,High,2020-09-29,,
4741,Open,High,2021-09-23,,
4742,Open,Critical,2021-08-15,,
4743,Open,Critical,2021-07-02,,
4744,Closed,High,2020-08-04,2023-06-01 16:04:39,24760.0775
4745,Open,High,2021-05-05,,
4746,Closed,Low,2020-06-21,2023-06-01 07:59:42,25807.995
4747,Closed,High,2020-04-04,2023-06-01 06:05:43,27678.09527777778
4748,Open,Medium,2021-06-22,,
4749,Closed,Critical,2020-08-06,2023-06-01 21:03:47,24717.063055555554
4750,Open,High,2020-11-03,,
4751,Open,Medium,2020-03-15,,
4752,Pending Customer Response,Medium,2020-05-27,,
4753,Closed,Low,2021-04-02,2023-06-01 22:15:51,18982.264166666668
4754,Pending Customer Response,High,2020-10-05,,
4755,Pending Customer Response,High,2021-02-01,,
4756,Pending Customer Response,Medium,2021-03-22,,
4757,Open,Low,2020-03-25,,
4758,Open,Critical,2021-10-01,,
4759,Open,Low,2020-11-05,,
4760,Pending Customer Response,Low,2021-11-23,,
4761,Pending Customer Response,High,2020-03-25,,
4762,Pending Customer Response,Medium,2021-08-12,,
4763,Open,Critical,2020-11-30,,
4764,Open,Low,2020-06-13,,
4765,Pending Customer Response,Low,2020-10-31,,
4766,Closed,Medium,2020-09-08,2023-06-01 07:29:06,23911.485
4767,Closed,Low,2021-10-06,2023-06-01 18:40:08,14490.66888888889
4768,Closed,High,2020-07-01,2023-06-01 12:02:10,25572.036111111112
4769,Open,Medium,2021-08-03,,
4770,Closed,Low,2021-12-23,2023-06-01 05:28:13,12605.470277777778
4771,Closed,High,2021-01-24,2023-06-01 03:41:14,20595.687222222223
4772,Open,High,2020-09-12,,
4773,Pending Customer Response,Critical,2021-05-17,,
4774,Closed,Critical,2021-09-06,2023-06-01 02:48:17,15194.804722222223
4775,Closed,Medium,2021-04-13,2023-06-01 11:33:18,18707.555
4776,Pending Customer Response,Low,2021-09-05,,
4777,Open,High,2021-08-17,,
4778,Closed,High,2020-09-19,2023-06-01 11:45:23,23651.756388888887
4779,Closed,Critical,2021-07-16,2023-06-01 05:29:25,16445.49027777778
4780,Open,Critical,2021-12-06,,
4781,Open,High,2021-03-30,,
4782,Pending Customer Response,High,2020-10-20,,
4783,Open,Medium,2021-05-26,,
4784,Closed,High,2020-08-13,2023-06-01 10:46:31,24538.77527777778
4785,Pending Customer Response,Medium,2020-11-18,,
4786,Pending Customer Response,Low,2020-03-02,,
4787,Open,Low,2020-11-10,,
4788,Open,Medium,2021-03-30,,
4789,Pending Customer Response,Medium,2021-04-05,,
4790,Open,Critical,2021-10-23,,
4791,Open,Critical,2021-03-31,,
4792,Pending Customer Response,Critical,2021-06-14,,
4793,Pending Customer Response,Medium,2020-03-02,,
4794,Open,Critical,2021-12-10,,
4795,Open,High,2020-09-20,,
4796,Open,High,2021-03-31,,
4797,Pending Customer Response,Critical,2021-11-24,,
4798,Pending Customer Response,High,2020-03-02,,
4799,Pending Customer Response,High,2020-07-17,,
4800,Open,High,2021-11-25,,
4801,Open,Critical,2020-11-11,,
4802,Open,High,2020-04-19,,
4803,Closed,Low,2021-06-05,2023-06-01 20:58:53,17444.98138888889
4804,Open,Medium,2020-04-12,,
4805,Closed,Medium,2020-06-21,2023-06-01 13:35:57,25813.599166666667
4806,Pending Customer Response,Critical,2021-01-01,,
4807,Open,Low,2020-10-09,,
4808,Open,Low,2020-06-13,,
4809,Open,Low,2020-05-09,,
4810,Open,Critical,2021-04-16,,
4811,Open,Low,2021-09-30,,
4812,Open,Low,2021-01-15,,
4813,Pending Customer Response,Critical,2021-01-03,,
4814,Pending Customer Response,Low,2021-06-29,,
4815,Pending Customer Response,High,2020-01-13,,
4816,Closed,High,2020-02-09,2023-06-01 07:12:13,28999.203611111112
4817,Closed,High,2020-04-04,2023-06-01 17:14:15,27689.2375
4818,Closed,High,2020-12-13,2023-06-01 11:24:17,21611.40472222222
4819,Open,Low,2020-01-28,,
4820,Open,Medium,2021-07-12,,
4821,Closed,Low,2020-03-01,2023-06-01 20:38:21,28508.639166666668
4822,Open,High,2021-09-18,,
4823,Pending Customer Response,Low,2021-02-13,,
4824,Open,Low,2021-05-15,,
4825,Pending Customer Response,Medium,2021-06-10,,
4826,Closed,Medium,2020-12-18,2023-06-01 17:19:25,21497.32361111111
4827,Open,High,2020-04-24,,
4828,Open,High,2021-01-31,,
4829,Pending Customer Response,Medium,2020-04-26,,
4830,Pending Customer Response,Low,2021-07-10,,
4831,Pending Customer Response,High,2020-03-24,,
4832,Closed,Low,2021-11-03,2023-06-01 12:59:32,13812.992222222223
4833,Closed,High,2021-08-01,2023-06-01 23:09:34,16079.159444444444
4834,Pending Customer Response,Medium,2021-01-03,,
4835,Closed,Low,2021-05-05,2023-06-01 23:20:37,18191.34361111111
4836,Pending Customer Response,Medium,2021-04-09,,
4837,Open,Low,2020-07-02,,
4838,Pending Customer Response,Low,2021-08-18,,
4839,Open,Critical,2020-05-11,,
4840,Open,High,2021-02-28,,
4841,Open,High,2021-07-19,,
4842,Closed,Critical,2021-04-17,2023-06-01 22:30:45,18622.5125
4843,Closed,Low,2020-09-05,2023-06-01 10:56:47,23986.94638888889
4844,Open,Critical,2020-09-06,,
4845,Open,Critical,2021-07-24,,
4846,Pending Customer Response,Critical,2021-02-02,,
4847,Pending Customer Response,Critical,2020-06-16,,
4848,Open,High,2020-06-12,,
4849,Open,High,2020-03-06,,
4850,Closed,Low,2021-02-05,2023-06-01 18:49:57,20322.8325
4851,Pending Customer Response,Critical,2020-09-17,,
4852,Pending Customer Response,Low,2021-04-04,,
4853,Pending Customer Response,Medium,2021-11-15,,
4854,Pending Customer Response,Medium,2020-08-17,,
4855,Open,Medium,2020-06-22,,
4856,Pending Customer Response,Low,2020-08-04,,
4857,Open,Critical,2020-05-20,,
4858,Closed,Critical,2021-04-16,2023-06-01 10:58:09,18634.969166666666
4859,Open,Medium,2020-02-28,,
4860,Open,Medium,2020-08-17,,
4861,Pending Customer Response,Low,2021-11-02,,
4862,Pending Customer Response,Low,2020-12-22,,
4863,Open,Medium,2020-12-09,,
4864,Open,High,2020-03-18,,
4865,Pending Customer Response,Medium,2021-02-20,,
4866,Closed,High,2021-05-26,2023-06-01 05:32:20,17669.53888888889
4867,Pending Customer Response,Low,2021-10-02,,
4868,Pending Customer Response,Critical,2020-09-28,,
4869,Open,Low,2021-12-09,,
4870,Closed,Medium,2021-10-25,2023-06-01 21:39:26,14037.657222222222
4871,Closed,Critical,2021-02-17,2023-06-01 07:37:28,20023.624444444446
4872,Pending Customer Response,High,2021-05-09,,
4873,Pending Customer Response,Critical,2020-11-27,,
4874,Closed,Medium,2020-07-04,2023-06-01 02:45:33,25490.759166666667
4875,Closed,High,2021-12-23,2023-06-01 02:41:34,12602.692777777778
4876,Open,Critical,2020-11-21,,
4877,Open,Critical,2020-06-19,,
4878,Closed,Medium,2020-09-05,2023-06-01 10:01:36,23986.02666666667
4879,Pending Customer Response,High,2020-09-18,,
4880,Open,High,2020-04-01,,
4881,Open,Medium,2021-11-10,,
4882,Pending Customer Response,Low,2021-11-21,,
4883,Closed,High,2020-10-08,2023-06-01 03:28:43,23187.47861111111
4884,Closed,Medium,2021-09-21,2023-06-01 12:01:45,14844.029166666667
4885,Closed,High,2021-11-23,2023-06-01 14:22:46,13334.379444444445
4886,Pending Customer Response,Critical,2020-11-02,,
4887,Open,Low,2021-03-15,,
4888,Pending Customer Response,Critical,2020-10-23,,
4889,Pending Customer Response,Low,2020-10-24,,
4890,Closed,Medium,2021-02-22,2023-06-01 01:30:53,19897.514722222222
4891,Closed,Medium,2020-06-29,2023-06-01 08:23:54,25616.398333333334
4892,Closed,Low,2020-06-29,2023-06-01 05:52:55,25613.881944444445
4893,Pending Customer Response,Medium,2021-10-22,,
4894,Pending Customer Response,High,2021-12-29,,
4895,Closed,High,2021-04-12,2023-06-01 07:03:00,18727.05
4896,Pending Customer Response,High,2021-10-10,,
4897,Pending Customer Response,Critical,2020-06-11,,
4898,Closed,Low,2021-09-22,2023-06-01 06:24:05,14814.40138888889
4899,Open,Low,2021-07-10,,
4900,Pending Customer Response,Critical,2021-10-08,,
4901,Pending Customer Response,Critical,2021-01-09,,
4902,Closed,Medium,2021-05-01,2023-06-01 13:40:10,18277.669444444444
4903,Closed,Critical,2020-05-14,2023-06-01 21:28:12,26733.47
4904,Open,Medium,2021-12-19,,
4905,Pending Customer Response,Low,2021-11-15,,
4906,Open,Low,2021-11-06,,
4907,Pending Customer Response,Medium,2020-06-30,,
4908,Open,High,2020-03-09,,
4909,Closed,Medium,2021-05-03,2023-06-01 15:08:22,18231.139444444445
4910,Closed,High,2020-07-18,2023-06-01 11:57:23,25163.956388888888
4911,Open,Low,2021-12-25,,
4912,Open,Critical,2020-01-03,,
4913,Open,High,2021-11-21,,
4914,Closed,Critical,2021-06-10,2023-06-01 00:03:27,17304.0575
4915,Pending Customer Response,Low,2021-06-28,,
4916,Closed,Critical,2021-10-03,2023-06-01 03:08:30,14547.141666666666
4917,Pending Customer Response,High,2021-09-01,,
4918,Open,Critical,2021-06-14,,
4919,Pending Customer Response,Low,2020-01-05,,
4920,Closed,Low,2021-12-16,2023-06-01 18:26:34,12786.442777777778
4921,Open,Critical,2021-06-06,,
4922,Pending Customer Response,Critical,2021-05-14,,
4923,Open,Critical,2021-12-06,,
4924,Closed,Critical,2020-11-18,2023-06-01 11:21:38,22211.360555555555
4925,Open,High,2021-06-23,,
4926,Pending Customer Response,High,2021-11-08,,
4927,Open,Critical,2020-04-03,,
4928,Open,Critical,2020-03-15,,
4929,Open,Low,2021-08-17,,
4930,Closed,Medium,2020-12-02,2023-06-01 18:15:44,21882.262222222223
4931,Closed,Low,2020-02-28,2023-06-01 09:37:46,28545.629444444443
4932,Open,Medium,2021-09-21,,
4933,Pending Customer Response,Critical,2021-03-29,,
4934,Closed,Critical,2020-04-21,2023-06-01 16:32:50,27280.547222222223
4935,Open,Low,2020-12-19,,
4936,Pending Customer Response,Low,2021-04-16,,
4937,Open,Medium,2021-10-03,,
4938,Pending Customer Response,Medium,2021-05-20,,
4939,Closed,Critical,2020-10-20,2023-06-01 21:05:58,22917.099444444444
4940,Closed,Medium,2020-05-22,2023-06-01 12:09:00,26532.15
4941,Pending Customer Response,Critical,2021-10-22,,
4942,Open,Critical,2020-04-16,,
4943,Pending Customer Response,Low,2020-07-30,,
4944,Pending Customer Response,Critical,2021-09-01,,
4945,Pending Customer Response,Low,2021-05-30,,
4946,Closed,Medium,2020-06-15,2023-06-01 14:04:09,25958.069166666668
4947,Open,High,2020-08-10,,
4948,Closed,Critical,2021-07-18,2023-06-01 08:17:13,16400.286944444444
4949,Open,Medium,2021-10-31,,
4950,Pending Customer Response,High,2020-11-29,,
4951,Pending Customer Response,High,2021-03-14,,
4952,Pending Customer Response,Critical,2020-03-30,,
4953,Open,Medium,2020-04-03,,
4954,Closed,Low,2021-03-25,2023-06-01 14:58:21,19166.9725
4955,Closed,Low,2021-02-24,2023-06-01 12:42:22,19860.70611111111
4956,Closed,Medium,2020-12-21,2023-06-01 22:18:24,21430.306666666667
4957,Closed,Critical,2020-10-05,2023-06-01 22:10:26,23278.17388888889
4958,Pending Customer Response,Medium,2021-03-13,,
4959,Open,High,2020-03-04,,
4960,Pending Customer Response,High,2021-05-02,,
4961,Pending Customer Response,Low,2021-04-16,,
4962,Open,Medium,2020-01-08,,
4963,Closed,Medium,2020-06-02,2023-06-01 01:27:34,26257.459444444445
4964,Open,High,2020-04-11,,
4965,Pending Customer Response,Critical,2020-12-28,,
4966,Pending Customer Response,Critical,2020-08-29,,
4967,Closed,Critical,2020-07-14,2023-06-01 14:15:39,25262.260833333334
4968,Pending Customer Response,High,2020-04-07,,
4969,Closed,Critical,2021-04-27,2023-06-01 00:22:42,18360.378333333334
4970,Open,Low,2020-05-28,,
4971,Closed,Critical,2021-09-15,2023-06-01 13:17:45,14989.295833333334
4972,Pending Customer Response,High,2020-05-18,,
4973,Open,Critical,2020-01-21,,
4974,Pending Customer Response,High,2021-10-31,,
4975,Closed,Medium,2021-01-25,2023-06-01 07:00:51,20575.014166666668
4976,Closed,High,2021-12-30,2023-06-01 06:27:52,12438.464444444444
4977,Closed,Low,2020-05-29,2023-06-01 11:25:52,26363.431111111113
4978,Pending Customer Response,High,2020-08-31,,
4979,Open,Critical,2021-09-16,,
4980,Open,High,2020-04-15,,
4981,Closed,Critical,2021-06-08,2023-05-31 23:55:58,17351.932777777776
4982,Closed,High,2021-08-25,2023-06-01 02:40:59,15482.683055555555
4983,Open,Critical,2021-02-24,,
4984,Open,Low,2020-01-02,,
4985,Pending Customer Response,Low,2021-01-31,,
4986,Closed,Critical,2021-06-16,2023-06-01 22:31:04,17182.51777777778
4987,Open,Critical,2021-01-31,,
4988,Pending Customer Response,Medium,2021-05-14,,
4989,Open,Low,2020-08-25,,
4990,Closed,Critical,2021-11-30,2023-06-01 22:08:11,13174.136388888888
4991,Closed,Medium,2021-11-05,2023-06-01 14:05:12,13766.086666666666
4992,Pending Customer Response,High,2020-01-03,,
4993,Closed,Low,2021-10-02,2023-06-01 01:08:14,14569.137222222222
4994,Closed,Low,2021-11-09,2023-06-01 08:25:15,13664.420833333334
4995,Open,Critical,2021-03-27,,
4996,Open,High,2021-03-17,,
4997,Closed,Medium,2021-12-25,2023-06-01 15:06:20,12567.105555555556
4998,Open,Medium,2021-11-01,,
4999,Pending Customer Response,Critical,2020-06-09,,
5000,Pending Customer Response,Low,2021-02-11,,
5001,Open,Critical,2020-08-07,,
5002,Pending Customer Response,Critical,2020-08-14,,
5003,Closed,Medium,2021-03-02,2023-06-01 13:21:28,19717.35777777778
5004,Closed,Medium,2020-04-18,2023-06-01 00:15:30,27336.258333333335
5005,Open,Medium,2021-01-04,,
5006,Open,Medium,2020-06-11,,
5007,Open,High,2021-09-10,,
5008,Pending Customer Response,Medium,2020-12-06,,
5009,Pending Customer Response,Critical,2020-11-06,,
5010,Open,Medium,2021-04-24,,
5011,Closed,Medium,2021-06-21,2023-06-01 00:48:39,17040.810833333333
5012,Closed,High,2021-06-22,2023-06-01 04:10:41,17020.178055555556
5013,Open,Critical,2020-02-25,,
5014,Closed,Critical,2021-11-21,2023-06-01 13:21:43,13381.361944444445
5015,Closed,High,2020-08-13,2023-06-01 21:29:45,24549.495833333334
5016,Pending Customer Response,Low,2021-05-31,,
5017,Open,High,2021-08-28,,
5018,Open,Low,2020-11-11,,
5019,Closed,Critical,2020-08-19,2023-06-01 16:31:51,24400.530833333334
5020,Open,High,2020-05-27,,
5021,Open,Low,2021-02-27,,
5022,Pending Customer Response,Critical,2021-05-18,,
5023,Pending Customer Response,High,2020-03-12,,
5024,Pending Customer Response,High,2021-09-30,,
5025,Closed,Medium,2021-01-13,2023-06-01 09:12:58,20865.216111111113
5026,Pending Customer Response,Medium,2020-10-09,,
5027,Pending Customer Response,Critical,2020-04-23,,
5028,Open,High,2021-05-08,,
5029,Closed,Medium,2021-12-26,2023-06-01 00:55:03,12528.9175
5030,Closed,High,2020-07-06,2023-06-01 04:08:04,25444.134444444444
5031,Pending Customer Response,Medium,2021-01-29,,
5032,Open,Critical,2020-11-28,,
5033,Pending Customer Response,High,2021-05-13,,
5034,Open,High,2020-04-01,,
5035,Open,Medium,2021-06-12,,
5036,Open,High,2021-02-25,,
5037,Pending Customer Response,High,2020-09-08,,
5038,Pending Customer Response,Medium,2020-03-07,,
5039,Pending Customer Response,High,2021-06-22,,
5040,Pending Customer Response,Medium,2021-05-19,,
5041,Closed,High,2021-09-13,2023-06-01 09:10:22,15033.172777777778
5042,Closed,Critical,2021-11-14,2023-06-01 17:50:24,13553.84
5043,Closed,Critical,2021-08-04,2023-06-01 23:34:25,16007.573611111111
5044,Pending Customer Response,High,2021-04-20,,
5045,Pending Customer Response,Medium,2021-02-23,,
5046,Pending Customer Response,High,2021-04-27,,
5047,Closed,Medium,2020-11-19,2023-06-01 12:27:30,22188.458333333332
5048,Closed,Low,2021-08-23,2023-06-01 10:10:31,15538.175277777778
5049,Open,Low,2021-05-17,,
5050,Pending Customer Response,Critical,2021-02-02,,
5051,Pending Customer Response,Critical,2020-07-26,,
5052,Pending Customer Response,Critical,2020-03-06,,
5053,Open,High,2021-11-02,,
5054,Closed,Low,2020-09-12,2023-06-01 07:45:40,23815.76111111111
5055,Pending Customer Response,Low,2020-05-17,,
5056,Pending Customer Response,Critical,2020-06-21,,
5057,Open,Low,2021-12-02,,
5058,Pending Customer Response,Medium,2021-04-21,,
5059,Closed,Medium,2021-11-21,2023-06-01 04:38:46,13372.646111111111
5060,Open,Critical,2021-03-14,,
5061,Closed,Low,2020-03-03,2023-06-01 07:29:49,28447.496944444443
5062,Pending Customer Response,Low,2020-04-16,,
5063,Open,Low,2021-09-28,,
5064,Open,Critical,2020-01-27,,
5065,Closed,Low,2021-08-22,2023-06-01 05:06:56,15557.115555555556
5066,Pending Customer Response,Low,2021-03-19,,
5067,Pending Customer Response,Medium,2021-02-15,,
5068,Pending Customer Response,Medium,2020-07-30,,
5069,Open,Medium,2020-02-02,,
5070,Open,Medium,2020-01-12,,
5071,Open,High,2020-08-20,,
5072,Open,Medium,2020-11-19,,
5073,Open,Critical,2020-06-13,,
5074,Pending Customer Response,High,2020-01-08,,
5075,Closed,Medium,2020-07-13,2023-06-01 03:02:11,25275.03638888889
5076,Pending Customer Response,High,2021-04-05,,
5077,Closed,Medium,2020-04-16,2023-06-01 20:24:13,27404.403611111113
5078,Closed,Critical,2021-01-24,2023-06-01 03:34:14,20595.570555555554
5079,Pending Customer Response,Low,2020-01-05,,
5080,Open,Critical,2021-10-30,,
5081,Pending Customer Response,Medium,2020-05-11,,
5082,Pending Customer Response,High,2020-07-30,,
5083,Closed,High,2020-07-02,2023-06-01 16:08:20,25552.13888888889
5084,Pending Customer Response,High,2021-12-15,,
5085,Pending Customer Response,Medium,2020-03-05,,
5086,Open,Low,2021-11-30,,
5087,Closed,High,2021-05-07,2023-06-01 15:53:27,18135.890833333335
5088,Pending Customer Response,Low,2020-02-15,,
5089,Pending Customer Response,High,2021-06-07,,
5090,Pending Customer Response,High,2021-10-24,,
5091,Pending Customer Response,Low,2020-10-05,,
5092,Pending Customer Response,High,2020-06-06,,
5093,Closed,High,2020-06-30,2023-06-01 06:15:36,25590.26
5094,Pending Customer Response,Medium,2020-09-10,,
5095,Pending Customer Response,Critical,2021-07-17,,
5096,Pending Customer Response,High,2020-07-07,,
5097,Pending Customer Response,Medium,2020-03-01,,
5098,Open,Low,2020-05-01,,
5099,Closed,Critical,2020-04-25,2023-06-01 07:22:43,27175.37861111111
5100,Pending Customer Response,High,2021-09-08,,
5101,Open,Medium,2020-01-03,,
5102,Pending Customer Response,Critical,2021-11-27,,
5103,Closed,Medium,2021-05-24,2023-06-01 14:18:49,17726.313611111113
5104,Pending Customer Response,Low,2021-03-31,,
5105,Pending Customer Response,Low,2021-05-13,,
5106,Closed,Critical,2021-09-16,2023-06-01 05:40:53,14957.681388888888
5107,Open,Medium,2020-12-25,,
5108,Pending Customer Response,Medium,2020-05-10,,
5109,Closed,High,2020-10-14,2023-06-01 02:00:57,23042.015833333335
5110,Open,High,2021-09-22,,
5111,Pending Customer Response,Critical,2020-04-29,,
5112,Closed,Medium,2020-06-19,2023-06-01 17:40:02,25865.667222222222
5113,Closed,Medium,2020-05-21,2023-06-01 04:27:04,26548.45111111111
5114,Closed,High,2020-01-06,2023-06-01 18:13:04,29826.217777777776
5115,Pending Customer Response,Low,2021-06-09,,
5116,Open,Low,2020-04-04,,
5117,Open,Low,2020-08-14,,
5118,Closed,High,2021-04-09,2023-06-01 12:42:09,18804.7025
5119,Closed,Medium,2020-02-28,2023-06-01 23:08:10,28559.13611111111
5120,Closed,High,2021-01-08,2023-06-01 13:50:12,20989.836666666666
5121,Pending Customer Response,Critical,2020-03-28,,
5122,Pending Customer Response,Medium,2021-01-30,,
5123,Closed,Low,2021-03-17,2023-06-01 11:39:13,19355.653611111113
5124,Closed,Critical,2021-09-28,2023-06-01 02:43:15,14666.720833333333
5125,Open,Medium,2020-07-15,,
5126,Open,Low,2020-01-05,,
5127,Closed,High,2021-02-19,2023-06-01 16:27:20,19984.455555555556
5128,Closed,High,2020-07-24,2023-06-01 04:49:22,25012.82277777778
5129,Closed,Low,2020-07-21,2023-06-01 11:09:23,25091.15638888889
5130,Pending Customer Response,Medium,2020-04-14,,
5131,Pending Customer Response,Low,2021-07-20,,
5132,Pending Customer Response,Medium,2020-08-20,,
5133,Closed,Medium,2020-04-10,2023-06-01 07:30:29,27535.508055555554
5134,Closed,Medium,2020-09-17,2023-06-01 23:28:30,23711.475
5135,Pending Customer Response,Critical,2020-10-07,,
5136,Open,Low,2020-08-10,,
5137,Pending Customer Response,Medium,2021-09-26,,
5138,Pending Customer Response,Low,2020-08-25,,
5139,Closed,Low,2020-02-11,2023-06-01 01:08:37,28945.14361111111
5140,Pending Customer Response,Medium,2021-02-19,,
5141,Open,Medium,2020-05-19,,
5142,Pending Customer Response,Low,2021-01-17,,
5143,Open,Low,2021-07-22,,
5144,Closed,Critical,2021-07-11,2023-06-01 00:55:45,16560.929166666665
5145,Closed,Critical,2020-11-03,2023-06-01 11:37:47,22571.629722222224
5146,Closed,Critical,2020-02-20,2023-06-01 07:13:48,28735.23
5147,Pending Customer Response,Critical,2021-03-03,,
5148,Closed,Low,2021-01-13,2023-06-01 15:45:50,20871.76388888889
5149,Closed,Low,2021-01-06,2023-06-01 07:44:51,21031.7475
5150,Pending Customer Response,Low,2021-09-14,,
5151,Pending Customer Response,Low,2020-06-29,,
5152,Closed,Low,2021-11-12,2023-06-01 02:12:56,13586.215555555556
5153,Closed,Critical,2020-01-28,2023-06-01 02:51:58,29282.86611111111
5154,Closed,Critical,2021-03-20,2023-06-01 18:23:58,19290.399444444443
5155,Closed,Low,2021-09-20,2023-06-01 02:52:00,14858.866666666667
5156,Open,Low,2020-01-28,,
5157,Closed,Medium,2020-11-07,2023-06-01 22:54:03,22486.900833333333
5158,Closed,Critical,2021-07-14,2023-06-01 06:26:03,16494.434166666666
5159,Open,Medium,2020-10-23,,
5160,Open,Critical,2020-09-06,,
5161,Closed,Critical,2020-12-15,2023-06-01 20:13:05,21572.218055555557
5162,Open,Medium,2020-01-04,,
5163,Open,Medium,2021-10-26,,
5164,Closed,Medium,2021-11-24,2023-06-01 07:10:08,13303.16888888889
5165,Open,Low,2020-10-11,,
5166,Pending Customer Response,Low,2020-04-02,,
5167,Open,High,2021-03-01,,
5168,Closed,Medium,2020-11-28,2023-06-01 02:21:15,21962.354166666668
5169,Pending Customer Response,High,2021-03-24,,
5170,Closed,Low,2020-12-05,2023-06-01 15:49:17,21807.82138888889
5171,Closed,Low,2020-02-20,2023-06-01 14:08:18,28742.138333333332
5172,Pending Customer Response,Medium,2021-11-16,,
5173,Pending Customer Response,High,2020-10-18,,
5174,Closed,Medium,2021-06-17,2023-06-01 16:35:20,17152.588888888888
5175,Closed,High,2021-07-06,2023-06-01 01:40:22,16681.672777777778
5176,Pending Customer Response,High,2020-10-23,,
5177,Pending Customer Response,High,2021-07-30,,
5178,Pending Customer Response,High,2021-10-26,,
5179,Closed,Low,2020-10-03,2023-05-31 23:48:27,23303.8075
5180,Closed,Critical,2020-07-20,2023-06-01 18:02:28,25122.04111111111
5181,Open,Critical,2021-04-16,,
5182,Open,Medium,2020-01-03,,
5183,Pending Customer Response,Medium,2021-12-22,,
5184,Open,Critical,2020-11-01,,
5185,Open,Critical,2020-10-22,,
5186,Closed,Low,2020-12-08,2023-06-01 00:02:37,21720.043611111112
5187,Closed,Medium,2020-06-02,2023-06-01 22:35:37,26278.59361111111
5188,Open,Medium,2021-11-09,,
5189,Open,Medium,2020-03-04,,
5190,Closed,High,2021-08-19,2023-06-01 22:58:42,15646.978333333333
5191,Open,Low,2021-05-13,,
5192,Closed,Medium,2020-11-27,2023-06-01 12:59:45,21996.995833333334
5193,Open,High,2020-02-27,,
5194,Open,High,2021-01-09,,
5195,Open,High,2021-06-22,,
5196,Closed,Low,2021-05-14,2023-06-01 04:50:52,17956.847777777777
5197,Closed,Medium,2021-01-23,2023-06-01 11:36:52,20627.614444444444
5198,Pending Customer Response,High,2020-02-13,,
5199,Pending Customer Response,Low,2020-01-21,,
5200,Open,High,2021-10-30,,
5201,Pending Customer Response,High,2020-07-26,,
5202,Open,Critical,2021-08-04,,
5203,Closed,Medium,2020-08-27,2023-06-01 21:16:58,24213.28277777778
5204,Closed,Medium,2020-05-23,2023-06-01 11:52:00,26507.866666666665
5205,Open,Medium,2020-11-23,,
5206,Open,Medium,2021-04-11,,
5207,Open,Medium,2020-10-07,,
5208,Open,Critical,2020-07-13,,
5209,Open,Low,2020-09-23,,
5210,Closed,Medium,2020-09-19,2023-06-01 06:16:08,23646.268888888888
5211,Closed,Low,2021-02-09,2023-06-01 22:44:08,20230.735555555555
5212,Closed,Low,2021-07-13,2023-06-01 04:16:10,16516.269444444446
5213,Pending Customer Response,Critical,2021-03-04,,
5214,Open,Medium,2021-06-03,,
5215,Closed,Low,2020-01-13,2023-06-01 18:12:16,29658.204444444444
5216,Open,Medium,2021-07-28,,
5217,Open,Medium,2020-11-30,,
5218,Closed,High,2020-01-21,2023-06-01 09:40:20,29457.672222222223
5219,Pending Customer Response,Critical,2021-05-13,,
5220,Open,Critical,2020-03-13,,
5221,Open,Medium,2021-03-20,,
5222,Open,Critical,2020-03-21,,
5223,Open,Critical,2021-07-20,,
5224,Closed,High,2020-12-01,2023-05-31 23:50:26,21887.840555555555
5225,Pending Customer Response,Critical,2020-09-23,,
5226,Open,Low,2021-02-07,,
5227,Open,High,2021-11-23,,
5228,Closed,Low,2021-09-26,2023-06-01 00:23:33,14712.3925
5229,Pending Customer Response,High,2021-01-08,,
5230,Closed,Medium,2021-02-27,2023-06-01 21:09:35,19797.159722222223
5231,Closed,Medium,2021-12-23,2023-06-01 08:51:36,12608.86
5232,Closed,Low,2020-10-07,2023-06-01 07:50:37,23215.84361111111
5233,Open,High,2021-02-20,,
5234,Closed,Medium,2021-07-10,2023-06-01 11:59:40,16595.994444444445
5235,Open,Low,2020-02-26,,
5236,Open,High,2021-04-15,,
5237,Closed,Medium,2021-05-13,2023-06-01 03:54:45,17979.9125
5238,Closed,Critical,2020-05-04,2023-06-01 17:48:46,26969.812777777777
5239,Pending Customer Response,Critical,2020-09-13,,
5240,Closed,Medium,2021-10-27,2023-06-01 08:30:48,13976.513333333334
5241,Closed,Low,2021-08-20,2023-06-01 19:51:50,15619.863888888889
5242,Closed,High,2020-09-24,2023-06-01 20:05:52,23540.097777777777
5243,Pending Customer Response,Critical,2020-01-03,,
5244,Pending Customer Response,Medium,2020-10-13,,
5245,Closed,High,2021-04-02,2023-06-01 06:38:56,18966.64888888889
5246,Closed,High,2021-04-22,2023-06-01 14:33:58,18494.56611111111
5247,Closed,Medium,2021-07-12,2023-06-01 04:10:00,16540.166666666668
5248,Closed,Critical,2020-07-24,2023-06-01 07:56:01,25015.93361111111
5249,Pending Customer Response,Medium,2021-06-06,,
5250,Open,Low,2021-02-04,,
5251,Closed,Medium,2021-10-21,2023-06-01 12:56:05,14124.934722222222
5252,Pending Customer Response,Medium,2021-02-06,,
5253,Closed,High,2020-08-29,2023-06-01 07:29:08,24151.485555555555
5254,Open,High,2021-12-28,,
5255,Open,Critical,2020-10-18,,
5256,Open,Medium,2020-02-17,,
5257,Open,Low,2021-12-12,,
5258,Open,Low,2021-07-22,,
5259,Pending Customer Response,Critical,2020-07-07,,
5260,Pending Customer Response,High,2021-01-01,,
5261,Pending Customer Response,Medium,2021-04-05,,
5262,Open,Critical,2020-09-07,,
5263,Open,High,2020-12-06,,
5264,Closed,High,2021-07-06,2023-06-01 14:00:23,16694.006388888887
5265,Closed,Low,2020-08-18,2023-06-01 18:53:25,24426.890277777777
5266,Pending Customer Response,Medium,2021-09-26,,
5267,Pending Customer Response,Critical,2021-06-02,,
5268,Pending Customer Response,Medium,2020-10-11,,
5269,Closed,Low,2020-08-04,2023-06-01 16:15:31,24760.258611111112
5270,Open,Low,2021-11-26,,
5271,Pending Customer Response,High,2020-06-15,,
5272,Closed,High,2020-09-03,2023-06-01 13:42:34,24037.709444444445
5273,Closed,Critical,2020-07-28,2023-06-01 01:19:36,24913.326666666668
5274,Open,High,2021-12-11,,
5275,Pending Customer Response,Medium,2021-03-23,,
5276,Pending Customer Response,High,2020-02-08,,
5277,Open,Medium,2021-08-14,,
5278,Open,Low,2021-12-21,,
5279,Pending Customer Response,Low,2021-08-03,,
5280,Open,Low,2020-06-26,,
5281,Open,High,2021-02-20,,
5282,Pending Customer Response,Medium,2020-04-07,,
5283,Open,Low,2020-02-20,,
5284,Closed,High,2020-03-18,2023-06-01 14:44:54,28094.748333333333
5285,Pending Customer Response,High,2020-06-20,,
5286,Open,Low,2021-04-08,,
5287,Pending Customer Response,High,2020-02-25,,
5288,Open,Medium,2020-08-06,,
5289,Closed,Critical,2020-06-04,2023-06-01 05:50:01,26213.83361111111
5290,Closed,Critical,2021-10-29,2023-06-01 19:07:01,13939.116944444444
5291,Open,Medium,2021-04-24,,
5292,Closed,High,2020-03-27,2023-06-01 05:20:03,27869.334166666667
5293,Closed,Critical,2021-06-25,2023-06-01 18:30:05,16962.50138888889
5294,Pending Customer Response,High,2021-04-03,,
5295,Open,Low,2021-06-05,,
5296,Open,Low,2021-01-15,,
5297,Open,High,2021-05-15,,
5298,Closed,Medium,2020-12-06,2023-06-01 02:53:12,21770.886666666665
5299,Pending Customer Response,High,2021-08-04,,
5300,Pending Customer Response,Medium,2020-01-10,,
5301,Closed,Critical,2021-08-25,2023-06-01 14:38:17,15494.638055555555
5302,Pending Customer Response,Medium,2021-08-11,,
5303,Open,Medium,2020-02-06,,
5304,Open,Low,2021-11-02,,
5305,Closed,Medium,2021-04-27,2023-06-01 06:47:24,18366.79
5306,Pending Customer Response,Low,2020-12-02,,
5307,Closed,Medium,2020-01-26,2023-06-01 00:07:26,29328.123888888887
5308,Closed,Critical,2020-01-08,2023-06-01 07:57:28,29767.957777777778
5309,Closed,Medium,2021-07-04,2023-06-01 11:25:30,16739.425
5310,Open,Low,2021-05-05,,
5311,Pending Customer Response,Critical,2020-06-17,,
5312,Closed,Medium,2020-02-04,2023-06-01 03:52:33,29115.87583333333
5313,Pending Customer Response,Critical,2021-01-17,,
5314,Pending Customer Response,High,2020-04-07,,
5315,Pending Customer Response,Low,2020-06-04,,
5316,Closed,High,2020-10-19,2023-06-01 20:38:37,22940.64361111111
5317,Open,High,2021-12-22,,
5318,Pending Customer Response,High,2021-12-24,,
5319,Open,Critical,2020-02-20,,
5320,Closed,Medium,2020-12-21,2023-06-01 00:50:44,21408.845555555556
5321,Open,High,2021-09-23,,
5322,Open,Critical,2021-01-13,,
5323,Pending Customer Response,Medium,2021-10-05,,
5324,Open,Critical,2020-10-19,,
5325,Open,Medium,2021-12-02,,
5326,Open,Medium,2021-03-31,,
5327,Open,Low,2021-12-02,,
5328,Pending Customer Response,High,2021-05-28,,
5329,Pending Customer Response,Medium,2020-11-25,,
5330,Pending Customer Response,Critical,2021-07-21,,
5331,Pending Customer Response,Critical,2020-06-16,,
5332,Open,Low,2021-09-25,,
5333,Open,High,2021-06-18,,
5334,Open,High,2020-03-19,,
5335,Open,High,2021-02-20,,
5336,Pending Customer Response,High,2021-05-24,,
5337,Pending Customer Response,Critical,2021-10-03,,
5338,Open,Medium,2021-09-08,,
5339,Pending Customer Response,Low,2021-11-09,,
5340,Pending Customer Response,Low,2020-10-31,,
5341,Pending Customer Response,Low,2021-10-24,,
5342,Closed,Medium,2020-09-28,2023-06-01 14:01:12,23438.02
5343,Pending Customer Response,Critical,2020-05-29,,
5344,Closed,Medium,2020-06-29,2023-06-01 02:26:15,25610.4375
5345,Pending Customer Response,High,2021-11-15,,
5346,Open,Low,2020-11-12,,
5347,Open,Low,2020-12-18,,
5348,Open,Critical,2021-12-14,,
5349,Open,Medium,2020-09-03,,
5350,Pending Customer Response,Critical,2020-04-11,,
5351,Closed,Critical,2020-03-01,2023-06-01 14:34:22,28502.57277777778
5352,Open,Critical,2021-05-28,,
5353,Closed,Low,2020-09-03,2023-06-01 19:47:26,24043.790555555555
5354,Closed,High,2021-01-19,2023-06-01 02:12:28,20714.207777777778
5355,Open,Medium,2020-10-20,,
5356,Pending Customer Response,Low,2020-02-09,,
5357,Closed,Medium,2020-05-19,2023-06-01 06:25:32,26598.425555555557
5358,Closed,Critical,2020-09-15,2023-06-01 11:50:33,23747.8425
5359,Closed,Low,2020-04-28,2023-06-01 18:55:34,27114.926111111112
5360,Pending Customer Response,Low,2020-05-10,,
5361,Pending Customer Response,Low,2021-02-02,,
5362,Pending Customer Response,Critical,2020-02-05,,
5363,Pending Customer Response,Medium,2021-01-12,,
5364,Closed,Critical,2020-12-07,2023-06-01 17:27:42,21761.461666666666
5365,Pending Customer Response,Low,2021-05-21,,
5366,Open,Critical,2020-11-22,,
5367,Pending Customer Response,Critical,2020-08-26,,
5368,Closed,Medium,2020-09-14,2023-06-01 08:35:49,23768.596944444445
5369,Closed,Critical,2020-01-13,2023-06-01 11:32:49,29651.546944444446
5370,Open,Low,2020-06-30,,
5371,Closed,Critical,2020-06-20,2023-06-01 16:06:52,25840.114444444444
5372,Open,Low,2020-08-23,,
5373,Pending Customer Response,Medium,2021-11-18,,
5374,Closed,Low,2021-09-11,2023-06-01 07:15:56,15079.265555555556
5375,Open,Medium,2020-10-31,,
5376,Pending Customer Response,Critical,2020-05-26,,
5377,Pending Customer Response,Low,2021-04-11,,
5378,Pending Customer Response,Low,2021-08-28,,
5379,Pending Customer Response,Low,2021-05-08,,
5380,Closed,Critical,2021-03-12,2023-06-01 05:49:04,19469.81777777778
5381,Closed,Low,2020-03-11,2023-06-01 11:50:06,28259.835
5382,Pending Customer Response,Critical,2020-04-18,,
5383,Closed,Medium,2021-12-14,2023-05-31 23:54:10,12815.902777777777
5384,Pending Customer Response,High,2020-01-24,,
5385,Pending Customer Response,Medium,2021-10-08,,
5386,Open,High,2021-04-26,,
5387,Open,Medium,2020-01-09,,
5388,Closed,High,2021-05-13,2023-06-01 07:47:16,17983.78777777778
5389,Pending Customer Response,High,2021-04-11,,
5390,Pending Customer Response,Medium,2021-01-18,,
5391,Pending Customer Response,Medium,2021-09-18,,
5392,Pending Customer Response,Medium,2020-08-23,,
5393,Pending Customer Response,Low,2020-11-06,,
5394,Pending Customer Response,Critical,2021-10-25,,
5395,Closed,Critical,2020-01-24,2023-06-01 09:08:27,29385.140833333335
5396,Closed,Critical,2020-02-29,2023-06-01 14:49:29,28526.824722222223
5397,Pending Customer Response,Medium,2020-08-09,,
5398,Open,High,2021-09-08,,
5399,Pending Customer Response,Medium,2020-11-12,,
5400,Open,Medium,2021-04-28,,
5401,Closed,Medium,2020-05-16,2023-06-01 10:23:37,26674.39361111111
5402,Pending Customer Response,Medium,2021-08-28,,
5403,Pending Customer Response,Critical,2020-12-25,,
5404,Closed,Critical,2020-02-17,2023-06-01 03:25:40,28803.42777777778
5405,Open,High,2021-01-08,,
5406,Pending Customer Response,Low,2020-07-17,,
5407,Pending Customer Response,Critical,2020-11-06,,
5408,Open,Medium,2020-09-10,,
5409,Open,Low,2021-06-22,,
5410,Closed,Low,2021-04-15,2023-06-01 14:39:49,18662.66361111111
5411,Pending Customer Response,Medium,2020-01-19,,
5412,Open,Critical,2021-03-03,,
5413,Pending Customer Response,Medium,2021-09-18,,
5414,Open,Medium,2021-02-25,,
5415,Pending Customer Response,Medium,2021-08-02,,
5416,Pending Customer Response,High,2020-08-20,,
5417,Closed,Medium,2021-02-26,2023-06-01 18:37:00,19818.616666666665
5418,Pending Customer Response,Medium,2020-09-08,,
5419,Open,High,2020-05-09,,
5420,Open,High,2021-01-06,,
5421,Pending Customer Response,Critical,2021-06-04,,
5422,Open,Medium,2021-03-22,,
5423,Open,Low,2020-10-30,,
5424,Pending Customer Response,Critical,2021-08-22,,
5425,Open,High,2021-09-17,,
5426,Open,High,2020-08-28,,
5427,Closed,Low,2021-02-28,2023-06-01 18:46:12,19770.77
5428,Open,High,2020-08-09,,
5429,Closed,Critical,2020-04-28,2023-06-01 05:36:16,27101.604444444445
5430,Open,Medium,2020-01-25,,
5431,Open,Critical,2020-05-09,,
5432,Pending Customer Response,High,2020-07-15,,
5433,Open,Medium,2020-02-14,,
5434,Pending Customer Response,Medium,2021-02-25,,
5435,Open,High,2020-11-23,,
5436,Closed,Low,2020-03-31,2023-06-01 10:50:27,27778.840833333332
5437,Closed,Critical,2020-07-04,2023-06-01 14:37:28,25502.624444444446
5438,Closed,High,2020-04-04,2023-06-01 06:55:30,27678.925
5439,Open,Medium,2021-08-11,,
5440,Open,Medium,2020-07-27,,
5441,Closed,Critical,2020-03-16,2023-06-01 06:50:34,28134.842777777776
5442,Pending Customer Response,High,2020-01-31,,
5443,Closed,Low,2021-02-08,2023-06-01 04:20:37,20236.34361111111
5444,Closed,Medium,2021-10-22,2023-06-01 16:53:39,14104.894166666667
5445,Pending Customer Response,Low,2021-12-24,,
5446,Closed,Medium,2020-01-08,2023-06-01 13:00:41,29773.011388888888
5447,Closed,High,2021-10-30,2023-06-01 05:32:42,13901.545
5448,Open,Low,2020-02-18,,
5449,Open,Medium,2021-02-21,,
5450,Pending Customer Response,Low,2021-11-27,,
5451,Closed,High,2020-05-07,2023-06-01 01:50:47,26881.846388888887
5452,Open,Critical,2020-06-21,,
5453,Closed,Critical,2020-09-11,2023-06-01 10:13:49,23842.230277777777
5454,Pending Customer Response,Critical,2021-03-01,,
5455,Pending Customer Response,Medium,2021-05-01,,
5456,Closed,High,2020-06-07,2023-06-01 21:46:53,26157.78138888889
5457,Pending Customer Response,Medium,2021-04-10,,
5458,Closed,Low,2021-05-27,2023-06-01 16:50:56,17656.84888888889
5459,Pending Customer Response,High,2020-08-16,,
5460,Open,Medium,2021-09-12,,
5461,Closed,Medium,2020-10-27,2023-06-01 14:53:59,22742.89972222222
5462,Closed,Medium,2021-05-29,2023-06-01 12:20:00,17604.333333333332
5463,Open,High,2020-12-14,,
5464,Open,Low,2020-12-08,,
5465,Open,Critical,2020-03-17,,
5466,Pending Customer Response,High,2021-05-16,,
5467,Closed,Medium,2020-01-18,2023-06-01 17:27:10,29537.452777777777
5468,Closed,Medium,2021-04-25,2023-06-01 17:42:10,18425.702777777777
5469,Pending Customer Response,Low,2020-07-19,,
5470,Pending Customer Response,Medium,2021-03-06,,
5471,Closed,High,2020-07-29,2023-06-01 12:01:13,24900.020277777778
5472,Open,Low,2021-12-20,,
5473,Closed,Medium,2021-09-05,2023-06-01 11:49:17,15227.82138888889
5474,Closed,High,2021-02-18,2023-06-01 02:36:19,19994.605277777777
5475,Closed,Medium,2020-06-04,2023-06-01 18:12:19,26226.20527777778
5476,Closed,Low,2021-05-07,2023-06-01 06:53:21,18126.889166666668
5477,Open,Medium,2021-05-08,,
5478,Closed,Medium,2020-08-15,2023-06-01 17:25:24,24497.423333333332
5479,Closed,High,2021-08-01,2023-06-01 14:18:25,16070.306944444445
5480,Open,High,2020-01-27,,
5481,Open,Low,2021-11-28,,
5482,Closed,Medium,2020-12-23,2023-06-01 19:50:29,21379.84138888889
5483,Open,High,2020-01-22,,
5484,Pending Customer Response,Low,2020-09-03,,
5485,Open,Medium,2020-05-21,,
5486,Pending Customer Response,Critical,2020-12-26,,
5487,Pending Customer Response,Low,2021-04-29,,
5488,Closed,Medium,2020-02-28,2023-06-01 10:48:37,28546.81027777778
5489,Pending Customer Response,Medium,2021-01-18,,
5490,Open,Critical,2021-04-23,,
5491,Open,Critical,2021-08-08,,
5492,Closed,Critical,2021-04-09,2023-06-01 12:16:42,18804.278333333332
5493,Open,High,2021-11-27,,
5494,Open,Critical,2021-11-03,,
5495,Closed,Low,2020-05-31,2023-06-01 02:42:47,26306.713055555556
5496,Open,Medium,2021-04-05,,
5497,Pending Customer Response,High,2021-02-05,,
5498,Open,Low,2020-05-21,,
5499,Pending Customer Response,High,2021-04-20,,
5500,Open,High,2020-12-22,,
5501,Pending Customer Response,Medium,2020-01-02,,
5502,Pending Customer Response,Medium,2021-02-06,,
5503,Closed,Critical,2021-07-12,2023-06-01 19:41:58,16555.699444444443
5504,Closed,Medium,2021-06-22,2023-06-01 13:05:59,17029.09972222222
5505,Open,Critical,2021-07-16,,
5506,Pending Customer Response,Critical,2020-07-14,,
5507,Open,High,2021-02-13,,
5508,Open,Critical,2020-02-21,,
5509,Open,Critical,2021-06-10,,
5510,Pending Customer Response,High,2021-08-28,,
5511,Closed,Low,2020-03-05,2023-06-01 03:00:08,28395.00222222222
5512,Closed,Critical,2021-10-18,2023-06-01 08:06:10,14192.102777777778
5513,Pending Customer Response,Critical,2021-04-16,,
5514,Closed,Critical,2021-06-26,2023-06-01 02:32:12,16922.536666666667
5515,Closed,Medium,2020-02-09,2023-06-01 06:26:13,28998.436944444446
5516,Open,High,2020-07-13,,
5517,Pending Customer Response,Medium,2021-09-12,,
5518,Open,Low,2021-09-27,,
5519,Closed,Medium,2020-11-10,2023-06-01 10:44:20,22402.73888888889
5520,Pending Customer Response,Medium,2021-05-22,,
5521,Pending Customer Response,High,2021-02-17,,
5522,Pending Customer Response,Medium,2021-12-25,,
5523,Closed,High,2020-01-04,2023-06-01 21:15:25,29877.256944444445
5524,Closed,Critical,2021-03-02,2023-06-01 23:33:27,19727.5575
5525,Open,Medium,2020-07-29,,
5526,Open,Low,2021-04-10,,
5527,Pending Customer Response,Low,2020-12-17,,
5528,Pending Customer Response,High,2020-09-30,,
5529,Open,Low,2020-02-06,,
5530,Open,Medium,2020-02-21,,
5531,Open,Medium,2020-10-10,,
5532,Open,Low,2021-07-06,,
5533,Open,High,2021-09-02,,
5534,Pending Customer Response,Critical,2020-02-03,,
5535,Pending Customer Response,Low,2020-10-22,,
5536,Pending Customer Response,Low,2021-06-03,,
5537,Pending Customer Response,High,2021-11-18,,
5538,Closed,Low,2021-02-02,2023-06-01 13:18:47,20389.313055555554
5539,Open,Medium,2021-11-10,,
5540,Closed,High,2021-05-09,2023-06-01 09:54:49,18081.91361111111
5541,Closed,Low,2020-01-26,2023-06-01 00:41:50,29328.69722222222
5542,Pending Customer Response,Critical,2021-04-30,,
5543,Closed,Medium,2020-11-15,2023-06-01 04:04:53,22276.081388888888
5544,Pending Customer Response,Critical,2021-04-01,,
5545,Pending Customer Response,Critical,2020-06-12,,
5546,Open,Critical,2020-11-03,,
5547,Pending Customer Response,High,2021-03-16,,
5548,Closed,High,2020-08-09,2023-06-01 18:31:01,24642.516944444444
5549,Pending Customer Response,Low,2021-01-03,,
5550,Closed,High,2020-01-08,2023-06-01 07:03:04,29767.051111111112
5551,Open,Low,2021-03-26,,
5552,Open,High,2020-10-29,,
5553,Closed,High,2020-10-17,2023-06-01 22:44:09,22990.735833333332
5554,Open,Low,2021-05-25,,
5555,Pending Customer Response,Low,2021-02-01,,
5556,Open,Critical,2021-06-27,,
5557,Closed,Low,2020-12-22,2023-06-01 04:23:15,21388.3875
5558,Closed,Low,2021-01-08,2023-06-01 19:28:17,20995.471388888887
5559,Open,Critical,2020-11-12,,
5560,Open,High,2020-01-18,,
5561,Pending Customer Response,High,2020-08-07,,
5562,Pending Customer Response,Medium,2021-02-17,,
5563,Pending Customer Response,High,2021-04-05,,
5564,Pending Customer Response,Critical,2020-02-11,,
5565,Closed,Low,2021-08-18,2023-06-01 04:58:26,15652.97388888889
5566,Pending Customer Response,High,2021-12-23,,
5567,Pending Customer Response,Low,2021-01-16,,
5568,Open,High,2021-07-13,,
5569,Closed,High,2020-03-03,2023-06-01 17:50:32,28457.84222222222
5570,Open,High,2020-11-01,,
5571,Open,Low,2021-12-07,,
5572,Open,High,2020-11-14,,
5573,Open,Medium,2020-05-06,,
5574,Open,Critical,2021-04-28,,
5575,Closed,Medium,2021-10-27,2023-06-01 02:13:41,13970.228055555555
5576,Pending Customer Response,High,2020-06-11,,
5577,Pending Customer Response,Critical,2020-12-16,,
5578,Closed,Critical,2021-06-02,2023-06-01 15:50:46,17511.84611111111
5579,Open,High,2020-04-22,,
5580,Pending Customer Response,Medium,2020-06-10,,
5581,Pending Customer Response,Low,2021-01-15,,
5582,Open,Low,2020-11-04,,
5583,Pending Customer Response,High,2020-01-05,,
5584,Pending Customer Response,Medium,2020-06-22,,
5585,Open,Critical,2021-06-13,,
5586,Closed,Medium,2020-08-12,2023-06-01 07:36:57,24559.615833333333
5587,Pending Customer Response,Medium,2021-11-03,,
5588,Open,Low,2020-03-08,,
5589,Closed,Low,2021-05-18,2023-06-01 15:46:02,17871.76722222222
5590,Pending Customer Response,Medium,2021-08-10,,
5591,Open,Low,2020-12-31,,
5592,Pending Customer Response,Low,2021-11-05,,
5593,Pending Customer Response,Medium,2021-10-06,,
5594,Closed,Low,2021-06-16,2023-06-01 16:54:09,17176.9025
5595,Pending Customer Response,High,2021-12-04,,
5596,Pending Customer Response,Medium,2021-04-15,,
5597,Pending Customer Response,Low,2020-07-08,,
5598,Pending Customer Response,Low,2021-01-14,,
5599,Pending Customer Response,Low,2021-08-14,,
5600,Pending Customer Response,Medium,2020-11-24,,
5601,Closed,High,2020-04-10,2023-06-01 21:53:19,27549.88861111111
5602,Closed,High,2020-06-21,2023-06-01 20:21:20,25820.355555555554
5603,Pending Customer Response,Critical,2021-02-01,,
5604,Pending Customer Response,High,2021-02-25,,
5605,Closed,Low,2020-09-20,2023-06-01 14:21:25,23630.356944444444
5606,Pending Customer Response,Critical,2020-07-01,,
5607,Pending Customer Response,High,2021-03-17,,
5608,Pending Customer Response,Critical,2020-02-05,,
5609,Closed,High,2020-07-13,2023-06-01 07:27:29,25279.458055555555
5610,Pending Customer Response,Low,2021-02-23,,
5611,Pending Customer Response,High,2020-10-27,,
5612,Closed,Critical,2020-04-19,2023-06-01 11:49:32,27323.825555555555
5613,Closed,Critical,2020-02-01,2023-06-01 15:13:34,29199.22611111111
5614,Closed,High,2021-04-21,2023-06-01 18:00:36,18522.01
5615,Open,High,2021-05-26,,
5616,Open,Medium,2020-09-16,,
5617,Open,Low,2021-02-27,,
5618,Open,Low,2020-12-04,,
5619,Open,Low,2021-10-07,,
5620,Closed,Medium,2020-02-27,2023-06-01 17:06:43,28577.111944444445
5621,Open,High,2021-06-15,,
5622,Closed,Low,2021-06-15,2023-06-01 03:36:46,17187.612777777777
5623,Open,High,2020-02-08,,
5624,Pending Customer Response,Critical,2021-04-01,,
5625,Closed,High,2021-06-05,2023-06-01 16:30:50,17440.51388888889
5626,Closed,Critical,2020-09-14,2023-06-01 21:39:52,23781.664444444443
5627,Open,Medium,2020-11-06,,
5628,Closed,High,2020-03-22,2023-06-01 21:46:54,28005.781666666666
5629,Open,Medium,2021-08-02,,
5630,Closed,Medium,2021-07-18,2023-06-01 22:42:57,16414.715833333332
5631,Open,Critical,2020-09-24,,
5632,Open,Critical,2021-11-10,,
5633,Pending Customer Response,High,2021-09-26,,
5634,Open,High,2021-05-15,,
5635,Open,Medium,2021-02-28,,
5636,Closed,Low,2021-09-23,2023-06-01 15:29:02,14799.483888888888
5637,Closed,Low,2021-06-11,2023-06-01 18:47:04,17298.784444444445
5638,Open,Low,2021-04-19,,
5639,Open,High,2020-07-25,,
5640,Open,Medium,2020-03-01,,
5641,Closed,Medium,2020-11-12,2023-06-01 22:15:10,22366.25277777778
5642,Open,High,2021-04-03,,
5643,Closed,Low,2021-03-27,2023-06-01 13:38:13,19117.636944444443
5644,Open,Medium,2020-11-12,,
5645,Open,Critical,2021-08-28,,
5646,Closed,High,2020-09-17,2023-06-01 04:53:18,23692.888333333332
5647,Open,Critical,2021-07-24,,
5648,Closed,Medium,2020-10-23,2023-06-01 06:52:20,22830.87222222222
5649,Open,High,2020-09-12,,
5650,Closed,Critical,2021-03-27,2023-06-01 10:56:22,19114.939444444444
5651,Closed,Medium,2021-06-19,2023-06-01 02:06:24,17090.106666666667
5652,Pending Customer Response,Critical,2021-01-19,,
5653,Pending Customer Response,Low,2020-09-26,,
5654,Open,Medium,2021-04-27,,
5655,Open,Critical,2021-08-16,,
5656,Pending Customer Response,Medium,2020-04-29,,
5657,Open,Low,2020-01-20,,
5658,Closed,Critical,2021-11-29,2023-06-01 10:05:33,13186.0925
5659,Open,Critical,2021-07-01,,
5660,Open,High,2021-03-25,,
5661,Open,Low,2021-03-25,,
5662,Pending Customer Response,Critical,2020-02-04,,
5663,Closed,Medium,2020-08-15,2023-06-01 22:55:38,24502.92722222222
5664,Pending Customer Response,Low,2020-10-09,,
5665,Closed,High,2021-04-23,2023-06-01 20:30:41,18476.511388888888
5666,Closed,Critical,2021-01-21,2023-06-01 16:07:43,20680.12861111111
5667,Pending Customer Response,Low,2020-03-19,,
5668,Closed,High,2020-09-15,2023-06-01 04:29:45,23740.495833333334
5669,Closed,Low,2020-10-15,2023-06-01 19:11:47,23035.19638888889
5670,Pending Customer Response,Low,2021-06-06,,
5671,Closed,High,2021-11-19,2023-06-01 21:04:48,13437.08
5672,Closed,Low,2020-11-01,2023-06-01 17:49:49,22625.83027777778
5673,Pending Customer Response,Critical,2020-07-28,,
5674,Closed,Critical,2020-05-06,2023-06-01 08:12:52,26912.214444444446
5675,Open,High,2020-09-16,,
5676,Closed,Low,2020-08-08,2023-06-01 06:43:56,24654.73222222222
5677,Pending Customer Response,Medium,2021-01-04,,
5678,Open,Low,2020-02-05,,
5679,Closed,Low,2021-11-12,2023-06-01 15:14:00,13599.233333333334
5680,Open,Critical,2021-12-18,,
5681,Pending Customer Response,Medium,2020-02-08,,
5682,Closed,Critical,2020-02-12,2023-06-01 14:11:02,28934.18388888889
5683,Pending Customer Response,High,2020-06-15,,
5684,Closed,Medium,2021-02-16,2023-06-01 22:26:05,20062.43472222222
5685,Closed,High,2020-03-19,2023-06-01 08:03:07,28064.051944444444
5686,Pending Customer Response,Low,2020-09-08,,
5687,Closed,High,2020-01-28,2023-06-01 14:10:10,29294.169444444444
5688,Open,Medium,2020-09-04,,
5689,Pending Customer Response,Medium,2021-04-26,,
5690,Pending Customer Response,Low,2021-11-21,,
5691,Pending Customer Response,Low,2020-10-05,,
5692,Pending Customer Response,High,2021-05-18,,
5693,Pending Customer Response,Medium,2021-09-16,,
5694,Closed,Critical,2020-01-21,2023-06-01 11:40:19,29459.671944444446
5695,Closed,High,2020-03-06,2023-06-01 17:09:20,28385.155555555557
5696,Pending Customer Response,High,2021-03-27,,
5697,Open,Low,2021-08-18,,
5698,Open,Critical,2021-01-28,,
5699,Pending Customer Response,Critical,2021-07-20,,
5700,Closed,Low,2021-04-30,2023-06-01 11:23:25,18299.390277777777
5701,Open,High,2021-10-26,,
5702,Open,Medium,2021-01-16,,
5703,Pending Customer Response,Low,2021-06-29,,
5704,Closed,Low,2021-11-07,2023-06-01 20:22:30,13724.375
5705,Pending Customer Response,Low,2020-09-06,,
5706,Closed,Low,2020-06-27,2023-06-01 04:26:33,25660.4425
5707,Pending Customer Response,Low,2021-06-24,,
5708,Open,Low,2021-03-27,,
5709,Pending Customer Response,Critical,2020-11-29,,
5710,Open,Medium,2021-08-03,,
5711,Open,Low,2020-05-23,,
5712,Pending Customer Response,High,2020-08-19,,
5713,Open,Low,2020-08-07,,
5714,Closed,Critical,2020-06-29,2023-06-01 10:25:45,25618.429166666665
5715,Open,Low,2021-03-06,,
5716,Closed,Medium,2021-02-25,2023-06-01 10:08:47,19834.14638888889
5717,Closed,Critical,2020-01-16,2023-06-01 21:15:49,29589.26361111111
5718,Closed,High,2020-11-19,2023-06-01 10:46:51,22186.780833333334
5719,Pending Customer Response,Medium,2021-05-27,,
5720,Open,Low,2020-04-17,,
5721,Pending Customer Response,Critical,2020-03-13,,
5722,Closed,Medium,2021-07-01,2023-06-01 08:15:58,16808.266111111112
5723,Closed,Low,2020-09-19,2023-06-01 19:11:59,23659.199722222223
5724,Pending Customer Response,Critical,2021-10-08,,
5725,Open,High,2021-03-23,,
5726,Pending Customer Response,Low,2020-09-22,,
5727,Closed,Low,2020-02-18,2023-06-01 03:20:03,28779.334166666667
5728,Open,Critical,2020-01-03,,
5729,Open,High,2021-07-17,,
5730,Closed,Low,2020-07-25,2023-06-01 20:21:08,25004.352222222224
5731,Closed,Low,2021-02-19,2023-06-01 08:36:10,19976.602777777778
5732,Closed,Critical,2021-05-10,2023-06-01 06:46:12,18054.77
5733,Closed,High,2021-07-25,2023-06-01 06:06:14,16230.103888888889
5734,Open,High,2020-06-14,,
5735,Pending Customer Response,Critical,2021-12-12,,
5736,Pending Customer Response,Medium,2020-06-15,,
5737,Closed,Low,2020-11-26,2023-06-01 15:06:19,22023.105277777777
5738,Closed,High,2021-04-23,2023-06-01 10:16:21,18466.2725
5739,Open,Medium,2020-05-19,,
5740,Closed,Medium,2020-08-14,2023-06-01 09:34:25,24513.57361111111
5741,Closed,Low,2020-08-23,2023-06-01 20:45:27,24308.7575
5742,Open,High,2020-07-04,,
5743,Pending Customer Response,Low,2021-05-24,,
5744,Closed,Critical,2021-07-08,2023-06-01 11:36:30,16643.608333333334
5745,Closed,Critical,2021-02-01,2023-06-01 19:56:32,20419.942222222224
5746,Pending Customer Response,Critical,2020-09-10,,
5747,Open,Medium,2020-02-09,,
5748,Open,Medium,2020-09-28,,
5749,Pending Customer Response,Low,2021-05-08,,
5750,Open,High,2021-10-01,,
5751,Closed,High,2021-08-21,2023-06-01 11:28:41,15587.478055555555
5752,Open,Low,2020-12-07,,
5753,Pending Customer Response,Critical,2021-09-14,,
5754,Open,High,2021-08-10,,
5755,Open,Low,2021-02-08,,
5756,Pending Customer Response,Medium,2021-03-26,,
5757,Open,High,2020-08-18,,
5758,Open,Low,2020-05-17,,
5759,Closed,Medium,2020-04-23,2023-06-01 00:47:52,27216.797777777778
5760,Closed,Low,2020-04-17,2023-06-01 04:43:54,27364.731666666667
5761,Closed,Critical,2020-02-28,2023-06-01 21:24:55,28557.415277777778
5762,Open,Critical,2021-11-25,,
5763,Pending Customer Response,Critical,2020-09-15,,
5764,Pending Customer Response,Medium,2020-04-22,,
5765,Pending Customer Response,High,2021-05-10,,
5766,Closed,High,2020-01-20,2023-06-01 12:46:02,29484.76722222222
5767,Pending Customer Response,Critical,2020-09-04,,
5768,Closed,Critical,2020-07-18,2023-06-01 23:20:06,25175.335
5769,Pending Customer Response,Low,2021-09-22,,
5770,Pending Customer Response,Low,2020-08-27,,
5771,Pending Customer Response,Critical,2021-12-08,,
5772,Closed,Medium,2021-07-06,2023-06-01 04:41:10,16684.68611111111
5773,Pending Customer Response,Critical,2020-12-14,,
5774,Pending Customer Response,High,2020-06-29,,
5775,Pending Customer Response,Medium,2021-10-12,,
5776,Pending Customer Response,Medium,2020-04-06,,
5777,Closed,Medium,2020-11-28,2023-06-01 00:09:16,21960.154444444444
5778,Open,Critical,2021-04-09,,
5779,Pending Customer Response,Medium,2021-12-07,,
5780,Closed,High,2020-05-19,2023-06-01 08:57:22,26600.95611111111
5781,Pending Customer Response,Medium,2021-03-18,,
5782,Closed,Low,2021-09-17,2023-06-01 19:17:25,14947.290277777778
5783,Open,Medium,2021-11-15,,
5784,Open,Low,2021-12-08,,
5785,Closed,High,2020-07-30,2023-06-01 05:32:30,24869.541666666668
5786,Closed,Critical,2020-03-19,2023-06-01 04:00:31,28060.008611111112
5787,Pending Customer Response,Critical,2021-03-01,,
5788,Pending Customer Response,Critical,2021-04-15,,
5789,Pending Customer Response,Low,2021-03-13,,
5790,Closed,Critical,2021-06-12,2023-06-01 08:52:36,17264.876666666667
5791,Open,Critical,2020-01-01,,
5792,Closed,Low,2020-07-22,2023-06-01 12:04:39,25068.0775
5793,Closed,Critical,2020-04-13,2023-06-01 12:21:40,27468.36111111111
5794,Open,High,2020-11-03,,
5795,Open,Medium,2021-12-19,,
5796,Pending Customer Response,Low,2021-03-02,,
5797,Pending Customer Response,Medium,2021-08-28,,
5798,Pending Customer Response,Medium,2020-02-21,,
5799,Closed,Critical,2020-09-25,2023-06-01 19:33:48,23515.56333333333
5800,Pending Customer Response,High,2020-09-12,,
5801,Open,Low,2020-09-28,,
5802,Closed,High,2021-05-16,2023-06-01 05:23:54,17909.398333333334
5803,Closed,Low,2020-02-25,2023-06-01 13:08:54,28621.148333333334
5804,Open,High,2020-04-09,,
5805,Pending Customer Response,Low,2021-08-27,,
5806,Closed,Low,2020-05-20,2023-06-01 11:07:58,26579.132777777777
5807,Closed,Critical,2020-10-06,2023-06-01 01:41:58,23233.699444444443
5808,Pending Customer Response,Medium,2020-06-10,,
5809,Pending Customer Response,Medium,2021-09-29,,
5810,Closed,Medium,2020-03-23,2023-06-01 10:12:02,27970.200555555555
5811,Pending Customer Response,Low,2020-04-06,,
5812,Open,Low,2021-03-26,,
5813,Open,Low,2020-11-22,,
5814,Pending Customer Response,Critical,2021-02-02,,
5815,Closed,Low,2021-10-25,2023-06-01 20:16:11,14036.269722222221
5816,Closed,Medium,2020-10-25,2023-06-01 15:37:13,22791.620277777776
5817,Pending Customer Response,Low,2020-09-02,,
5818,Open,Low,2020-09-01,,
5819,Pending Customer Response,High,2021-08-21,,
5820,Closed,Medium,2021-09-14,2023-06-01 15:07:19,15015.121944444445
5821,Open,Critical,2021-03-27,,
5822,Pending Customer Response,High,2020-09-29,,
5823,Closed,Medium,2021-01-28,2023-06-01 10:18:23,20506.30638888889
5824,Pending Customer Response,Medium,2021-03-25,,
5825,Open,Critical,2020-02-26,,
5826,Closed,Critical,2020-06-01,2023-06-01 08:53:26,26288.890555555554
5827,Pending Customer Response,Medium,2020-04-03,,
5828,Closed,Low,2021-04-18,2023-06-01 05:41:29,18581.69138888889
5829,Closed,Medium,2020-06-20,2023-06-01 21:57:31,25845.95861111111
5830,Open,Critical,2020-02-04,,
5831,Open,Low,2020-11-23,,
5832,Closed,Low,2020-05-19,2023-06-01 15:35:33,26607.5925
5833,Pending Customer Response,Critical,2021-02-03,,
5834,Closed,Low,2021-12-26,2023-06-01 21:27:36,12549.46
5835,Pending Customer Response,Critical,2021-11-20,,
5836,Pending Customer Response,Low,2020-12-02,,
5837,Open,Low,2020-10-17,,
5838,Open,Critical,2020-06-18,,
5839,Open,Medium,2021-04-24,,
5840,Closed,Low,2020-07-04,2023-06-01 19:17:44,25507.295555555556
5841,Pending Customer Response,Medium,2020-01-11,,
5842,Open,High,2021-05-27,,
5843,Open,Medium,2020-08-29,,
5844,Open,High,2021-11-25,,
5845,Open,Low,2021-09-12,,
5846,Closed,Medium,2021-01-24,2023-06-01 02:25:55,20594.431944444445
5847,Closed,Low,2020-04-15,2023-06-01 09:06:57,27417.115833333333
5848,Closed,Medium,2020-12-11,2023-06-01 20:14:58,21668.249444444446
5849,Open,Medium,2020-10-02,,
5850,Open,Critical,2021-01-30,,
5851,Open,Medium,2021-06-26,,
5852,Closed,Medium,2020-11-02,2023-06-01 14:02:05,22598.034722222223
5853,Closed,Medium,2020-02-23,2023-06-01 02:25:05,28658.418055555554
5854,Closed,Medium,2020-12-05,2023-06-01 21:43:06,21813.718333333334
5855,Closed,Critical,2021-09-23,2023-06-01 22:36:08,14806.602222222222
5856,Closed,High,2021-12-08,2023-06-01 04:01:08,12964.01888888889
5857,Pending Customer Response,Low,2020-10-16,,
5858,Pending Customer Response,Medium,2021-02-24,,
5859,Open,Critical,2021-03-03,,
5860,Closed,High,2020-05-04,2023-06-01 07:11:14,26959.187222222223
5861,Open,Low,2021-08-31,,
5862,Pending Customer Response,Critical,2020-06-18,,
5863,Closed,High,2020-10-15,2023-06-01 01:57:18,23017.955
5864,Pending Customer Response,Medium,2020-05-13,,
5865,Closed,High,2020-03-17,2023-06-01 00:45:21,28104.755833333333
5866,Closed,Critical,2021-03-31,2023-06-01 18:14:22,19026.239444444444
5867,Closed,Critical,2020-04-18,2023-06-01 23:10:24,27359.173333333332
5868,Closed,Low,2021-09-29,2023-06-01 15:48:25,14655.806944444445
5869,Open,Critical,2020-11-26,,
5870,Closed,High,2020-09-15,2023-06-01 21:05:28,23757.091111111113
5871,Open,Low,2021-04-16,,
5872,Pending Customer Response,Medium,2020-10-02,,
5873,Open,Critical,2020-02-13,,
5874,Pending Customer Response,Critical,2021-05-29,,
5875,Open,Low,2021-03-23,,
5876,Closed,Medium,2021-11-01,2023-06-01 19:01:39,13867.0275
5877,Open,High,2021-04-21,,
5878,Pending Customer Response,Medium,2020-10-29,,
5879,Pending Customer Response,Low,2021-02-20,,
5880,Pending Customer Response,Medium,2021-11-24,,
5881,Open,Medium,2021-12-29,,
5882,Pending Customer Response,Critical,2020-11-05,,
5883,Open,Low,2021-02-09,,
5884,Open,High,2021-08-14,,
5885,Closed,Medium,2020-09-22,2023-06-01 16:27:52,23584.464444444446
5886,Closed,Low,2021-02-07,2023-06-01 07:39:52,20263.664444444443
5887,Open,High,2020-10-05,,
5888,Open,Critical,2021-04-16,,
5889,Open,Medium,2020-10-14,,
5890,Closed,High,2020-07-18,2023-06-01 23:19:58,25175.332777777778
5891,Open,Medium,2021-10-19,,
5892,Open,High,2021-07-11,,
5893,Closed,Low,2021-06-14,2023-06-01 21:03:03,17229.050833333335
5894,Pending Customer Response,Critical,2020-11-23,,
5895,Pending Customer Response,Medium,2020-07-09,,
5896,Pending Customer Response,High,2021-06-25,,
5897,Open,Critical,2021-01-03,,
5898,Pending Customer Response,Low,2021-08-08,,
5899,Open,Critical,2020-03-26,,
5900,Closed,High,2021-06-09,2023-06-01 19:10:11,17347.16972222222
5901,Pending Customer Response,Medium,2021-02-01,,
5902,Closed,Critical,2020-10-08,2023-06-01 02:33:14,23186.553888888888
5903,Pending Customer Response,Critical,2021-07-09,,
5904,Pending Customer Response,Medium,2021-08-16,,
5905,Closed,Medium,2021-05-22,2023-06-01 10:54:19,17770.905277777776
5906,Pending Customer Response,Medium,2020-03-28,,
5907,Pending Customer Response,High,2020-07-30,,
5908,Pending Customer Response,Critical,2020-01-07,,
5909,Open,High,2020-02-20,,
5910,Closed,Critical,2021-06-20,2023-06-01 14:09:28,17078.15777777778
5911,Open,Low,2020-04-13,,
5912,Closed,Low,2020-09-14,2023-06-01 16:46:31,23776.77527777778
5913,Pending Customer Response,Critical,2020-10-13,,
5914,Open,Low,2020-01-06,,
5915,Open,High,2020-10-18,,
5916,Open,High,2020-03-02,,
5917,Open,Low,2021-09-19,,
5918,Closed,High,2021-03-25,2023-06-01 16:04:37,19168.076944444445
5919,Closed,Critical,2021-02-22,2023-06-01 16:10:38,19912.17722222222
5920,Closed,Critical,2021-05-20,2023-06-01 20:32:39,17828.544166666667
5921,Open,Critical,2020-09-29,,
5922,Pending Customer Response,Medium,2021-08-16,,
5923,Pending Customer Response,Medium,2020-10-15,,
5924,Pending Customer Response,Low,2020-01-01,,
5925,Pending Customer Response,Low,2021-11-29,,
5926,Open,Medium,2021-04-01,,
5927,Open,Low,2020-04-15,,
5928,Open,Low,2020-04-02,,
5929,Pending Customer Response,High,2021-07-04,,
5930,Closed,Low,2021-07-10,2023-06-01 06:19:55,16590.331944444446
5931,Closed,Low,2021-09-11,2023-06-01 22:42:57,15094.715833333334
5932,Pending Customer Response,Medium,2021-12-24,,
5933,Pending Customer Response,Medium,2020-12-25,,
5934,Pending Customer Response,High,2021-02-08,,
5935,Open,Critical,2020-12-19,,
5936,Open,Medium,2020-01-07,,
5937,Pending Customer Response,Medium,2021-05-19,,
5938,Open,Medium,2020-11-03,,
5939,Closed,Medium,2021-12-07,2023-06-01 17:39:09,13001.6525
5940,Closed,Medium,2020-03-01,2023-06-01 04:33:11,28492.553055555556
5941,Open,Critical,2021-03-19,,
5942,Pending Customer Response,High,2020-01-09,,
5943,Open,Critical,2020-04-02,,
5944,Closed,Critical,2020-02-03,2023-06-01 16:28:17,29152.471388888887
5945,Closed,Critical,2020-09-21,2023-06-01 19:35:18,23611.588333333333
5946,Pending Customer Response,Low,2021-08-09,,
5947,Pending Customer Response,Medium,2021-07-18,,
5948,Pending Customer Response,High,2020-01-22,,
5949,Open,Medium,2021-01-25,,
5950,Closed,Medium,2020-12-19,2023-06-01 03:41:26,21459.690555555557
5951,Closed,Critical,2020-08-15,2023-06-01 06:22:27,24486.37416666667
5952,Closed,High,2021-12-25,2023-06-01 22:40:28,12574.674444444445
5953,Open,Medium,2021-05-27,,
5954,Open,Medium,2020-11-19,,
5955,Pending Customer Response,High,2020-08-18,,
5956,Open,High,2020-12-10,,
5957,Closed,High,2021-10-28,2023-06-01 18:08:35,13962.143055555556
5958,Open,High,2021-01-14,,
5959,Open,Medium,2020-12-14,,
5960,Closed,Low,2020-05-11,2023-06-01 06:18:37,26790.31027777778
5961,Closed,Critical,2020-06-22,2023-06-01 11:49:39,25787.8275
5962,Closed,Medium,2021-12-22,2023-06-01 17:27:39,12641.460833333333
5963,Pending Customer Response,Medium,2021-06-08,,
5964,Pending Customer Response,Low,2021-03-26,,
5965,Open,High,2020-05-19,,
5966,Closed,High,2021-08-09,2023-06-01 02:13:46,15866.229444444445
5967,Pending Customer Response,Medium,2021-03-27,,
5968,Pending Customer Response,Low,2020-03-28,,
5969,Closed,Medium,2020-09-17,2023-06-01 13:07:47,23701.129722222224
5970,Pending Customer Response,Critical,2021-08-26,,
5971,Closed,Low,2020-10-25,2023-06-01 01:33:50,22777.56388888889
5972,Open,High,2020-07-23,,
5973,Closed,High,2021-02-08,2023-06-01 09:19:53,20241.331388888888
5974,Pending Customer Response,High,2020-04-16,,
5975,Open,Medium,2021-06-29,,
5976,Pending Customer Response,High,2020-08-01,,
5977,Open,High,2021-03-01,,
5978,Open,Low,2020-07-17,,
5979,Open,High,2020-02-17,,
5980,Closed,Critical,2021-07-14,2023-06-01 19:30:02,16507.500555555554
5981,Closed,Low,2021-11-16,2023-06-01 16:24:04,13504.40111111111
5982,Open,Critical,2021-10-06,,
5983,Closed,Low,2020-12-05,2023-06-01 10:55:07,21802.918611111112
5984,Closed,Low,2020-07-09,2023-06-01 09:18:09,25377.3025
5985,Open,Medium,2021-06-22,,
5986,Open,Low,2020-10-25,,
5987,Open,Low,2021-10-02,,
5988,Pending Customer Response,Medium,2021-06-10,,
5989,Open,Critical,2021-09-28,,
5990,Pending Customer Response,High,2020-04-09,,
5991,Closed,Low,2021-02-03,2023-06-01 11:30:15,20363.504166666666
5992,Closed,Medium,2021-07-02,2023-06-01 05:02:16,16781.03777777778
5993,Closed,High,2021-12-10,2023-06-01 10:56:18,12922.938333333334
5994,Pending Customer Response,Low,2021-09-01,,
5995,Pending Customer Response,Medium,2020-01-05,,
5996,Open,High,2020-06-02,,
5997,Closed,High,2021-04-01,2023-06-01 11:16:26,18995.27388888889
5998,Open,Low,2020-02-11,,
5999,Open,Medium,2021-05-14,,
6000,Pending Customer Response,Low,2021-10-05,,
6001,Open,High,2021-05-24,,
6002,Pending Customer Response,High,2020-08-13,,
6003,Pending Customer Response,Critical,2021-11-30,,
6004,Open,High,2021-01-13,,
6005,Pending Customer Response,High,2020-09-07,,
6006,Pending Customer Response,Medium,2020-01-28,,
6007,Pending Customer Response,Medium,2021-12-01,,
6008,Pending Customer Response,Low,2020-03-16,,
6009,Open,Medium,2020-09-12,,
6010,Open,Medium,2021-05-07,,
6011,Closed,Medium,2020-02-17,2023-06-01 13:38:43,28813.645277777778
6012,Pending Customer Response,Critical,2020-05-16,,
6013,Pending Customer Response,Medium,2021-02-18,,
6014,Closed,Medium,2021-10-14,2023-06-01 04:30:46,14284.512777777778
6015,Open,Critical,2020-11-08,,
6016,Open,Critical,2020-05-29,,
6017,Pending Customer Response,Low,2021-11-16,,
6018,Closed,Critical,2020-09-21,2023-06-01 08:46:52,23600.78111111111
6019,Closed,Critical,2021-12-27,2023-06-01 05:28:53,12509.48138888889
6020,Pending Customer Response,Critical,2021-12-17,,
6021,Closed,Medium,2021-08-27,2023-06-01 21:10:56,15453.182222222222
6022,Closed,Medium,2021-05-22,2023-06-01 22:32:58,17782.549444444445
6023,Closed,Low,2020-05-22,2023-06-01 11:29:59,26531.499722222223
6024,Closed,Medium,2021-03-04,2023-06-01 22:23:00,19678.383333333335
6025,Open,Medium,2020-04-16,,
6026,Pending Customer Response,Critical,2020-11-03,,
6027,Closed,Medium,2020-09-26,2023-06-01 08:47:03,23480.784166666668
6028,Closed,Medium,2020-01-07,2023-06-01 09:36:04,29793.60111111111
6029,Open,Medium,2021-06-25,,
6030,Open,High,2021-11-16,,
6031,Closed,Medium,2020-05-01,2023-06-01 06:57:07,27030.951944444445
6032,Open,Medium,2020-03-11,,
6033,Closed,Critical,2021-11-09,2023-06-01 11:56:10,13667.93611111111
6034,Pending Customer Response,Medium,2021-05-20,,
6035,Closed,Critical,2020-02-29,2023-06-01 09:44:13,28521.736944444445
6036,Open,Critical,2020-07-08,,
6037,Open,Critical,2020-03-27,,
6038,Pending Customer Response,Low,2020-10-09,,
6039,Open,Critical,2020-04-27,,
6040,Pending Customer Response,High,2020-03-26,,
6041,Pending Customer Response,Medium,2021-08-18,,
6042,Open,Critical,2020-02-12,,
6043,Closed,High,2020-05-26,2023-06-01 02:08:25,26426.140277777777
6044,Open,High,2020-05-31,,
6045,Pending Customer Response,Critical,2020-06-08,,
6046,Closed,Low,2020-06-12,2023-06-01 18:10:28,26034.174444444445
6047,Open,High,2021-02-01,,
6048,Closed,Critical,2021-01-13,2023-06-01 18:27:30,20874.458333333332
6049,Closed,Medium,2020-01-30,2023-06-01 08:37:30,29240.625
6050,Open,Critical,2020-06-17,,
6051,Pending Customer Response,Low,2020-09-03,,
6052,Closed,Critical,2021-07-12,2023-06-01 16:50:36,16552.843333333334
6053,Closed,Low,2021-03-06,2023-06-01 21:07:36,19629.126666666667
6054,Pending Customer Response,Medium,2020-09-05,,
6055,Closed,Critical,2021-10-05,2023-06-01 03:43:39,14499.7275
6056,Open,Critical,2021-01-14,,
6057,Closed,Medium,2020-12-01,2023-06-01 05:34:43,21893.578611111112
6058,Closed,Low,2021-04-04,2023-06-01 06:12:43,18918.211944444443
6059,Closed,Low,2021-09-12,2023-06-01 02:57:45,15050.9625
6060,Closed,Low,2021-05-30,2023-06-01 01:55:46,17569.929444444446
6061,Pending Customer Response,Critical,2020-06-22,,
6062,Open,Critical,2021-06-16,,
6063,Open,Low,2020-06-12,,
6064,Open,Critical,2021-10-16,,
6065,Closed,Critical,2020-11-15,2023-06-01 02:08:53,22274.148055555557
6066,Open,Medium,2020-07-25,,
6067,Open,High,2020-02-27,,
6068,Pending Customer Response,Medium,2020-09-12,,
6069,Pending Customer Response,Medium,2021-10-21,,
6070,Open,High,2020-02-14,,
6071,Open,High,2020-10-31,,
6072,Closed,Critical,2021-01-10,2023-06-01 05:27:02,20933.450555555555
6073,Open,Medium,2021-09-20,,
6074,Pending Customer Response,High,2021-09-25,,
6075,Open,Critical,2021-03-09,,
6076,Pending Customer Response,Low,2020-04-23,,
6077,Open,Medium,2021-03-13,,
6078,Closed,High,2021-12-29,2023-06-01 08:36:13,12464.603611111112
6079,Closed,High,2021-06-11,2023-06-01 06:31:15,17286.520833333332
6080,Closed,Low,2021-01-23,2023-06-01 15:05:16,20631.08777777778
6081,Open,Low,2021-08-05,,
6082,Closed,Medium,2020-09-08,2023-06-01 14:12:20,23918.205555555556
6083,Open,Low,2021-08-31,,
6084,Open,Critical,2021-01-25,,
6085,Closed,Medium,2021-05-13,2023-06-01 07:16:25,17983.27361111111
6086,Pending Customer Response,Medium,2021-08-19,,
6087,Closed,Medium,2021-08-21,2023-06-01 02:00:28,15578.007777777777
6088,Open,Low,2021-03-07,,
6089,Closed,Medium,2020-08-09,2023-06-01 00:39:31,24624.65861111111
6090,Open,Critical,2021-09-16,,
6091,Pending Customer Response,Medium,2020-09-12,,
6092,Open,Medium,2021-12-23,,
6093,Pending Customer Response,Low,2020-03-08,,
6094,Open,Medium,2020-12-04,,
6095,Open,Medium,2020-11-02,,
6096,Closed,Medium,2020-07-15,2023-06-01 13:16:39,25237.2775
6097,Open,High,2021-11-02,,
6098,Closed,Critical,2021-07-22,2023-06-01 17:14:42,16313.245
6099,Closed,High,2021-01-28,2023-06-01 17:14:42,20513.245
6100,Pending Customer Response,High,2020-02-23,,
6101,Open,High,2021-07-09,,
6102,Closed,Critical,2021-03-22,2023-06-01 23:52:46,19247.879444444443
6103,Pending Customer Response,Medium,2021-01-03,,
6104,Open,Critical,2021-07-10,,
6105,Open,High,2020-01-19,,
6106,Closed,Critical,2021-09-13,2023-06-01 20:09:51,15044.164166666667
6107,Closed,High,2020-03-29,2023-06-01 02:15:53,27818.264722222222
6108,Open,High,2020-03-16,,
6109,Pending Customer Response,Medium,2020-04-09,,
6110,Open,Medium,2020-02-03,,
6111,Closed,Critical,2021-12-14,2023-06-01 14:41:58,12830.699444444444
6112,Closed,Medium,2020-10-22,2023-06-01 11:07:59,22859.133055555554
6113,Open,Low,2020-11-03,,
6114,Open,Low,2020-03-11,,
6115,Pending Customer Response,Medium,2021-11-25,,
6116,Closed,High,2020-09-28,2023-06-01 23:50:04,23447.834444444445
6117,Closed,Medium,2020-10-18,2023-06-01 07:42:05,22951.70138888889
6118,Pending Customer Response,High,2021-05-09,,
6119,Open,Critical,2020-12-22,,
6120,Open,Critical,2021-12-09,,
6121,Open,Medium,2021-09-13,,
6122,Closed,High,2020-07-21,2023-06-01 11:24:10,25091.402777777777
6123,Closed,Critical,2020-03-06,2023-06-01 15:56:11,28383.936388888887
6124,Pending Customer Response,High,2020-10-20,,
6125,Closed,Low,2020-10-29,2023-06-01 03:52:13,22683.870277777776
6126,Open,Critical,2020-08-20,,
6127,Open,High,2020-09-03,,
6128,Open,Critical,2020-03-30,,
6129,Open,High,2020-08-30,,
6130,Closed,High,2021-12-29,2023-06-01 02:27:19,12458.455277777777
6131,Open,Medium,2021-11-29,,
6132,Pending Customer Response,Medium,2021-08-31,,
6133,Closed,Critical,2021-11-05,2023-06-01 02:41:22,13754.689444444444
6134,Open,Low,2021-05-28,,
6135,Closed,Low,2020-01-09,2023-06-01 07:15:25,29743.256944444445
6136,Closed,High,2021-03-22,2023-06-01 18:31:26,19242.52388888889
6137,Open,Medium,2020-03-14,,
6138,Pending Customer Response,Low,2021-11-05,,
6139,Pending Customer Response,Medium,2021-03-19,,
6140,Open,Low,2021-09-21,,
6141,Closed,High,2020-12-30,2023-06-01 08:05:35,21200.093055555557
6142,Open,High,2021-11-26,,
6143,Closed,Low,2020-10-25,2023-06-01 23:33:38,22799.560555555556
6144,Open,High,2020-10-01,,
6145,Open,High,2021-06-15,,
6146,Closed,Low,2020-05-03,2023-06-01 16:37:42,26992.628333333334
6147,Pending Customer Response,Critical,2021-02-08,,
6148,Open,Low,2021-07-06,,
6149,Closed,Low,2021-05-11,2023-06-01 18:54:48,18042.913333333334
6150,Open,Medium,2021-10-11,,
6151,Closed,Medium,2021-01-03,2023-06-02 00:03:50,21120.06388888889
6152,Pending Customer Response,High,2020-01-24,,
6153,Closed,Critical,2021-05-16,2023-06-01 14:36:54,17918.615
6154,Closed,High,2020-03-01,2023-06-01 14:20:54,28502.34833333333
6155,Closed,Low,2021-05-04,2023-06-01 04:26:56,18196.448888888888
6156,Open,Critical,2021-01-05,,
6157,Closed,Medium,2021-11-17,2023-06-01 06:20:59,13470.349722222221
6158,Closed,High,2020-09-16,2023-06-01 13:25:01,23725.416944444445
6159,Closed,Critical,2021-05-21,2023-06-01 13:17:03,17797.284166666668
6160,Pending Customer Response,High,2020-09-09,,
6161,Open,Low,2020-08-14,,
6162,Pending Customer Response,Medium,2020-01-10,,
6163,Open,Medium,2021-08-16,,
6164,Pending Customer Response,Low,2021-12-03,,
6165,Pending Customer Response,Medium,2021-08-07,,
6166,Closed,High,2020-10-13,2023-06-01 16:56:11,23080.936388888887
6167,Pending Customer Response,Critical,2020-08-07,,
6168,Closed,High,2021-11-24,2023-06-01 19:34:14,13315.570555555556
6169,Closed,High,2020-11-25,2023-06-01 11:32:17,22043.538055555557
6170,Pending Customer Response,Medium,2021-06-30,,
6171,Open,Low,2020-01-14,,
6172,Pending Customer Response,Medium,2021-04-21,,
6173,Pending Customer Response,Low,2020-10-07,,
6174,Closed,Medium,2021-12-07,2023-06-01 23:58:24,13007.973333333333
6175,Closed,Critical,2020-03-29,2023-06-01 10:59:26,27826.990555555556
6176,Open,Low,2021-10-01,,
6177,Closed,Medium,2021-10-01,2023-06-01 23:28:28,14615.474444444444
6178,Closed,Low,2020-04-07,2023-06-01 12:26:28,27612.44111111111
6179,Pending Customer Response,Critical,2021-04-22,,
6180,Pending Customer Response,Medium,2021-09-24,,
6181,Open,Critical,2021-09-13,,
6182,Closed,High,2021-02-21,2023-06-01 09:43:32,19929.725555555557
6183,Open,Medium,2021-07-18,,
6184,Pending Customer Response,Critical,2021-09-01,,
6185,Closed,High,2020-01-02,2023-06-01 18:42:35,29922.709722222222
6186,Open,Critical,2021-05-05,,
6187,Closed,High,2021-10-02,2023-06-01 02:32:37,14570.54361111111
6188,Closed,Medium,2021-09-23,2023-06-01 17:14:38,14801.243888888888
6189,Open,Low,2021-05-28,,
6190,Open,Medium,2021-04-06,,
6191,Open,Critical,2020-04-08,,
6192,Open,Critical,2020-03-30,,
6193,Pending Customer Response,Critical,2021-08-31,,
6194,Closed,Low,2021-08-08,2023-06-01 23:33:49,15911.56361111111
6195,Open,Medium,2021-10-19,,
6196,Closed,High,2020-07-28,2023-06-01 02:03:52,24914.064444444444
6197,Closed,Critical,2021-07-23,2023-06-01 14:43:53,16286.73138888889
6198,Closed,High,2020-05-25,2023-06-01 09:22:54,26457.381666666668
6199,Closed,High,2021-05-28,2023-06-01 05:50:56,17621.84888888889
6200,Open,Low,2021-06-27,,
6201,Closed,High,2020-08-23,2023-06-02 00:01:58,24312.03277777778
6202,Closed,Critical,2021-07-16,2023-06-01 01:26:01,16441.43361111111
6203,Open,High,2021-04-21,,
6204,Closed,Critical,2021-02-16,2023-06-01 11:00:02,20051.000555555554
6205,Closed,High,2021-03-17,2023-06-01 08:00:04,19352.001111111113
6206,Pending Customer Response,Critical,2021-12-09,,
6207,Open,Low,2020-10-19,,
6208,Pending Customer Response,Low,2020-07-14,,
6209,Pending Customer Response,Critical,2021-10-13,,
6210,Pending Customer Response,High,2020-11-19,,
6211,Pending Customer Response,Critical,2020-12-01,,
6212,Closed,Low,2020-09-26,2023-06-01 06:14:15,23478.2375
6213,Pending Customer Response,Critical,2020-05-01,,
6214,Pending Customer Response,Critical,2021-09-17,,
6215,Open,High,2021-04-08,,
6216,Pending Customer Response,Medium,2021-08-01,,
6217,Closed,Critical,2021-01-10,2023-06-01 12:18:22,20940.306111111113
6218,Open,Low,2021-12-14,,
6219,Pending Customer Response,Critical,2020-09-27,,
6220,Closed,Medium,2021-06-27,2023-06-01 07:31:25,16903.52361111111
6221,Open,Low,2021-09-10,,
6222,Open,Critical,2021-09-27,,
6223,Pending Customer Response,Medium,2021-07-04,,
6224,Open,Critical,2021-08-15,,
6225,Pending Customer Response,Critical,2021-11-17,,
6226,Pending Customer Response,Medium,2021-12-25,,
6227,Pending Customer Response,Critical,2021-12-21,,
6228,Open,Low,2020-02-11,,
6229,Pending Customer Response,Low,2021-07-05,,
6230,Pending Customer Response,Medium,2020-02-19,,
6231,Open,Critical,2021-12-30,,
6232,Open,High,2021-08-08,,
6233,Pending Customer Response,Medium,2020-10-24,,
6234,Closed,Critical,2020-04-04,2023-06-01 16:44:47,27688.74638888889
6235,Open,Low,2021-02-01,,
6236,Pending Customer Response,Low,2021-11-06,,
6237,Closed,High,2021-11-27,2023-06-01 07:58:50,13231.980555555556
6238,Open,Critical,2020-09-29,,
6239,Open,Low,2021-11-05,,
6240,Open,Low,2020-05-29,,
6241,Closed,Critical,2021-02-01,2023-06-01 13:51:54,20413.865
6242,Closed,Critical,2021-06-14,2023-06-01 12:22:55,17220.381944444445
6243,Closed,Medium,2021-07-02,2023-06-01 19:26:57,16795.449166666665
6244,Open,Medium,2020-04-15,,
6245,Pending Customer Response,Critical,2020-11-29,,
6246,Open,Critical,2020-02-07,,
6247,Closed,High,2021-10-06,2023-06-01 02:45:01,14474.750277777777
6248,Closed,Low,2021-10-12,2023-06-01 23:11:03,14351.184166666666
6249,Closed,Critical,2021-01-27,2023-06-01 20:20:05,20540.334722222222
6250,Pending Customer Response,High,2020-07-24,,
6251,Closed,Critical,2021-04-07,2023-06-01 09:49:08,18849.818888888887
6252,Open,High,2021-11-10,,
6253,Closed,Low,2020-12-15,2023-06-01 22:54:12,21574.903333333332
6254,Closed,High,2021-05-22,2023-06-01 10:37:13,17770.620277777776
6255,Open,Medium,2020-11-05,,
6256,Closed,Low,2021-07-20,2023-06-01 21:20:15,16365.3375
6257,Open,Medium,2020-11-18,,
6258,Open,Medium,2020-05-25,,
6259,Open,Low,2020-05-10,,
6260,Open,Critical,2021-12-09,,
6261,Closed,Medium,2020-10-01,2023-06-01 15:38:21,23367.639166666668
6262,Closed,High,2021-05-22,2023-06-01 01:56:23,17761.93972222222
6263,Closed,Critical,2021-07-17,2023-06-01 02:17:24,16418.29
6264,Open,Medium,2021-03-28,,
6265,Closed,High,2021-11-07,2023-06-01 17:08:28,13721.141111111112
6266,Pending Customer Response,Low,2021-10-05,,
6267,Closed,High,2021-08-08,2023-06-01 08:42:31,15896.708611111111
6268,Closed,Low,2020-05-22,2023-06-01 05:26:33,26525.4425
6269,Open,High,2021-09-30,,
6270,Pending Customer Response,Low,2020-05-29,,
6271,Open,High,2020-10-18,,
6272,Open,Low,2020-09-26,,
6273,Pending Customer Response,High,2021-01-28,,
6274,Pending Customer Response,High,2020-08-02,,
6275,Closed,High,2020-11-14,2023-06-01 19:21:45,22315.3625
6276,Closed,Critical,2020-11-21,2023-06-01 19:20:47,22147.346388888887
6277,Open,High,2021-08-05,,
6278,Closed,Critical,2021-12-30,2023-06-01 23:30:50,12455.513888888889
6279,Closed,Critical,2020-10-29,2023-06-01 09:12:52,22689.214444444446
6280,Open,Low,2020-10-13,,
6281,Closed,High,2020-03-21,2023-06-01 09:51:54,28017.865
6282,Open,High,2021-10-23,,
6283,Closed,Critical,2020-04-25,2023-06-01 11:05:56,27179.09888888889
6284,Open,Critical,2020-09-30,,
6285,Pending Customer Response,Low,2020-08-02,,
6286,Pending Customer Response,Critical,2020-04-12,,
6287,Closed,Low,2021-10-26,2023-06-01 17:59:00,14009.983333333334
6288,Open,High,2020-04-22,,
6289,Pending Customer Response,Medium,2021-07-09,,
6290,Open,Critical,2020-12-07,,
6291,Closed,Low,2021-11-17,2023-06-01 00:56:05,13464.934722222222
6292,Open,Medium,2020-09-05,,
6293,Closed,High,2020-04-16,2023-06-01 23:33:08,27407.55222222222
6294,Closed,Medium,2021-06-09,2023-06-01 16:13:10,17344.219444444443
6295,Pending Customer Response,Critical,2021-02-02,,
6296,Open,Medium,2021-11-16,,
6297,Closed,Critical,2020-03-31,2023-06-01 13:07:15,27781.120833333334
6298,Open,Low,2021-07-06,,
6299,Pending Customer Response,Medium,2021-06-08,,
6300,Closed,High,2021-08-02,2023-06-01 13:14:19,16045.238611111112
6301,Pending Customer Response,Medium,2020-04-14,,
6302,Pending Customer Response,Critical,2021-07-18,,
6303,Open,High,2020-08-29,,
6304,Pending Customer Response,High,2021-03-27,,
6305,Closed,Critical,2021-02-27,2023-06-01 05:48:26,19781.80722222222
6306,Open,Low,2020-09-21,,
6307,Pending Customer Response,Low,2020-07-28,,
6308,Pending Customer Response,Critical,2020-08-29,,
6309,Open,Critical,2021-09-17,,
6310,Closed,Medium,2021-09-13,2023-06-01 14:51:32,15038.858888888888
6311,Closed,Medium,2020-09-24,2023-06-01 02:17:34,23522.292777777777
6312,Closed,Critical,2021-06-09,2023-06-01 23:10:35,17351.17638888889
6313,Pending Customer Response,Low,2020-02-29,,
6314,Open,Medium,2021-02-16,,
6315,Open,High,2021-07-12,,
6316,Closed,Low,2021-10-24,2023-06-01 01:49:39,14041.8275
6317,Pending Customer Response,High,2021-08-09,,
6318,Pending Customer Response,Low,2020-01-31,,
6319,Pending Customer Response,Critical,2021-09-04,,
6320,Pending Customer Response,Medium,2021-08-18,,
6321,Pending Customer Response,High,2021-12-24,,
6322,Open,High,2021-07-09,,
6323,Closed,Critical,2021-08-24,2023-06-01 06:43:49,15510.730277777779
6324,Closed,Critical,2020-04-08,2023-06-01 22:58:51,27598.980833333335
6325,Closed,Low,2020-02-07,2023-06-01 02:40:51,29042.680833333332
6326,Pending Customer Response,Low,2021-11-14,,
6327,Open,High,2021-06-14,,
6328,Open,Low,2020-05-17,,
6329,Closed,Low,2021-07-23,2023-06-01 20:25:56,16292.432222222222
6330,Closed,Critical,2021-07-22,2023-06-01 12:53:57,16308.899166666666
6331,Open,Medium,2020-12-28,,
6332,Pending Customer Response,Medium,2020-09-21,,
6333,Closed,Low,2021-11-23,2023-06-01 00:30:03,13320.500833333334
6334,Closed,Medium,2020-08-14,2023-06-01 10:53:04,24514.884444444444
6335,Pending Customer Response,Medium,2021-12-16,,
6336,Closed,High,2020-10-21,2023-06-01 02:23:07,22874.38527777778
6337,Closed,Critical,2020-06-03,2023-06-01 23:35:07,26255.585277777776
6338,Closed,Critical,2020-05-17,2023-06-01 15:04:09,26655.069166666668
6339,Open,Medium,2021-04-03,,
6340,Pending Customer Response,Critical,2020-03-22,,
6341,Pending Customer Response,Critical,2020-12-20,,
6342,Closed,Medium,2020-05-12,2023-06-01 16:58:15,26776.970833333333
6343,Closed,Medium,2020-01-17,2023-06-01 12:32:17,29556.538055555557
6344,Pending Customer Response,Low,2021-01-01,,
6345,Closed,Medium,2021-10-04,2023-06-01 13:26:21,14533.439166666667
6346,Pending Customer Response,Medium,2021-10-25,,
6347,Open,Critical,2021-02-19,,
6348,Closed,Low,2021-05-15,2023-06-01 15:27:25,17943.456944444446
6349,Open,High,2020-04-04,,
6350,Closed,High,2021-12-29,2023-06-01 19:11:28,12475.191111111111
6351,Pending Customer Response,Medium,2020-06-14,,
6352,Closed,Critical,2020-12-15,2023-06-01 18:58:30,21570.975
6353,Open,Low,2021-03-03,,
6354,Pending Customer Response,Medium,2021-06-09,,
6355,Closed,Medium,2020-03-08,2023-06-01 17:10:35,28337.17638888889
6356,Pending Customer Response,Critical,2020-05-08,,
6357,Open,High,2020-04-04,,
6358,Pending Customer Response,High,2020-05-27,,
6359,Open,High,2020-05-11,,
6360,Pending Customer Response,Medium,2021-10-06,,
6361,Open,High,2020-08-16,,
6362,Open,Critical,2021-02-16,,
6363,Closed,Medium,2021-03-27,2023-06-01 09:10:46,19113.179444444446
6364,Closed,Medium,2021-06-26,2023-06-01 08:13:48,16928.23
6365,Open,High,2021-09-17,,
6366,Closed,Critical,2020-10-02,2023-06-01 20:51:51,23348.864166666666
6367,Open,Low,2020-01-23,,
6368,Closed,High,2021-10-03,2023-06-01 01:47:55,14545.798611111111
6369,Pending Customer Response,High,2021-09-26,,
6370,Closed,Medium,2020-04-28,2023-06-01 05:34:58,27101.582777777778
6371,Closed,High,2021-12-25,2023-06-01 07:35:00,12559.583333333334
6372,Pending Customer Response,Medium,2020-11-24,,
6373,Open,Low,2021-01-14,,
6374,Open,Medium,2020-01-21,,
6375,Closed,Critical,2020-09-17,2023-06-01 00:57:05,23688.95138888889
6376,Closed,Critical,2021-06-28,2023-06-01 19:47:07,16891.785277777777
6377,Open,High,2020-09-01,,
6378,Open,Low,2021-02-16,,
6379,Open,Low,2020-01-03,,
6380,Closed,Low,2020-04-01,2023-06-01 02:11:12,27746.18666666667
6381,Closed,Critical,2021-03-05,2023-06-01 21:17:13,19653.286944444444
6382,Closed,High,2021-03-22,2023-06-01 02:36:15,19226.604166666668
6383,Open,Critical,2021-07-04,,
6384,Closed,High,2020-06-22,2023-06-01 21:11:17,25797.188055555554
6385,Closed,High,2021-01-15,2023-06-01 00:42:18,20808.705
6386,Pending Customer Response,Medium,2020-04-09,,
6387,Open,High,2021-08-25,,
6388,Pending Customer Response,Critical,2021-04-05,,
6389,Pending Customer Response,Low,2021-05-04,,
6390,Open,Medium,2020-10-27,,
6391,Open,High,2021-04-30,,
6392,Open,Low,2021-06-30,,
6393,Pending Customer Response,Medium,2021-06-06,,
6394,Pending Customer Response,Low,2021-03-18,,
6395,Closed,Medium,2021-09-14,2023-06-01 01:27:32,15001.458888888888
6396,Closed,Medium,2020-04-29,2023-06-01 12:16:33,27084.275833333333
6397,Closed,Low,2021-07-20,2023-06-01 13:36:34,16357.609444444444
6398,Open,Low,2020-11-29,,
6399,Pending Customer Response,Critical,2020-12-01,,
6400,Open,Medium,2021-10-18,,
6401,Open,Medium,2020-02-25,,
6402,Closed,High,2020-01-10,2023-06-01 03:51:41,29715.86138888889
6403,Open,High,2020-12-01,,
6404,Open,Critical,2020-01-17,,
6405,Pending Customer Response,Medium,2021-12-15,,
6406,Closed,Low,2020-11-10,2023-06-01 13:20:45,22405.345833333333
6407,Open,Low,2020-10-02,,
6408,Closed,High,2020-08-16,2023-06-01 03:05:48,24459.096666666668
6409,Open,Low,2021-01-13,,
6410,Open,Critical,2020-08-30,,
6411,Closed,Critical,2021-11-22,2023-06-01 05:27:53,13349.464722222223
6412,Closed,Critical,2020-11-28,2023-06-01 04:05:53,21964.098055555554
6413,Pending Customer Response,Medium,2021-04-14,,
6414,Pending Customer Response,High,2021-07-07,,
6415,Closed,Medium,2020-01-02,2023-06-01 06:44:58,29910.749444444446
6416,Open,Medium,2020-11-23,,
6417,Closed,High,2021-12-25,2023-06-01 18:14:01,12570.23361111111
6418,Pending Customer Response,Critical,2020-10-05,,
6419,Closed,High,2020-08-16,2023-06-01 13:05:04,24469.084444444445
6420,Pending Customer Response,Critical,2021-09-15,,
6421,Closed,Low,2021-09-23,2023-06-01 10:09:07,14794.151944444444
6422,Open,Medium,2020-01-27,,
6423,Pending Customer Response,Low,2021-12-03,,
6424,Open,High,2020-03-18,,
6425,Closed,Medium,2021-05-06,2023-06-01 23:54:12,18167.903333333332
6426,Open,Low,2020-03-23,,
6427,Pending Customer Response,Critical,2021-07-19,,
6428,Pending Customer Response,Critical,2021-10-16,,
6429,Pending Customer Response,Low,2021-06-29,,
6430,Pending Customer Response,Low,2021-07-08,,
6431,Open,Medium,2021-09-11,,
6432,Open,Low,2020-01-05,,
6433,Pending Customer Response,High,2020-01-27,,
6434,Open,Critical,2020-03-10,,
6435,Closed,High,2020-12-20,2023-06-01 10:29:25,21442.49027777778
6436,Open,Low,2020-11-21,,
6437,Pending Customer Response,Critical,2021-06-09,,
6438,Closed,Medium,2021-09-29,2023-06-01 21:22:29,14661.374722222223
6439,Open,Low,2020-12-26,,
6440,Open,Low,2020-11-25,,
6441,Closed,Medium,2020-09-05,2023-06-01 01:44:35,23977.743055555555
6442,Closed,High,2020-05-06,2023-06-01 16:06:36,26920.11
6443,Pending Customer Response,Medium,2021-06-23,,
6444,Open,High,2021-04-07,,
6445,Open,High,2021-04-11,,
6446,Open,Critical,2020-08-11,,
6447,Open,Low,2020-11-30,,
6448,Closed,High,2021-12-20,2023-06-01 02:38:44,12674.645555555555
6449,Pending Customer Response,Low,2020-09-29,,
6450,Pending Customer Response,Medium,2021-06-03,,
6451,Closed,High,2020-11-08,2023-06-01 06:05:49,22446.096944444445
6452,Pending Customer Response,Medium,2021-07-16,,
6453,Open,Low,2020-06-15,,
6454,Pending Customer Response,High,2020-12-14,,
6455,Open,Low,2021-11-20,,
6456,Closed,Critical,2020-06-14,2023-06-01 09:38:55,25977.64861111111
6457,Closed,Low,2021-10-12,2023-06-01 03:14:56,14331.24888888889
6458,Pending Customer Response,Medium,2021-09-30,,
6459,Pending Customer Response,Critical,2020-06-05,,
6460,Open,Medium,2021-04-18,,
6461,Pending Customer Response,Critical,2020-06-26,,
6462,Closed,Critical,2020-10-06,2023-06-01 19:11:04,23251.184444444443
6463,Closed,Critical,2021-04-12,2023-06-01 06:45:05,18726.75138888889
6464,Pending Customer Response,Low,2020-07-07,,
6465,Pending Customer Response,Medium,2021-07-30,,
6466,Closed,Critical,2021-04-19,2023-06-01 06:17:10,18558.286111111112
6467,Open,Critical,2020-08-27,,
6468,Open,Critical,2021-01-14,,
6469,Pending Customer Response,Medium,2021-05-27,,
6470,Pending Customer Response,Low,2020-10-14,,
6471,Pending Customer Response,Low,2020-10-29,,
6472,Pending Customer Response,Medium,2020-04-06,,
6473,Closed,High,2021-08-24,2023-06-01 07:12:22,15511.20611111111
6474,Pending Customer Response,High,2021-09-14,,
6475,Pending Customer Response,Critical,2020-07-23,,
6476,Closed,Critical,2020-06-21,2023-06-01 21:38:25,25821.640277777777
6477,Open,High,2021-01-13,,
6478,Closed,High,2021-12-16,2023-06-01 07:25:27,12775.424166666666
6479,Pending Customer Response,Low,2021-03-27,,
6480,Open,High,2021-11-05,,
6481,Pending Customer Response,High,2020-04-19,,
6482,Open,Medium,2021-06-22,,
6483,Pending Customer Response,Low,2020-02-18,,
6484,Closed,High,2020-06-08,2023-06-01 12:32:33,26124.5425
6485,Pending Customer Response,Low,2020-06-04,,
6486,Open,Critical,2020-12-30,,
6487,Pending Customer Response,Medium,2020-11-12,,
6488,Open,Critical,2021-10-19,,
6489,Open,Critical,2021-02-07,,
6490,Closed,High,2020-04-28,2023-06-01 12:23:39,27108.394166666665
6491,Open,High,2020-09-24,,
6492,Closed,Low,2020-06-28,2023-06-01 17:11:42,25649.195
6493,Closed,High,2021-10-28,2023-06-01 13:19:43,13957.328611111112
6494,Pending Customer Response,High,2020-04-06,,
6495,Pending Customer Response,Low,2020-12-08,,
6496,Open,Critical,2020-01-09,,
6497,Closed,Medium,2020-10-20,2023-06-01 13:23:50,22909.397222222222
6498,Open,Medium,2020-03-12,,
6499,Closed,Medium,2021-01-05,2023-06-01 01:01:53,21049.03138888889
6500,Closed,Low,2021-08-09,2023-06-01 18:27:54,15882.465
6501,Pending Customer Response,Critical,2020-12-19,,
6502,Closed,Medium,2021-05-08,2023-06-01 03:30:56,18099.515555555554
6503,Open,Critical,2020-04-25,,
6504,Pending Customer Response,Medium,2021-06-13,,
6505,Closed,High,2021-07-25,2023-06-01 04:59:01,16228.98361111111
6506,Closed,Medium,2021-07-30,2023-06-01 15:34:03,16119.5675
6507,Open,Low,2021-01-29,,
6508,Open,Medium,2021-08-11,,
6509,Pending Customer Response,Low,2020-01-14,,
6510,Closed,High,2021-08-22,2023-06-01 02:46:09,15554.769166666667
6511,Open,Low,2020-01-29,,
6512,Pending Customer Response,Medium,2021-06-25,,
6513,Pending Customer Response,Critical,2021-08-12,,
6514,Open,Medium,2021-10-30,,
6515,Closed,High,2021-11-29,2023-06-01 02:59:15,13178.9875
6516,Pending Customer Response,Low,2020-10-15,,
6517,Pending Customer Response,Low,2020-04-03,,
6518,Open,Medium,2021-04-19,,
6519,Open,Low,2020-03-15,,
6520,Open,High,2020-01-29,,
6521,Closed,Medium,2020-12-26,2023-06-01 08:54:22,21296.90611111111
6522,Pending Customer Response,High,2021-08-20,,
6523,Open,High,2020-03-31,,
6524,Pending Customer Response,Medium,2021-04-30,,
6525,Closed,Low,2021-05-21,2023-06-01 22:55:27,17806.924166666668
6526,Open,High,2020-10-22,,
6527,Pending Customer Response,Critical,2020-06-21,,
6528,Closed,Low,2021-01-03,2023-06-01 03:21:32,21099.358888888888
6529,Closed,High,2021-06-24,2023-06-01 15:17:33,16983.2925
6530,Closed,Medium,2021-11-05,2023-06-01 17:20:34,13769.342777777778
6531,Pending Customer Response,Critical,2020-06-09,,
6532,Open,Low,2021-08-18,,
6533,Open,Medium,2020-07-07,,
6534,Closed,Critical,2021-10-02,2023-06-01 02:32:39,14570.544166666667
6535,Pending Customer Response,High,2020-12-14,,
6536,Closed,High,2021-12-12,2023-06-01 18:11:43,12882.195277777777
6537,Pending Customer Response,Medium,2021-08-30,,
6538,Open,High,2020-04-19,,
6539,Open,High,2021-11-09,,
6540,Closed,Low,2020-06-23,2023-06-01 01:34:47,25753.57972222222
6541,Pending Customer Response,Medium,2020-11-23,,
6542,Open,Critical,2021-08-18,,
6543,Pending Customer Response,High,2020-01-12,,
6544,Closed,High,2020-06-13,2023-06-01 03:20:52,25995.347777777777
6545,Open,Critical,2021-07-27,,
6546,Open,Low,2020-09-12,,
6547,Open,Medium,2021-01-19,,
6548,Pending Customer Response,Critical,2020-02-29,,
6549,Open,Medium,2021-04-12,,
6550,Open,Critical,2020-08-09,,
6551,Closed,Low,2021-09-15,2023-06-01 14:33:00,14990.55
6552,Open,High,2020-05-11,,
6553,Open,Medium,2020-04-02,,
6554,Open,High,2020-09-26,,
6555,Open,Medium,2021-07-10,,
6556,Open,Low,2020-11-04,,
6557,Open,High,2020-02-21,,
6558,Pending Customer Response,Low,2021-01-28,,
6559,Pending Customer Response,Low,2021-10-07,,
6560,Open,Medium,2020-06-25,,
6561,Closed,Critical,2020-05-08,2023-06-01 09:40:15,26865.670833333334
6562,Pending Customer Response,Low,2021-02-12,,
6563,Closed,High,2021-11-30,2023-06-01 07:34:17,13159.57138888889
6564,Open,High,2020-06-15,,
6565,Pending Customer Response,Low,2021-04-25,,
6566,Pending Customer Response,Critical,2021-04-08,,
6567,Pending Customer Response,Low,2021-10-29,,
6568,Closed,Critical,2021-07-20,2023-06-01 16:08:23,16360.139722222222
6569,Open,High,2021-11-23,,
6570,Closed,Critical,2021-09-29,2023-06-01 17:32:26,14657.540555555555
6571,Closed,High,2020-07-05,2023-06-01 07:35:27,25471.590833333332
6572,Pending Customer Response,High,2021-04-25,,
6573,Pending Customer Response,Medium,2021-02-27,,
6574,Open,Critical,2021-10-01,,
6575,Pending Customer Response,Medium,2020-04-30,,
6576,Pending Customer Response,Low,2020-10-04,,
6577,Pending Customer Response,Low,2020-07-13,,
6578,Open,Medium,2020-12-24,,
6579,Pending Customer Response,Critical,2020-11-12,,
6580,Open,Low,2020-04-09,,
6581,Open,Critical,2021-11-27,,
6582,Closed,Critical,2021-04-19,2023-06-01 03:53:44,18555.895555555555
6583,Open,Critical,2020-06-21,,
6584,Closed,Low,2021-01-10,2023-06-01 12:49:46,20940.829444444444
6585,Open,Low,2021-05-20,,
6586,Open,Critical,2020-12-31,,
6587,Closed,High,2020-12-23,2023-06-01 16:34:49,21376.58027777778
6588,Open,Critical,2021-12-23,,
6589,Open,High,2020-10-30,,
6590,Closed,Critical,2020-07-07,2023-06-01 01:35:53,25417.598055555554
6591,Closed,Critical,2021-03-28,2023-06-01 14:08:54,19094.148333333334
6592,Closed,Medium,2020-12-24,2023-06-01 08:24:56,21344.415555555555
6593,Closed,Critical,2020-08-06,2023-06-01 11:34:57,24707.5825
6594,Pending Customer Response,Medium,2021-04-21,,
6595,Closed,Medium,2020-10-12,2023-06-01 08:08:59,23096.14972222222
6596,Open,Critical,2020-07-16,,
6597,Open,Medium,2020-03-18,,
6598,Closed,Medium,2020-08-06,2023-06-01 18:46:01,24714.766944444444
6599,Closed,High,2020-08-17,2023-06-01 16:24:02,24448.400555555556
6600,Open,Low,2021-08-31,,
6601,Closed,High,2021-04-04,2023-06-01 12:27:04,18924.45111111111
6602,Pending Customer Response,High,2020-08-03,,
6603,Closed,Critical,2021-06-27,2023-06-01 14:42:07,16910.701944444445
6604,Pending Customer Response,Low,2021-10-06,,
6605,Open,High,2020-06-22,,
6606,Pending Customer Response,Medium,2020-11-11,,
6607,Closed,Low,2020-10-20,2023-06-01 19:35:13,22915.586944444443
6608,Open,Low,2021-09-22,,
6609,Pending Customer Response,Low,2020-01-16,,
6610,Open,Low,2021-02-24,,
6611,Pending Customer Response,Low,2021-05-29,,
6612,Open,Low,2020-01-20,,
6613,Open,Low,2021-08-17,,
6614,Pending Customer Response,High,2021-12-19,,
6615,Open,Critical,2021-04-26,,
6616,Open,Critical,2020-12-16,,
6617,Pending Customer Response,Medium,2020-12-06,,
6618,Pending Customer Response,High,2021-11-25,,
6619,Open,High,2020-08-25,,
6620,Closed,Medium,2021-04-14,2023-06-01 09:22:31,18681.375277777777
6621,Closed,Low,2020-05-26,2023-06-01 11:08:32,26435.14222222222
6622,Closed,Medium,2021-06-01,2023-06-01 21:59:34,17541.992777777778
6623,Open,Low,2020-03-03,,
6624,Closed,High,2021-02-13,2023-06-01 23:59:37,20135.993611111113
6625,Pending Customer Response,Medium,2021-05-12,,
6626,Closed,Medium,2020-02-18,2023-06-01 06:23:40,28782.394444444446
6627,Pending Customer Response,Critical,2020-03-14,,
6628,Pending Customer Response,Medium,2020-11-12,,
6629,Open,Medium,2021-09-01,,
6630,Closed,High,2021-06-04,2023-06-01 14:23:47,17462.39638888889
6631,Closed,Low,2020-11-04,2023-06-01 20:35:48,22556.596666666668
6632,Open,Critical,2020-07-17,,
6633,Pending Customer Response,High,2020-01-26,,
6634,Closed,Critical,2021-12-24,2023-06-01 10:07:53,12586.131388888889
6635,Open,Low,2021-09-15,,
6636,Open,Critical,2021-04-07,,
6637,Open,Medium,2020-04-19,,
6638,Closed,High,2021-02-05,2023-06-01 10:59:58,20314.999444444446
6639,Pending Customer Response,Critical,2021-11-01,,
6640,Closed,High,2021-09-23,2023-06-01 20:10:02,14804.167222222222
6641,Open,Medium,2020-01-12,,
6642,Open,Medium,2021-09-13,,
6643,Pending Customer Response,High,2021-01-25,,
6644,Open,Medium,2020-07-18,,
6645,Open,Low,2021-10-31,,
6646,Closed,Low,2020-10-04,2023-06-01 22:00:09,23302.0025
6647,Open,High,2021-03-04,,
6648,Pending Customer Response,Critical,2020-04-08,,
6649,Closed,Low,2020-04-20,2023-06-01 10:27:14,27298.45388888889
6650,Closed,Critical,2020-12-01,2023-06-01 23:43:15,21911.720833333333
6651,Closed,High,2020-05-24,2023-06-01 11:27:17,26483.45472222222
6652,Closed,Critical,2020-07-23,2023-06-01 00:31:19,25032.521944444445
6653,Closed,Critical,2021-07-24,2023-06-01 15:55:21,16263.9225
6654,Closed,Low,2020-11-11,2023-06-01 20:22:23,22388.373055555556
6655,Open,Medium,2020-05-25,,
6656,Open,Critical,2021-05-09,,
6657,Closed,Low,2020-10-15,2023-06-01 23:30:26,23039.507222222222
6658,Pending Customer Response,Critical,2020-03-16,,
6659,Closed,Low,2020-11-02,2023-06-01 11:22:27,22595.37416666667
6660,Closed,Medium,2021-01-02,2023-06-01 01:25:29,21121.424722222222
6661,Open,Critical,2021-06-07,,
6662,Open,Medium,2020-12-17,,
6663,Pending Customer Response,High,2020-06-04,,
6664,Pending Customer Response,Low,2021-03-11,,
6665,Open,Medium,2021-01-23,,
6666,Closed,High,2020-11-20,2023-06-01 06:53:34,22158.89277777778
6667,Open,Low,2020-07-28,,
6668,Open,Critical,2021-05-30,,
6669,Open,Low,2020-01-15,,
6670,Closed,Low,2020-01-20,2023-06-01 13:45:40,29485.76111111111
6671,Pending Customer Response,Medium,2021-10-30,,
6672,Pending Customer Response,Low,2020-07-05,,
6673,Open,Critical,2020-07-15,,
6674,Pending Customer Response,Low,2021-05-01,,
6675,Open,Critical,2020-01-02,,
6676,Open,Low,2021-07-31,,
6677,Pending Customer Response,Medium,2020-12-04,,
6678,Closed,Critical,2021-03-30,2023-06-01 01:41:52,19033.69777777778
6679,Pending Customer Response,Critical,2021-10-15,,
6680,Closed,High,2020-08-01,2023-06-01 16:39:56,24832.665555555555
6681,Pending Customer Response,Critical,2020-04-19,,
6682,Pending Customer Response,High,2021-12-03,,
6683,Closed,High,2020-01-12,2023-06-01 21:37:01,29685.616944444446
6684,Open,Medium,2020-07-19,,
6685,Open,Critical,2020-12-04,,
6686,Closed,Critical,2020-06-30,2023-06-01 06:04:07,25590.06861111111
6687,Closed,Medium,2021-10-22,2023-06-01 00:50:07,14088.835277777778
6688,Pending Customer Response,Low,2020-10-17,,
6689,Closed,Low,2021-06-28,2023-06-01 06:09:11,16878.153055555555
6690,Closed,Low,2020-12-15,2023-06-01 04:59:13,21556.986944444445
6691,Closed,High,2021-10-24,2023-06-01 12:47:14,14052.787222222221
6692,Pending Customer Response,High,2021-03-02,,
6693,Open,Low,2020-11-21,,
6694,Pending Customer Response,Low,2020-01-21,,
6695,Pending Customer Response,Critical,2020-10-25,,
6696,Closed,High,2020-10-11,2023-06-01 03:58:21,23115.9725
6697,Pending Customer Response,High,2020-07-07,,
6698,Pending Customer Response,High,2021-03-14,,
6699,Pending Customer Response,Low,2021-06-03,,
6700,Closed,Critical,2021-11-12,2023-06-01 07:36:26,13591.607222222223
6701,Open,Low,2020-10-26,,
6702,Closed,Low,2020-01-09,2023-06-01 09:51:28,29745.85777777778
6703,Open,Critical,2021-05-16,,
6704,Open,Medium,2021-11-15,,
6705,Pending Customer Response,Medium,2021-06-15,,
6706,Closed,Low,2021-06-02,2023-06-01 22:45:35,17518.75972222222
6707,Open,Critical,2020-10-14,,
6708,Closed,High,2021-10-24,2023-06-01 01:13:38,14041.227222222222
6709,Closed,Medium,2021-11-15,2023-06-01 21:20:40,13533.344444444445
6710,Open,Low,2021-07-10,,
6711,Closed,Medium,2020-01-27,2023-06-01 15:56:44,29319.945555555554
6712,Closed,Medium,2020-12-04,2023-06-01 16:20:44,21832.345555555556
6713,Pending Customer Response,Medium,2021-06-22,,
6714,Closed,Critical,2021-04-30,2023-06-01 01:07:48,18289.13
6715,Open,High,2020-08-24,,
6716,Closed,High,2021-10-07,2023-06-02 00:16:50,14472.280555555555
6717,Open,Medium,2021-12-06,,
6718,Open,Medium,2021-03-15,,
6719,Open,Critical,2021-05-06,,
6720,Pending Customer Response,Low,2020-08-29,,
6721,Pending Customer Response,Low,2020-09-05,,
6722,Pending Customer Response,Medium,2021-09-11,,
6723,Closed,Medium,2021-06-29,2023-06-01 19:22:01,16867.366944444446
6724,Pending Customer Response,High,2020-04-07,,
6725,Open,High,2020-01-27,,
6726,Pending Customer Response,Medium,2020-01-29,,
6727,Closed,Medium,2020-01-10,2023-06-01 17:33:07,29729.551944444444
6728,Pending Customer Response,High,2020-04-15,,
6729,Closed,Critical,2020-04-28,2023-06-01 08:24:09,27104.4025
6730,Pending Customer Response,Critical,2021-03-27,,
6731,Open,Medium,2020-09-22,,
6732,Closed,Low,2021-03-16,2023-06-01 07:24:14,19375.40388888889
6733,Open,Low,2021-04-15,,
6734,Pending Customer Response,Medium,2021-05-31,,
6735,Open,High,2021-02-21,,
6736,Open,High,2020-05-11,,
6737,Closed,Low,2021-09-11,2023-06-01 19:31:21,15091.5225
6738,Closed,High,2021-09-25,2023-06-01 03:07:22,14739.122777777779
6739,Closed,Medium,2021-05-16,2023-06-01 00:38:24,17904.64
6740,Closed,Low,2021-01-26,2023-06-01 05:58:25,20549.973611111112
6741,Closed,High,2021-10-07,2023-06-01 16:55:26,14464.923888888889
6742,Open,Critical,2020-09-16,,
6743,Pending Customer Response,Critical,2020-05-19,,
6744,Open,Critical,2020-11-12,,
6745,Pending Customer Response,Low,2020-12-08,,
6746,Closed,Medium,2020-06-11,2023-06-01 08:52:33,26048.87583333333
6747,Open,Critical,2021-12-30,,
6748,Pending Customer Response,Low,2021-08-20,,
6749,Pending Customer Response,Low,2020-01-08,,
6750,Closed,Medium,2021-01-22,2023-06-01 00:35:37,20640.59361111111
6751,Pending Customer Response,High,2021-04-07,,
6752,Open,Low,2021-03-01,,
6753,Pending Customer Response,Medium,2020-10-19,,
6754,Closed,Critical,2021-01-08,2023-06-01 04:39:40,20980.661111111112
6755,Open,Medium,2020-07-05,,
6756,Open,Low,2020-05-29,,
6757,Pending Customer Response,Low,2020-08-09,,
6758,Open,Medium,2020-05-21,,
6759,Pending Customer Response,High,2020-02-08,,
6760,Closed,High,2021-04-01,2023-06-01 01:39:51,18985.664166666666
6761,Pending Customer Response,Low,2021-08-27,,
6762,Pending Customer Response,Low,2021-03-02,,
6763,Pending Customer Response,Medium,2020-09-16,,
6764,Closed,Critical,2021-08-22,2023-06-01 06:41:58,15558.699444444444
6765,Open,Critical,2021-07-29,,
6766,Closed,High,2021-08-22,2023-06-01 18:46:01,15570.766944444444
6767,Pending Customer Response,Critical,2020-10-21,,
6768,Open,High,2020-12-05,,
6769,Closed,High,2021-08-15,2023-06-01 02:26:06,15722.435
6770,Open,Critical,2020-02-18,,
6771,Open,Critical,2020-07-12,,
6772,Pending Customer Response,Medium,2021-12-04,,
6773,Pending Customer Response,Low,2021-09-01,,
6774,Closed,Medium,2020-03-14,2023-06-01 21:39:14,28197.65388888889
6775,Closed,Medium,2021-05-09,2023-06-01 04:51:16,18076.854444444445
6776,Pending Customer Response,Critical,2021-03-18,,
6777,Pending Customer Response,Low,2020-05-15,,
6778,Closed,Low,2020-08-18,2023-06-01 01:28:21,24409.4725
6779,Open,Low,2021-02-20,,
6780,Closed,Medium,2021-09-28,2023-06-01 02:08:24,14666.14
6781,Pending Customer Response,High,2021-02-19,,
6782,Open,Medium,2020-08-17,,
6783,Pending Customer Response,Critical,2021-05-05,,
6784,Closed,Low,2021-03-29,2023-06-01 06:30:28,19062.507777777777
6785,Closed,High,2021-12-07,2023-06-01 05:09:30,12989.158333333333
6786,Closed,Medium,2020-02-08,2023-06-01 20:54:32,29036.908888888887
6787,Open,High,2020-02-17,,
6788,Pending Customer Response,Medium,2020-09-12,,
6789,Open,Low,2020-12-10,,
6790,Open,Medium,2021-08-13,,
6791,Closed,High,2021-06-08,2023-06-01 20:08:39,17372.144166666665
6792,Open,Low,2020-10-06,,
6793,Open,Critical,2020-02-27,,
6794,Closed,Critical,2021-10-19,2023-06-01 15:41:42,14175.695
6795,Open,Low,2020-04-10,,
6796,Open,Critical,2021-09-06,,
6797,Pending Customer Response,Low,2020-01-03,,
6798,Open,Critical,2020-07-15,,
6799,Pending Customer Response,High,2020-09-03,,
6800,Pending Customer Response,Low,2020-10-29,,
6801,Pending Customer Response,Medium,2021-02-01,,
6802,Open,Medium,2021-03-16,,
6803,Open,Low,2020-01-01,,
6804,Open,Medium,2021-08-06,,
6805,Open,Critical,2020-10-24,,
6806,Pending Customer Response,Low,2020-01-16,,
6807,Pending Customer Response,Low,2021-09-26,,
6808,Open,Low,2021-02-17,,
6809,Open,Critical,2020-10-29,,
6810,Open,High,2020-09-16,,
6811,Pending Customer Response,High,2020-01-08,,
6812,Open,Critical,2020-07-27,,
6813,Closed,Critical,2020-07-27,2023-06-01 20:30:09,24956.5025
6814,Pending Customer Response,Low,2020-05-30,,
6815,Closed,High,2020-06-25,2023-06-01 06:29:11,25710.48638888889
6816,Closed,High,2020-12-13,2023-06-01 08:46:13,21608.770277777778
6817,Closed,Low,2021-08-13,2023-06-01 16:27:15,15784.454166666666
6818,Open,Critical,2021-03-04,,
6819,Open,Critical,2021-11-02,,
6820,Pending Customer Response,High,2021-10-07,,
6821,Closed,Medium,2020-06-25,2023-06-01 09:32:20,25713.53888888889
6822,Open,Low,2020-03-24,,
6823,Closed,Medium,2020-06-28,2023-06-01 05:49:22,25637.82277777778
6824,Closed,High,2020-10-17,2023-06-01 23:21:23,22991.35638888889
6825,Pending Customer Response,Critical,2021-01-02,,
6826,Open,Critical,2021-03-21,,
6827,Pending Customer Response,Medium,2021-08-19,,
6828,Pending Customer Response,Medium,2021-07-03,,
6829,Closed,High,2021-03-07,2023-06-01 09:48:31,19593.80861111111
6830,Closed,Low,2020-12-24,2023-06-01 07:31:32,21343.525555555556
6831,Pending Customer Response,Medium,2020-02-03,,
6832,Pending Customer Response,High,2020-09-18,,
6833,Closed,High,2020-03-11,2023-06-01 21:29:35,28269.493055555555
6834,Open,Critical,2021-03-27,,
6835,Closed,Critical,2021-09-15,2023-06-01 01:42:39,14977.710833333333
6836,Open,High,2020-11-08,,
6837,Open,High,2020-04-25,,
6838,Closed,Low,2020-02-11,2023-06-01 17:42:42,28961.711666666666
6839,Pending Customer Response,Medium,2020-10-20,,
6840,Closed,High,2021-08-13,2023-06-01 00:37:44,15768.628888888888
6841,Open,Low,2020-10-19,,
6842,Pending Customer Response,High,2021-07-30,,
6843,Open,Critical,2020-11-28,,
6844,Pending Customer Response,Critical,2020-10-11,,
6845,Open,Low,2020-09-05,,
6846,Closed,High,2021-01-22,2023-06-01 07:55:51,20647.930833333332
6847,Open,Critical,2021-11-12,,
6848,Closed,High,2020-01-31,2023-06-01 23:42:53,29231.714722222223
6849,Open,Critical,2021-02-04,,
6850,Pending Customer Response,Critical,2020-11-08,,
6851,Pending Customer Response,High,2020-08-30,,
6852,Pending Customer Response,High,2020-01-27,,
6853,Closed,Critical,2020-03-04,2023-06-01 03:44:59,28419.749722222223
6854,Open,High,2021-10-28,,
6855,Pending Customer Response,Low,2020-11-09,,
6856,Open,High,2020-07-26,,
6857,Closed,Medium,2020-09-26,2023-06-01 16:02:05,23488.034722222223
6858,Pending Customer Response,Medium,2020-10-07,,
6859,Pending Customer Response,Low,2020-08-25,,
6860,Pending Customer Response,Critical,2021-05-25,,
6861,Open,Critical,2021-01-20,,
6862,Pending Customer Response,Critical,2020-11-30,,
6863,Pending Customer Response,High,2020-11-05,,
6864,Open,Low,2021-02-06,,
6865,Pending Customer Response,High,2020-02-14,,
6866,Pending Customer Response,Medium,2020-02-23,,
6867,Pending Customer Response,High,2021-01-05,,
6868,Closed,High,2021-05-12,2023-06-01 02:34:21,18002.5725
6869,Closed,Medium,2020-02-26,2023-06-01 23:36:23,28607.60638888889
6870,Pending Customer Response,Critical,2021-11-11,,
6871,Pending Customer Response,Medium,2020-09-24,,
6872,Open,High,2021-04-10,,
6873,Open,Medium,2020-04-12,,
6874,Open,Critical,2021-10-26,,
6875,Open,Low,2020-03-14,,
6876,Pending Customer Response,Low,2021-02-25,,
6877,Pending Customer Response,Medium,2020-02-27,,
6878,Open,Low,2020-03-13,,
6879,Open,Medium,2020-12-08,,
6880,Pending Customer Response,High,2020-02-05,,
6881,Open,Critical,2020-10-11,,
6882,Closed,Critical,2020-07-13,2023-06-01 03:46:41,25275.778055555555
6883,Open,High,2020-12-07,,
6884,Closed,Low,2021-10-13,2023-06-01 10:25:45,14314.429166666667
6885,Open,High,2020-09-10,,
6886,Pending Customer Response,Low,2020-09-09,,
6887,Closed,Medium,2020-06-04,2023-06-01 12:10:50,26220.180555555555
6888,Open,Critical,2021-04-16,,
6889,Pending Customer Response,Low,2021-03-27,,
6890,Closed,High,2020-08-07,2023-06-01 07:57:53,24679.964722222223
6891,Closed,Low,2021-03-29,2023-06-01 20:54:54,19076.915
6892,Closed,Medium,2020-09-09,2023-06-01 19:17:56,23899.29888888889
6893,Pending Customer Response,Critical,2021-05-06,,
6894,Closed,Low,2021-02-18,2023-06-01 17:52:00,20009.866666666665
6895,Open,High,2020-09-23,,
6896,Pending Customer Response,Medium,2021-07-23,,
6897,Closed,Low,2020-05-30,2023-06-01 16:30:02,26344.500555555554
6898,Open,Critical,2020-02-18,,
6899,Pending Customer Response,Medium,2021-11-15,,
6900,Closed,Medium,2021-10-27,2023-06-01 11:03:07,13979.051944444445
6901,Closed,Low,2021-10-07,2023-06-01 07:33:09,14455.5525
6902,Closed,Critical,2020-12-15,2023-06-01 11:04:10,21563.069444444445
6903,Pending Customer Response,Medium,2020-03-14,,
6904,Open,Critical,2021-01-24,,
6905,Pending Customer Response,Medium,2020-12-26,,
6906,Pending Customer Response,Critical,2020-01-24,,
6907,Closed,Critical,2021-11-28,2023-06-01 03:34:16,13203.57111111111
6908,Pending Customer Response,High,2020-03-20,,
6909,Pending Customer Response,Medium,2021-03-13,,
6910,Closed,Medium,2020-05-29,2023-06-01 01:58:21,26353.9725
6911,Closed,Critical,2021-08-29,2023-06-01 12:22:23,15396.373055555556
6912,Open,Low,2021-11-01,,
6913,Pending Customer Response,Critical,2021-09-30,,
6914,Closed,Medium,2021-09-12,2023-06-01 00:34:28,15048.574444444444
6915,Pending Customer Response,Medium,2020-03-19,,
6916,Pending Customer Response,Medium,2021-03-03,,
6917,Open,Low,2020-05-09,,
6918,Pending Customer Response,High,2021-05-16,,
6919,Pending Customer Response,High,2020-03-24,,
6920,Open,High,2020-09-11,,
6921,Open,Medium,2021-01-09,,
6922,Closed,Critical,2021-02-25,2023-06-01 19:00:37,19843.01027777778
6923,Pending Customer Response,Low,2020-11-07,,
6924,Pending Customer Response,Medium,2021-09-12,,
6925,Pending Customer Response,Low,2021-10-18,,
6926,Open,Critical,2021-10-13,,
6927,Pending Customer Response,Critical,2021-08-19,,
6928,Pending Customer Response,Low,2021-02-24,,
6929,Open,Low,2021-09-18,,
6930,Open,High,2021-10-27,,
6931,Open,High,2020-08-25,,
6932,Open,High,2020-02-23,,
6933,Closed,Low,2020-03-15,2023-06-01 13:40:50,28165.680555555555
6934,Open,High,2020-06-17,,
6935,Open,Medium,2021-08-19,,
6936,Closed,Medium,2021-01-13,2023-06-01 06:01:54,20862.031666666666
6937,Closed,Medium,2021-08-11,2023-06-01 21:08:56,15837.148888888889
6938,Closed,Critical,2020-12-28,2023-06-01 06:01:57,21246.0325
6939,Pending Customer Response,High,2021-04-11,,
6940,Pending Customer Response,Critical,2020-06-15,,
6941,Pending Customer Response,Low,2020-08-08,,
6942,Pending Customer Response,Low,2020-04-07,,
6943,Pending Customer Response,Medium,2021-12-15,,
6944,Pending Customer Response,High,2021-11-05,,
6945,Open,Low,2020-02-17,,
6946,Closed,High,2020-11-13,2023-06-01 20:48:09,22340.8025
6947,Open,Medium,2020-03-20,,
6948,Open,Medium,2021-11-24,,
6949,Pending Customer Response,Low,2020-09-08,,
6950,Open,Critical,2020-03-15,,
6951,Open,Critical,2021-04-30,,
6952,Closed,Medium,2021-02-05,2023-06-01 22:14:18,20326.238333333335
6953,Pending Customer Response,Low,2021-08-22,,
6954,Open,High,2021-03-09,,
6955,Pending Customer Response,High,2021-11-12,,
6956,Pending Customer Response,High,2021-08-07,,
6957,Closed,Low,2020-12-18,2023-06-01 07:02:24,21487.04
6958,Pending Customer Response,Low,2021-08-16,,
6959,Closed,High,2021-02-09,2023-06-01 00:51:26,20208.85722222222
6960,Pending Customer Response,Critical,2021-09-23,,
6961,Pending Customer Response,Low,2021-09-07,,
6962,Closed,High,2021-11-15,2023-06-01 17:48:29,13529.808055555555
6963,Pending Customer Response,Medium,2020-01-25,,
6964,Open,Medium,2021-11-13,,
6965,Closed,Medium,2021-08-10,2023-06-01 14:41:33,15854.6925
6966,Open,Low,2021-08-14,,
6967,Closed,Medium,2020-01-08,2023-06-01 21:10:36,29781.176666666666
6968,Closed,Critical,2020-08-23,2023-06-01 19:53:38,24307.893888888888
6969,Pending Customer Response,Low,2020-06-22,,
6970,Pending Customer Response,Low,2020-09-28,,
6971,Pending Customer Response,Medium,2020-12-30,,
6972,Pending Customer Response,Critical,2020-01-20,,
6973,Pending Customer Response,High,2021-03-18,,
6974,Open,Critical,2020-09-03,,
6975,Closed,High,2020-09-27,2023-06-01 19:27:47,23467.463055555556
6976,Closed,Low,2020-09-15,2023-06-01 16:59:47,23752.99638888889
6977,Closed,Medium,2021-10-20,2023-06-01 06:19:49,14142.330277777777
6978,Pending Customer Response,Low,2020-12-15,,
6979,Open,Medium,2020-01-17,,
6980,Pending Customer Response,Low,2021-10-02,,
6981,Open,High,2021-11-16,,
6982,Pending Customer Response,Low,2020-11-24,,
6983,Closed,Low,2021-12-05,2023-06-01 05:53:57,13037.899166666666
6984,Closed,Critical,2021-09-12,2023-06-01 01:01:58,15049.032777777778
6985,Closed,High,2020-07-25,2023-06-01 10:09:59,24994.16638888889
6986,Open,High,2020-01-22,,
6987,Open,Medium,2020-10-13,,
6988,Pending Customer Response,High,2020-08-01,,
6989,Open,High,2020-06-22,,
6990,Pending Customer Response,Low,2020-09-18,,
6991,Open,High,2020-10-13,,
6992,Pending Customer Response,Critical,2020-06-23,,
6993,Closed,High,2020-06-16,2023-06-01 21:16:11,25941.269722222223
6994,Open,Critical,2020-05-26,,
6995,Closed,Low,2021-09-10,2023-06-02 00:25:14,15120.420555555556
6996,Closed,Critical,2021-12-05,2023-06-01 11:37:16,13043.621111111112
6997,Open,High,2021-06-22,,
6998,Closed,Critical,2020-11-02,2023-06-01 08:48:19,22592.805277777778
6999,Open,Medium,2021-12-13,,
7000,Closed,Critical,2020-11-21,2023-06-01 07:28:21,22135.4725
7001,Closed,Low,2021-06-07,2023-06-01 10:18:22,17386.306111111113
7002,Closed,Low,2020-08-28,2023-06-01 23:47:23,24191.789722222224
7003,Closed,Medium,2020-09-06,2023-06-01 14:43:24,23966.72333333333
7004,Pending Customer Response,Critical,2021-12-24,,
7005,Closed,High,2020-09-29,2023-06-01 10:28:26,23410.47388888889
7006,Closed,Low,2021-12-24,2023-06-01 11:36:28,12587.607777777777
7007,Pending Customer Response,High,2021-10-05,,
7008,Open,Critical,2020-09-22,,
7009,Closed,Medium,2021-01-10,2023-06-01 03:29:31,20931.491944444446
7010,Open,Medium,2020-08-09,,
7011,Pending Customer Response,High,2020-05-05,,
7012,Open,High,2021-09-07,,
7013,Pending Customer Response,Medium,2020-03-09,,
7014,Closed,Medium,2021-12-02,2023-06-01 16:33:38,13120.560555555556
7015,Pending Customer Response,Low,2020-09-06,,
7016,Pending Customer Response,Critical,2021-07-23,,
7017,Open,Medium,2021-09-29,,
7018,Open,Low,2021-06-10,,
7019,Closed,High,2021-11-21,2023-06-01 20:09:44,13388.162222222221
7020,Pending Customer Response,Critical,2020-08-21,,
7021,Pending Customer Response,Low,2020-07-10,,
7022,Pending Customer Response,Medium,2021-11-03,,
7023,Pending Customer Response,High,2020-05-16,,
7024,Pending Customer Response,Low,2020-01-10,,
7025,Closed,Medium,2021-06-07,2023-06-01 06:35:50,17382.597222222223
7026,Pending Customer Response,Medium,2020-09-18,,
7027,Closed,Critical,2021-07-03,2023-06-01 15:45:53,16767.764722222222
7028,Open,Critical,2021-12-10,,
7029,Closed,High,2021-10-26,2023-06-01 04:33:56,13996.565555555555
7030,Closed,Critical,2020-11-14,2023-06-01 15:12:57,22311.215833333332
7031,Pending Customer Response,Critical,2020-06-17,,
7032,Pending Customer Response,Low,2020-12-15,,
7033,Pending Customer Response,Medium,2020-02-29,,
7034,Open,Medium,2020-07-31,,
7035,Pending Customer Response,High,2020-05-18,,
7036,Pending Customer Response,Critical,2021-02-01,,
7037,Open,Medium,2021-10-28,,
7038,Closed,High,2020-04-15,2023-06-01 11:46:10,27419.769444444446
7039,Open,Critical,2021-04-04,,
7040,Closed,Critical,2021-07-13,2023-06-01 10:34:13,16522.570277777777
7041,Open,Critical,2021-09-12,,
7042,Closed,Low,2021-04-19,2023-06-01 03:09:16,18555.154444444444
7043,Pending Customer Response,Critical,2020-12-22,,
7044,Pending Customer Response,High,2020-05-16,,
7045,Open,High,2021-01-28,,
7046,Pending Customer Response,Critical,2021-07-04,,
7047,Open,High,2021-08-20,,
7048,Open,High,2020-08-31,,
7049,Pending Customer Response,Medium,2020-08-13,,
7050,Open,Critical,2021-01-27,,
7051,Pending Customer Response,Low,2021-07-23,,
7052,Closed,High,2021-11-10,2023-06-01 14:04:28,13646.074444444444
7053,Pending Customer Response,Low,2020-11-24,,
7054,Pending Customer Response,Medium,2020-08-17,,
7055,Closed,Low,2020-09-13,2023-06-01 14:21:31,23798.35861111111
7056,Closed,Low,2020-10-30,2023-06-01 05:51:32,22661.858888888888
7057,Closed,Medium,2020-12-08,2023-06-01 09:23:34,21729.39277777778
7058,Closed,High,2021-04-21,2023-06-01 05:06:36,18509.11
7059,Pending Customer Response,High,2020-09-21,,
7060,Open,Critical,2021-05-07,,
7061,Closed,Low,2021-02-01,2023-06-01 04:34:42,20404.578333333335
7062,Pending Customer Response,Low,2020-09-25,,
7063,Closed,Medium,2021-08-29,2023-06-01 05:28:44,15389.478888888889
7064,Closed,High,2020-12-14,2023-06-01 08:37:45,21584.629166666666
7065,Closed,Critical,2021-12-04,2023-06-01 02:56:46,13058.94611111111
7066,Pending Customer Response,High,2021-07-07,,
7067,Pending Customer Response,Medium,2021-03-04,,
7068,Pending Customer Response,Low,2020-06-06,,
7069,Pending Customer Response,Medium,2020-04-20,,
7070,Open,Low,2020-09-23,,
7071,Open,Medium,2021-09-24,,
7072,Closed,Medium,2021-03-30,2023-06-01 10:52:54,19042.881666666668
7073,Closed,Critical,2021-08-27,2023-06-01 10:58:56,15442.982222222223
7074,Open,Medium,2020-03-05,,
7075,Pending Customer Response,Medium,2020-03-23,,
7076,Closed,Low,2021-01-22,2023-06-01 10:49:59,20650.833055555555
7077,Pending Customer Response,Low,2020-03-21,,
7078,Pending Customer Response,High,2020-11-23,,
7079,Pending Customer Response,High,2020-03-11,,
7080,Closed,Medium,2021-03-01,2023-06-01 17:04:05,19745.068055555555
7081,Open,Medium,2021-01-31,,
7082,Open,High,2021-12-10,,
7083,Open,High,2020-03-07,,
7084,Pending Customer Response,High,2020-11-26,,
7085,Open,High,2020-09-27,,
7086,Pending Customer Response,Low,2020-04-04,,
7087,Open,Low,2020-02-02,,
7088,Pending Customer Response,Critical,2020-05-06,,
7089,Pending Customer Response,Medium,2020-06-15,,
7090,Open,High,2020-02-07,,
7091,Closed,Medium,2020-07-29,2023-06-01 16:05:23,24904.089722222223
7092,Open,Low,2020-03-20,,
7093,Open,Medium,2020-04-06,,
7094,Pending Customer Response,Low,2020-03-06,,
7095,Open,Critical,2020-10-17,,
7096,Closed,Medium,2020-03-29,2023-06-01 04:48:27,27820.8075
7097,Closed,High,2021-05-29,2023-06-02 00:03:28,17616.057777777776
7098,Closed,High,2020-11-07,2023-06-01 14:00:30,22478.008333333335
7099,Open,Low,2021-01-11,,
7100,Closed,Medium,2020-04-13,2023-06-01 17:47:32,27473.792222222222
7101,Pending Customer Response,Critical,2021-07-30,,
7102,Open,High,2020-12-14,,
7103,Closed,High,2020-02-17,2023-06-01 15:46:37,28815.776944444446
7104,Open,Critical,2021-09-08,,
7105,Open,Medium,2020-05-20,,
7106,Closed,Medium,2020-07-18,2023-06-01 07:26:42,25159.445
7107,Closed,Medium,2020-04-04,2023-06-01 21:18:42,27693.31166666667
7108,Closed,High,2021-06-15,2023-06-01 01:00:44,17185.012222222223
7109,Closed,Low,2020-05-05,2023-06-01 18:31:45,26946.529166666667
7110,Pending Customer Response,Medium,2020-03-01,,
7111,Pending Customer Response,Critical,2021-01-10,,
7112,Closed,Low,2021-12-01,2023-06-01 02:52:48,13130.88
7113,Pending Customer Response,Medium,2020-12-21,,
7114,Pending Customer Response,Medium,2021-09-19,,
7115,Open,Medium,2020-12-02,,
7116,Closed,High,2020-04-15,2023-06-01 03:58:52,27411.981111111112
7117,Open,Critical,2020-08-14,,
7118,Pending Customer Response,Critical,2020-07-06,,
7119,Closed,High,2020-09-22,2023-06-01 13:03:57,23581.065833333334
7120,Open,Critical,2021-12-15,,
7121,Closed,Low,2021-12-05,2023-06-01 03:28:59,13035.483055555556
7122,Closed,Critical,2020-05-14,2023-06-01 02:15:01,26714.250277777777
7123,Open,Critical,2021-10-13,,
7124,Closed,Critical,2021-07-10,2023-06-01 07:20:04,16591.334444444445
7125,Open,Medium,2020-04-08,,
7126,Open,Medium,2020-10-05,,
7127,Closed,Medium,2021-01-19,2023-06-01 14:41:06,20726.685
7128,Closed,Low,2021-03-21,2023-06-01 11:24:08,19259.402222222223
7129,Pending Customer Response,High,2020-02-03,,
7130,Closed,High,2020-09-14,2023-06-01 09:31:11,23769.519722222223
7131,Open,High,2020-02-08,,
7132,Closed,Low,2021-04-02,2023-06-01 20:38:14,18980.637222222223
7133,Pending Customer Response,High,2020-02-03,,
7134,Open,Medium,2021-11-18,,
7135,Pending Customer Response,Low,2020-09-03,,
7136,Closed,Low,2021-06-09,2023-06-02 00:10:20,17352.172222222223
7137,Closed,Low,2021-08-23,2023-06-01 10:10:22,15538.172777777778
7138,Open,Medium,2020-10-03,,
7139,Closed,Low,2020-03-01,2023-06-01 19:31:25,28507.52361111111
7140,Pending Customer Response,Low,2021-03-14,,
7141,Closed,Critical,2021-01-30,2023-06-01 07:00:29,20455.008055555554
7142,Closed,Medium,2020-12-28,2023-06-01 15:42:30,21255.708333333332
7143,Closed,Critical,2021-03-01,2023-06-01 06:02:31,19734.041944444445
7144,Pending Customer Response,Medium,2021-01-27,,
7145,Pending Customer Response,Low,2021-11-27,,
7146,Pending Customer Response,Critical,2021-09-25,,
7147,Open,High,2021-12-04,,
7148,Closed,Medium,2021-02-14,2023-06-01 09:00:37,20097.01027777778
7149,Closed,Low,2021-07-03,2023-06-01 14:24:39,16766.41083333333
7150,Closed,Medium,2021-12-13,2023-06-01 09:17:40,12849.294444444444
7151,Open,High,2021-04-16,,
7152,Pending Customer Response,Critical,2021-04-18,,
7153,Closed,High,2020-10-06,2023-06-01 17:29:44,23249.495555555557
7154,Pending Customer Response,Medium,2020-05-28,,
7155,Pending Customer Response,Low,2020-01-15,,
7156,Pending Customer Response,High,2020-04-18,,
7157,Closed,High,2020-12-12,2023-06-01 01:42:50,21625.713888888888
7158,Closed,Medium,2020-10-20,2023-06-01 12:33:51,22908.564166666667
7159,Open,Low,2020-03-23,,
7160,Pending Customer Response,Medium,2020-04-21,,
7161,Open,Medium,2021-02-22,,
7162,Pending Customer Response,Low,2020-02-29,,
7163,Pending Customer Response,Medium,2020-03-12,,
7164,Closed,Low,2021-05-24,2023-06-01 03:58:59,17715.983055555556
7165,Open,High,2021-09-02,,
7166,Closed,Medium,2020-01-27,2023-06-01 08:51:03,29312.850833333334
7167,Open,Low,2020-01-14,,
7168,Closed,Medium,2020-03-08,2023-06-01 06:35:05,28326.584722222222
7169,Open,Critical,2021-11-26,,
7170,Pending Customer Response,High,2020-03-14,,
7171,Pending Customer Response,High,2021-05-03,,
7172,Closed,High,2021-07-04,2023-06-01 09:56:11,16737.936388888887
7173,Open,High,2021-01-05,,
7174,Closed,Medium,2020-10-28,2023-06-01 10:58:14,22714.970555555556
7175,Open,Low,2021-01-13,,
7176,Open,Medium,2021-09-20,,
7177,Pending Customer Response,Critical,2020-10-30,,
7178,Open,High,2021-08-15,,
7179,Pending Customer Response,Low,2020-06-21,,
7180,Pending Customer Response,High,2020-02-18,,
7181,Pending Customer Response,Low,2020-05-19,,
7182,Pending Customer Response,Critical,2021-04-28,,
7183,Closed,Medium,2020-10-21,2023-06-01 22:50:25,22894.840277777777
7184,Pending Customer Response,Medium,2021-08-12,,
7185,Pending Customer Response,Low,2020-06-05,,
7186,Pending Customer Response,Critical,2020-03-26,,
7187,Pending Customer Response,High,2021-01-10,,
7188,Open,Medium,2020-05-17,,
7189,Closed,High,2020-02-24,2023-06-01 21:41:34,28653.69277777778
7190,Closed,Critical,2021-08-10,2023-06-01 07:30:34,15847.509444444444
7191,Pending Customer Response,Low,2021-06-03,,
7192,Pending Customer Response,Medium,2021-08-11,,
7193,Closed,Medium,2021-03-17,2023-06-01 04:30:37,19348.51027777778
7194,Open,High,2020-05-06,,
7195,Closed,Critical,2021-04-01,2023-06-01 17:35:40,19001.594444444443
7196,Pending Customer Response,Low,2021-11-05,,
7197,Closed,Critical,2020-10-22,2023-06-01 04:13:43,22852.22861111111
7198,Closed,Medium,2020-11-30,2023-06-01 23:43:46,21935.729444444445
7199,Open,Critical,2020-02-04,,
7200,Closed,Critical,2021-12-27,2023-06-01 14:49:49,12518.830277777777
7201,Open,Medium,2021-02-19,,
7202,Closed,Critical,2020-03-01,2023-06-01 10:04:52,28498.08111111111
7203,Pending Customer Response,Critical,2021-02-12,,
7204,Closed,Medium,2021-05-28,2023-06-01 22:27:54,17638.465
7205,Open,Critical,2021-08-16,,
7206,Pending Customer Response,Low,2020-02-19,,
7207,Pending Customer Response,Critical,2020-11-15,,
7208,Pending Customer Response,Medium,2020-08-20,,
7209,Closed,Low,2020-01-02,2023-06-01 15:37:01,29919.616944444446
7210,Open,Critical,2021-09-30,,
7211,Pending Customer Response,Low,2021-04-06,,
7212,Open,High,2020-02-21,,
7213,Pending Customer Response,Critical,2021-06-08,,
7214,Pending Customer Response,High,2021-10-14,,
7215,Closed,Low,2020-05-25,2023-06-01 21:58:08,26469.96888888889
7216,Open,Low,2021-11-28,,
7217,Closed,Low,2021-11-22,2023-06-01 18:15:10,13362.252777777778
7218,Pending Customer Response,Low,2020-05-22,,
7219,Pending Customer Response,Low,2020-03-26,,
7220,Closed,Low,2020-12-15,2023-06-01 15:32:15,21567.5375
7221,Closed,Low,2020-12-24,2023-06-01 12:23:16,21348.387777777778
7222,Open,High,2021-12-02,,
7223,Closed,Critical,2021-08-19,2023-06-01 15:27:19,15639.455277777777
7224,Open,Low,2020-05-22,,
7225,Open,Critical,2021-01-30,,
7226,Open,Low,2020-10-02,,
7227,Pending Customer Response,High,2020-07-15,,
7228,Open,High,2021-10-04,,
7229,Open,High,2021-12-04,,
7230,Open,High,2021-06-17,,
7231,Open,Medium,2020-02-29,,
7232,Pending Customer Response,High,2020-12-14,,
7233,Open,Medium,2021-05-23,,
7234,Pending Customer Response,High,2020-01-24,,
7235,Open,Medium,2020-04-13,,
7236,Open,Low,2021-02-05,,
7237,Closed,Critical,2021-07-03,2023-06-01 16:36:43,16768.611944444445
7238,Pending Customer Response,High,2020-02-26,,
7239,Closed,Medium,2020-01-05,2023-06-01 07:28:45,29839.479166666668
7240,Open,High,2020-12-26,,
7241,Closed,Critical,2021-03-03,2023-06-01 14:43:47,19694.729722222222
7242,Open,High,2021-11-16,,
7243,Pending Customer Response,Medium,2021-05-05,,
7244,Pending Customer Response,Critical,2020-12-06,,
7245,Closed,Critical,2021-03-29,2023-06-01 04:46:53,19060.78138888889
7246,Pending Customer Response,Medium,2021-03-26,,
7247,Open,Critical,2020-07-29,,
7248,Pending Customer Response,Low,2020-08-26,,
7249,Closed,Medium,2020-12-07,2023-06-01 07:15:57,21751.265833333335
7250,Open,High,2021-11-12,,
7251,Pending Customer Response,High,2021-08-05,,
7252,Pending Customer Response,Critical,2020-01-10,,
7253,Open,High,2021-01-23,,
7254,Open,Medium,2020-07-24,,
7255,Open,Critical,2020-10-21,,
7256,Open,Critical,2021-11-22,,
7257,Open,Low,2021-01-24,,
7258,Open,Medium,2020-04-27,,
7259,Open,Critical,2021-10-27,,
7260,Open,High,2021-04-27,,
7261,Pending Customer Response,High,2021-12-29,,
7262,Pending Customer Response,Critical,2020-07-24,,
7263,Open,High,2020-07-02,,
7264,Closed,Critical,2021-04-19,2023-06-01 08:56:18,18560.93833333333
7265,Pending Customer Response,Low,2020-07-06,,
7266,Closed,Critical,2021-12-24,2023-06-01 17:01:21,12593.0225
7267,Pending Customer Response,Critical,2021-07-11,,
7268,Pending Customer Response,Medium,2021-10-19,,
7269,Pending Customer Response,High,2021-06-30,,
7270,Pending Customer Response,Low,2020-04-24,,
7271,Pending Customer Response,High,2021-08-14,,
7272,Open,Medium,2021-11-17,,
7273,Pending Customer Response,High,2020-12-05,,
7274,Pending Customer Response,Low,2020-06-13,,
7275,Pending Customer Response,Critical,2020-03-05,,
7276,Pending Customer Response,Medium,2020-07-27,,
7277,Pending Customer Response,Critical,2021-05-17,,
7278,Open,Low,2020-06-30,,
7279,Pending Customer Response,Medium,2020-10-21,,
7280,Closed,High,2020-06-14,2023-06-01 05:55:40,25973.92777777778
7281,Closed,High,2021-08-29,2023-06-01 22:23:41,15406.394722222221
7282,Open,Medium,2020-01-16,,
7283,Pending Customer Response,High,2020-12-19,,
7284,Open,Low,2021-06-03,,
7285,Closed,Medium,2021-02-05,2023-06-01 07:38:46,20311.64611111111
7286,Open,Critical,2021-11-14,,
7287,Pending Customer Response,Medium,2020-11-20,,
7288,Pending Customer Response,Critical,2020-12-17,,
7289,Pending Customer Response,Medium,2021-05-30,,
7290,Pending Customer Response,High,2020-06-15,,
7291,Open,Medium,2020-11-02,,
7292,Pending Customer Response,Low,2021-06-20,,
7293,Pending Customer Response,Critical,2021-08-27,,
7294,Open,Low,2021-07-07,,
7295,Open,Medium,2020-09-28,,
7296,Pending Customer Response,Critical,2020-12-09,,
7297,Closed,Medium,2020-10-09,2023-06-01 14:24:01,23174.40027777778
7298,Open,High,2021-11-10,,
7299,Open,High,2020-11-24,,
7300,Closed,Low,2021-11-05,2023-06-01 07:44:05,13759.734722222222
7301,Pending Customer Response,High,2020-12-08,,
7302,Closed,Critical,2021-06-18,2023-06-01 05:36:08,17117.602222222224
7303,Closed,Medium,2021-01-03,2023-06-02 00:00:10,21120.00277777778
7304,Pending Customer Response,High,2020-06-12,,
7305,Pending Customer Response,Medium,2020-01-22,,
7306,Open,High,2021-11-08,,
7307,Open,Low,2021-01-31,,
7308,Pending Customer Response,Critical,2021-09-17,,
7309,Pending Customer Response,High,2020-02-26,,
7310,Closed,Low,2021-03-31,2023-06-01 21:35:20,19029.588888888888
7311,Pending Customer Response,Low,2020-10-10,,
7312,Pending Customer Response,Medium,2021-03-12,,
7313,Open,Low,2021-07-04,,
7314,Pending Customer Response,Critical,2020-06-09,,
7315,Closed,Medium,2020-09-22,2023-06-01 23:56:28,23591.94111111111
7316,Pending Customer Response,Low,2020-01-19,,
7317,Pending Customer Response,Critical,2021-03-02,,
7318,Closed,High,2020-03-09,2023-06-01 13:36:33,28309.609166666665
7319,Closed,Critical,2020-09-10,2023-06-01 21:01:34,23877.02611111111
7320,Closed,High,2020-05-31,2023-06-02 00:19:35,26328.32638888889
7321,Open,Low,2021-05-26,,
7322,Open,Low,2021-06-09,,
7323,Pending Customer Response,Low,2020-09-17,,
7324,Pending Customer Response,Medium,2021-01-18,,
7325,Closed,Low,2020-04-27,2023-06-01 06:54:43,27126.911944444444
7326,Closed,Critical,2020-11-12,2023-06-01 13:07:45,22357.129166666666
7327,Closed,Critical,2020-02-10,2023-06-01 08:08:46,28976.14611111111
7328,Closed,Critical,2021-06-23,2023-06-01 04:42:47,16996.713055555556
7329,Closed,Low,2021-10-21,2023-06-01 19:30:49,14131.513611111111
7330,Pending Customer Response,Critical,2020-12-15,,
7331,Closed,Critical,2021-02-23,2023-06-01 11:07:52,19883.13111111111
7332,Closed,Low,2020-03-26,2023-06-01 23:29:54,27911.498333333333
7333,Closed,Critical,2020-08-18,2023-06-01 03:17:56,24411.29888888889
7334,Closed,Low,2021-06-18,2023-06-01 18:48:58,17130.81611111111
7335,Closed,High,2020-05-13,2023-06-01 19:02:00,26755.033333333333
7336,Open,Medium,2021-05-15,,
7337,Pending Customer Response,Medium,2020-08-25,,
7338,Open,Medium,2021-08-03,,
7339,Pending Customer Response,Medium,2021-09-22,,
7340,Closed,Critical,2021-11-09,2023-06-01 03:08:08,13659.135555555555
7341,Closed,Low,2021-10-29,2023-06-01 08:40:10,13928.669444444444
7342,Closed,Critical,2021-02-02,2023-06-01 03:38:11,20379.636388888888
7343,Closed,Low,2021-05-25,2023-06-01 19:29:13,17707.486944444445
7344,Open,High,2020-03-23,,
7345,Pending Customer Response,Critical,2020-09-06,,
7346,Pending Customer Response,High,2021-11-25,,
7347,Open,Critical,2020-12-19,,
7348,Pending Customer Response,Critical,2020-12-04,,
7349,Open,High,2020-07-29,,
7350,Closed,High,2021-12-21,2023-06-01 16:12:22,12664.20611111111
7351,Closed,High,2021-01-29,2023-06-01 09:26:24,20481.44
7352,Pending Customer Response,Medium,2021-11-06,,
7353,Open,Low,2020-01-18,,
7354,Pending Customer Response,Medium,2020-12-15,,
7355,Open,High,2021-12-30,,
7356,Open,Low,2020-02-26,,
7357,Closed,Low,2021-01-06,2023-06-01 08:53:32,21032.89222222222
7358,Open,High,2021-10-07,,
7359,Closed,Medium,2020-12-02,2023-06-01 01:00:34,21865.009444444444
7360,Closed,Low,2020-06-22,2023-06-01 05:37:36,25781.626666666667
7361,Pending Customer Response,Low,2021-08-14,,
7362,Open,Low,2021-01-18,,
7363,Open,Low,2020-07-09,,
7364,Open,High,2021-11-26,,
7365,Pending Customer Response,Low,2020-03-10,,
7366,Closed,Critical,2021-02-09,2023-06-01 03:39:46,20211.66277777778
7367,Pending Customer Response,Medium,2021-04-10,,
7368,Pending Customer Response,Critical,2020-04-03,,
7369,Open,Low,2020-07-26,,
7370,Open,High,2020-02-04,,
7371,Closed,Low,2020-01-28,2023-06-01 01:05:54,29281.09833333333
7372,Closed,Critical,2021-11-08,2023-06-01 09:35:55,13689.59861111111
7373,Open,Critical,2021-07-29,,
7374,Closed,High,2021-04-14,2023-06-01 02:12:57,18674.215833333332
7375,Closed,Low,2021-02-23,2023-06-01 16:58:58,19888.98277777778
7376,Pending Customer Response,Low,2021-07-02,,
7377,Open,Medium,2021-04-19,,
7378,Closed,Critical,2020-02-23,2023-06-01 04:19:01,28660.316944444443
7379,Pending Customer Response,Medium,2020-02-27,,
7380,Pending Customer Response,Medium,2021-09-09,,
7381,Open,High,2021-04-17,,
7382,Pending Customer Response,Critical,2021-08-08,,
7383,Pending Customer Response,Medium,2021-04-21,,
7384,Open,Medium,2020-02-28,,
7385,Pending Customer Response,High,2020-06-03,,
7386,Open,Low,2021-08-06,,
7387,Closed,High,2020-06-10,2023-06-01 00:39:14,26064.65388888889
7388,Closed,Medium,2021-01-19,2023-06-01 13:58:16,20725.97111111111
7389,Closed,High,2020-12-05,2023-06-01 13:28:17,21805.471388888887
7390,Closed,Critical,2021-06-07,2023-06-01 16:53:19,17392.88861111111
7391,Open,Medium,2021-08-07,,
7392,Pending Customer Response,Low,2020-04-10,,
7393,Closed,High,2020-03-08,2023-06-01 00:56:24,28320.94
7394,Closed,High,2021-04-16,2023-06-01 17:52:25,18641.87361111111
7395,Open,High,2021-04-08,,
7396,Pending Customer Response,Critical,2021-08-01,,
7397,Pending Customer Response,Critical,2021-06-16,,
7398,Pending Customer Response,Medium,2021-09-26,,
7399,Closed,Critical,2020-01-15,2023-06-01 07:14:32,29599.242222222223
7400,Open,Low,2021-12-12,,
7401,Open,Low,2020-01-30,,
7402,Closed,Low,2020-02-24,2023-06-01 21:11:36,28653.193333333333
7403,Closed,Critical,2020-06-29,2023-06-01 06:11:38,25614.193888888887
7404,Pending Customer Response,High,2021-03-07,,
7405,Closed,High,2021-04-24,2023-06-01 16:23:41,18448.394722222223
7406,Closed,High,2020-11-04,2023-06-01 18:15:43,22554.261944444443
7407,Pending Customer Response,Low,2020-10-23,,
7408,Open,Critical,2020-12-26,,
7409,Closed,Critical,2020-12-16,2023-06-01 17:55:48,21545.93
7410,Open,High,2021-11-04,,
7411,Pending Customer Response,Medium,2021-04-10,,
7412,Open,Low,2020-07-28,,
7413,Closed,High,2021-05-31,2023-06-01 18:53:54,17562.898333333334
7414,Open,High,2021-10-13,,
7415,Open,High,2021-07-19,,
7416,Open,Low,2021-08-14,,
7417,Open,Medium,2021-11-25,,
7418,Open,Critical,2020-09-22,,
7419,Open,Medium,2020-08-28,,
7420,Closed,High,2021-07-04,2023-06-01 08:02:05,16736.034722222223
7421,Open,Medium,2020-03-15,,
7422,Pending Customer Response,Medium,2021-03-01,,
7423,Open,Medium,2020-04-25,,
7424,Pending Customer Response,Low,2020-12-10,,
7425,Pending Customer Response,Medium,2020-09-10,,
7426,Open,Critical,2020-12-27,,
7427,Open,Low,2021-04-04,,
7428,Open,High,2021-04-25,,
7429,Closed,Critical,2020-11-17,2023-06-01 05:28:18,22229.471666666668
7430,Pending Customer Response,Critical,2020-12-28,,
7431,Closed,Medium,2020-03-06,2023-06-01 06:43:20,28374.722222222223
7432,Closed,Medium,2021-04-06,2023-06-01 19:02:21,18883.039166666666
7433,Open,Medium,2020-11-14,,
7434,Closed,Low,2021-12-26,2023-06-01 19:26:25,12547.440277777778
7435,Pending Customer Response,Medium,2021-07-08,,
7436,Open,Critical,2020-10-23,,
7437,Pending Customer Response,Critical,2020-08-24,,
7438,Pending Customer Response,Critical,2021-04-15,,
7439,Open,High,2021-02-19,,
7440,Open,Medium,2021-07-26,,
7441,Closed,Critical,2021-05-08,2023-06-01 02:19:33,18098.325833333332
7442,Pending Customer Response,Low,2021-02-25,,
7443,Open,Critical,2021-11-15,,
7444,Open,Medium,2021-07-05,,
7445,Closed,Low,2020-11-17,2023-06-01 14:05:40,22238.094444444443
7446,Pending Customer Response,High,2021-10-27,,
7447,Pending Customer Response,Medium,2021-11-07,,
7448,Open,High,2020-06-13,,
7449,Closed,High,2020-02-14,2023-06-01 20:05:46,28892.09611111111
7450,Closed,Low,2020-06-27,2023-06-01 03:12:47,25659.213055555556
7451,Open,Medium,2021-06-16,,
7452,Pending Customer Response,High,2021-05-26,,
7453,Pending Customer Response,Low,2020-01-03,,
7454,Closed,High,2021-06-20,2023-06-01 11:48:54,17075.815
7455,Open,Medium,2020-07-25,,
7456,Pending Customer Response,Medium,2020-06-03,,
7457,Closed,Medium,2020-09-22,2023-06-01 17:21:58,23585.36611111111
7458,Open,Critical,2021-06-03,,
7459,Open,Low,2020-11-21,,
7460,Pending Customer Response,Critical,2021-11-28,,
7461,Pending Customer Response,Medium,2021-11-26,,
7462,Pending Customer Response,Low,2021-08-28,,
7463,Pending Customer Response,Low,2020-06-20,,
7464,Closed,Low,2020-08-20,2023-06-01 06:53:06,24366.885
7465,Closed,Low,2020-06-23,2023-06-01 17:37:08,25769.61888888889
7466,Open,Medium,2021-04-06,,
7467,Pending Customer Response,Critical,2021-04-03,,
7468,Pending Customer Response,Critical,2020-03-24,,
7469,Pending Customer Response,Low,2020-04-03,,
7470,Open,Low,2021-01-09,,
7471,Closed,Low,2020-04-23,2023-06-01 06:33:16,27222.554444444446
7472,Pending Customer Response,High,2021-03-29,,
7473,Pending Customer Response,High,2020-12-29,,
7474,Closed,High,2021-10-09,2023-06-01 15:01:21,14415.0225
7475,Closed,Low,2021-07-09,2023-06-01 09:42:23,16617.706388888888
7476,Pending Customer Response,Critical,2020-07-12,,
7477,Closed,Medium,2020-04-07,2023-06-01 07:17:26,27607.290555555555
7478,Closed,Critical,2021-04-06,2023-06-01 18:06:28,18882.10777777778
7479,Closed,Critical,2021-07-07,2023-06-01 07:28:30,16663.475
7480,Closed,Critical,2020-10-14,2023-06-01 21:36:31,23061.60861111111
7481,Open,Critical,2020-07-05,,
7482,Pending Customer Response,Low,2021-02-19,,
7483,Pending Customer Response,Critical,2021-11-06,,
7484,Open,Medium,2020-06-04,,
7485,Open,Low,2020-01-14,,
7486,Closed,Medium,2020-08-29,2023-06-01 03:57:40,24147.96111111111
7487,Open,Medium,2020-07-02,,
7488,Closed,Medium,2020-07-02,2023-06-01 13:30:43,25549.511944444443
7489,Open,Medium,2021-08-16,,
7490,Pending Customer Response,Low,2020-10-19,,
7491,Closed,High,2021-09-18,2023-06-01 13:28:48,14917.48
7492,Open,Low,2020-03-17,,
7493,Open,Low,2021-05-27,,
7494,Closed,Critical,2020-02-25,2023-06-01 08:11:51,28616.1975
7495,Closed,Low,2021-05-04,2023-06-01 08:02:53,18200.048055555555
7496,Closed,High,2020-05-13,2023-06-01 22:52:55,26758.881944444445
7497,Open,Medium,2021-01-10,,
7498,Pending Customer Response,Critical,2021-01-11,,
7499,Open,High,2021-08-16,,
7500,Open,Medium,2020-04-30,,
7501,Pending Customer Response,Low,2020-08-08,,
7502,Closed,High,2021-11-02,2023-06-01 21:34:03,13845.5675
7503,Open,Critical,2020-01-11,,
7504,Closed,Low,2021-10-08,2023-06-01 18:22:06,14442.368333333334
7505,Open,Medium,2021-01-06,,
7506,Closed,High,2021-07-16,2023-06-01 10:17:08,16450.285555555554
7507,Closed,Critical,2021-06-21,2023-06-01 20:52:08,17060.86888888889
7508,Pending Customer Response,Medium,2021-11-29,,
7509,Pending Customer Response,Critical,2021-09-09,,
7510,Closed,High,2020-02-06,2023-06-01 17:10:13,29081.17027777778
7511,Pending Customer Response,Medium,2020-12-02,,
7512,Closed,Medium,2021-08-30,2023-06-01 14:15:16,15374.254444444445
7513,Open,Medium,2021-09-02,,
7514,Closed,Low,2021-08-05,2023-06-01 15:56:19,15975.93861111111
7515,Pending Customer Response,High,2021-09-17,,
7516,Pending Customer Response,High,2020-12-04,,
7517,Closed,Low,2020-08-18,2023-06-01 16:44:24,24424.74
7518,Open,Medium,2021-12-25,,
7519,Closed,Low,2021-01-18,2023-06-01 02:48:25,20738.806944444445
7520,Closed,Critical,2020-10-21,2023-06-01 08:44:26,22880.740555555556
7521,Closed,Low,2020-07-31,2023-06-01 03:18:27,24843.3075
7522,Pending Customer Response,Low,2020-09-22,,
7523,Closed,Critical,2021-12-20,2023-06-01 21:44:31,12693.741944444444
7524,Closed,Low,2021-06-12,2023-06-01 01:04:31,17257.075277777778
7525,Pending Customer Response,Medium,2021-05-28,,
7526,Closed,High,2021-12-26,2023-06-01 02:33:35,12530.559722222222
7527,Pending Customer Response,High,2020-03-06,,
7528,Closed,Medium,2021-12-01,2023-06-01 01:24:37,13129.410277777777
7529,Pending Customer Response,Critical,2021-11-07,,
7530,Pending Customer Response,Low,2021-02-15,,
7531,Closed,High,2021-01-10,2023-06-01 07:58:41,20935.978055555555
7532,Open,Low,2021-01-31,,
7533,Closed,High,2020-07-23,2023-06-01 17:42:44,25049.71222222222
7534,Open,Medium,2021-07-21,,
7535,Pending Customer Response,Critical,2021-06-23,,
7536,Pending Customer Response,High,2021-04-06,,
7537,Open,Low,2020-09-25,,
7538,Closed,Medium,2021-12-04,2023-06-01 19:58:50,13075.980555555556
7539,Open,High,2021-02-04,,
7540,Closed,High,2020-03-07,2023-06-01 21:39:54,28365.665
7541,Open,Low,2020-11-08,,
7542,Closed,Medium,2020-10-23,2023-06-01 16:07:55,22840.131944444445
7543,Closed,Critical,2021-03-25,2023-06-01 07:41:57,19159.699166666665
7544,Closed,High,2021-10-02,2023-06-01 11:41:59,14579.699722222222
7545,Pending Customer Response,Low,2021-02-15,,
7546,Open,Critical,2020-03-21,,
7547,Open,Medium,2021-08-29,,
7548,Closed,Medium,2021-05-15,2023-06-01 04:43:03,17932.7175
7549,Closed,High,2021-05-10,2023-06-01 15:33:04,18063.551111111112
7550,Closed,High,2021-09-15,2023-06-01 11:26:06,14987.435
7551,Pending Customer Response,Medium,2020-07-08,,
7552,Pending Customer Response,High,2021-03-03,,
7553,Pending Customer Response,High,2020-05-07,,
7554,Pending Customer Response,Medium,2020-12-27,,
7555,Open,Medium,2021-05-25,,
7556,Closed,Critical,2021-05-12,2023-06-01 09:12:13,18009.203611111112
7557,Pending Customer Response,Low,2021-10-31,,
7558,Closed,Low,2021-11-17,2023-06-01 11:14:15,13475.2375
7559,Closed,High,2020-05-31,2023-06-01 03:23:17,26307.388055555555
7560,Open,Medium,2021-05-14,,
7561,Open,Low,2020-11-13,,
7562,Open,Critical,2020-07-27,,
7563,Closed,Medium,2021-02-21,2023-06-01 18:37:23,19938.623055555556
7564,Pending Customer Response,Low,2021-01-28,,
7565,Pending Customer Response,Low,2020-06-04,,
7566,Pending Customer Response,Medium,2020-08-13,,
7567,Pending Customer Response,High,2020-02-20,,
7568,Closed,High,2020-08-06,2023-06-01 08:46:27,24704.774166666666
7569,Closed,Medium,2020-02-17,2023-06-01 16:53:29,28816.89138888889
7570,Open,High,2021-03-31,,
7571,Pending Customer Response,Medium,2020-10-03,,
7572,Open,Critical,2021-07-04,,
7573,Closed,High,2020-08-09,2023-06-01 23:27:35,24647.459722222222
7574,Pending Customer Response,Low,2020-08-09,,
7575,Open,Medium,2020-07-26,,
7576,Open,Low,2021-10-28,,
7577,Closed,Critical,2021-11-02,2023-06-01 12:15:39,13836.260833333334
7578,Open,High,2021-08-07,,
7579,Open,Medium,2021-12-21,,
7580,Pending Customer Response,Critical,2021-09-10,,
7581,Closed,Low,2021-09-22,2023-06-01 05:00:43,14813.011944444444
7582,Closed,High,2020-02-25,2023-06-01 08:07:44,28616.12888888889
7583,Pending Customer Response,Critical,2020-02-23,,
7584,Closed,Critical,2021-03-10,2023-06-01 05:50:48,19517.846666666668
7585,Open,Critical,2020-04-08,,
7586,Closed,High,2020-02-08,2023-06-01 05:55:51,29021.930833333332
7587,Pending Customer Response,Low,2020-04-13,,
7588,Pending Customer Response,Low,2021-11-04,,
7589,Closed,Critical,2021-03-23,2023-06-01 20:40:56,19220.68222222222
7590,Pending Customer Response,Critical,2020-11-27,,
7591,Closed,High,2021-09-16,2023-06-01 02:50:59,14954.849722222221
7592,Closed,Critical,2020-02-16,2023-06-01 05:17:00,28829.283333333333
7593,Open,Low,2021-05-08,,
7594,Pending Customer Response,Medium,2020-11-02,,
7595,Closed,High,2021-12-02,2023-06-01 23:13:04,13127.217777777778
7596,Closed,Medium,2021-11-16,2023-06-01 06:02:06,13494.035
7597,Pending Customer Response,Medium,2021-11-29,,
7598,Open,Low,2021-12-06,,
7599,Closed,Low,2020-06-17,2023-06-01 07:07:10,25903.119444444445
7600,Open,Low,2020-10-17,,
7601,Closed,High,2020-07-23,2023-06-01 15:02:14,25047.03722222222
7602,Closed,Critical,2020-02-12,2023-06-01 16:18:15,28936.304166666665
7603,Pending Customer Response,Critical,2021-01-16,,
7604,Closed,Medium,2020-08-24,2023-06-01 11:59:17,24275.988055555557
7605,Pending Customer Response,Medium,2020-06-11,,
7606,Open,Critical,2021-06-16,,
7607,Open,High,2021-06-30,,
7608,Open,Critical,2020-11-01,,
7609,Closed,Medium,2021-02-01,2023-06-01 16:25:24,20416.423333333332
7610,Closed,Critical,2020-04-01,2023-06-01 19:15:25,27763.256944444445
7611,Open,Medium,2020-07-05,,
7612,Open,Critical,2020-04-06,,
7613,Closed,Medium,2020-10-23,2023-06-01 03:48:31,22827.80861111111
7614,Open,Low,2021-04-11,,
7615,Closed,High,2020-03-27,2023-06-01 11:33:33,27875.559166666666
7616,Pending Customer Response,High,2021-08-11,,
7617,Open,High,2020-05-30,,
7618,Closed,Low,2021-04-12,2023-06-01 03:57:37,18723.960277777776
7619,Closed,Medium,2020-11-11,2023-06-01 12:06:38,22380.110555555555
7620,Pending Customer Response,Medium,2020-04-03,,
7621,Open,Medium,2020-06-04,,
7622,Pending Customer Response,High,2021-12-10,,
7623,Open,Low,2021-03-04,,
7624,Pending Customer Response,Low,2021-12-20,,
7625,Closed,Medium,2021-09-04,2023-06-01 16:05:45,15256.095833333333
7626,Pending Customer Response,Medium,2020-05-29,,
7627,Open,Critical,2020-10-31,,
7628,Closed,Low,2020-01-22,2023-06-01 12:01:48,29436.03
7629,Pending Customer Response,Low,2021-07-30,,
7630,Closed,Medium,2021-09-21,2023-06-01 11:40:50,14843.680555555555
7631,Open,Medium,2021-04-26,,
7632,Pending Customer Response,Medium,2020-01-28,,
7633,Pending Customer Response,Low,2020-02-07,,
7634,Open,Low,2020-10-02,,
7635,Closed,Critical,2020-10-26,2023-06-01 17:44:57,22769.74916666667
7636,Pending Customer Response,Low,2021-05-09,,
7637,Pending Customer Response,Critical,2021-08-16,,
7638,Pending Customer Response,High,2020-01-10,,
7639,Open,Low,2021-02-04,,
7640,Open,Low,2020-09-10,,
7641,Pending Customer Response,Medium,2020-06-29,,
7642,Pending Customer Response,Medium,2020-02-08,,
7643,Pending Customer Response,Low,2020-11-25,,
7644,Open,Critical,2021-02-02,,
7645,Closed,Critical,2021-06-17,2023-06-01 13:28:13,17149.47027777778
7646,Open,Critical,2020-05-28,,
7647,Closed,High,2021-03-28,2023-06-01 07:40:15,19087.670833333334
7648,Closed,High,2021-05-10,2023-06-01 14:53:17,18062.888055555555
7649,Closed,High,2020-02-21,2023-06-01 13:56:18,28717.93833333333
7650,Open,Medium,2021-12-22,,
7651,Open,Medium,2020-05-15,,
7652,Open,Critical,2021-09-24,,
7653,Pending Customer Response,Medium,2020-01-16,,
7654,Pending Customer Response,Critical,2021-04-22,,
7655,Closed,Low,2020-08-12,2023-06-01 09:32:24,24561.54
7656,Pending Customer Response,Critical,2020-12-16,,
7657,Open,Medium,2020-08-31,,
7658,Open,Critical,2021-10-22,,
7659,Open,Critical,2020-04-17,,
7660,Open,Medium,2021-12-30,,
7661,Closed,Low,2020-12-28,2023-06-01 06:16:32,21246.275555555556
7662,Closed,Medium,2021-07-16,2023-06-01 10:10:34,16450.176111111112
7663,Pending Customer Response,Medium,2020-11-22,,
7664,Open,Critical,2020-02-14,,
7665,Open,Critical,2021-12-07,,
7666,Closed,Medium,2020-09-20,2023-06-01 03:39:39,23619.66083333333
7667,Pending Customer Response,High,2021-02-04,,
7668,Pending Customer Response,Critical,2021-06-03,,
7669,Open,High,2020-06-09,,
7670,Open,Critical,2021-04-02,,
7671,Pending Customer Response,Low,2021-12-18,,
7672,Pending Customer Response,Critical,2021-12-14,,
7673,Open,Medium,2020-11-01,,
7674,Open,Critical,2021-08-17,,
7675,Pending Customer Response,Low,2020-10-25,,
7676,Closed,High,2020-03-25,2023-06-01 21:15:52,27933.264444444445
7677,Closed,Low,2020-04-01,2023-06-01 16:55:54,27760.931666666667
7678,Closed,Critical,2021-09-12,2023-06-01 15:01:56,15063.032222222222
7679,Closed,Critical,2020-08-27,2023-06-01 06:20:57,24198.349166666667
7680,Open,Critical,2020-04-29,,
7681,Open,Critical,2020-01-20,,
7682,Pending Customer Response,Low,2020-01-14,,
7683,Closed,Low,2021-03-27,2023-06-01 05:12:03,19109.200833333332
7684,Pending Customer Response,High,2020-07-26,,
7685,Pending Customer Response,High,2021-01-07,,
7686,Closed,High,2020-05-27,2023-06-01 12:37:07,26412.618611111113
7687,Closed,Medium,2021-11-12,2023-06-01 02:07:09,13586.119166666667
7688,Open,Critical,2021-09-10,,
7689,Pending Customer Response,Critical,2020-02-12,,
7690,Pending Customer Response,High,2020-12-26,,
7691,Pending Customer Response,Medium,2020-12-06,,
7692,Pending Customer Response,Medium,2021-03-24,,
7693,Closed,Critical,2021-06-03,2023-06-01 10:48:18,17482.805
7694,Open,Low,2021-02-14,,
7695,Open,Medium,2020-11-16,,
7696,Pending Customer Response,Medium,2021-05-10,,
7697,Closed,Low,2021-01-19,2023-06-01 16:07:22,20728.12277777778
7698,Open,Critical,2021-10-22,,
7699,Open,Low,2021-08-10,,
7700,Closed,High,2021-11-06,2023-06-01 23:15:27,13751.2575
7701,Closed,High,2021-03-28,2023-06-01 17:42:28,19097.707777777778
7702,Open,Critical,2020-05-18,,
7703,Closed,Medium,2020-10-08,2023-06-01 04:29:31,23188.491944444446
7704,Open,Low,2021-12-26,,
7705,Pending Customer Response,Low,2020-04-03,,
7706,Pending Customer Response,Low,2020-01-15,,
7707,Pending Customer Response,Medium,2021-07-29,,
7708,Pending Customer Response,Low,2021-04-08,,
7709,Open,High,2020-05-09,,
7710,Open,Critical,2020-08-02,,
7711,Closed,Critical,2021-03-29,2023-06-01 14:49:41,19070.828055555554
7712,Open,Low,2021-05-02,,
7713,Open,Medium,2020-01-18,,
7714,Open,Low,2021-04-08,,
7715,Open,Low,2020-06-07,,
7716,Pending Customer Response,Critical,2021-05-15,,
7717,Open,Medium,2020-03-30,,
7718,Open,Medium,2020-01-07,,
7719,Open,Medium,2021-11-21,,
7720,Closed,Medium,2020-09-20,2023-06-01 08:31:56,23624.532222222224
7721,Pending Customer Response,Medium,2020-12-06,,
7722,Open,Critical,2020-04-16,,
7723,Pending Customer Response,High,2021-11-23,,
7724,Pending Customer Response,High,2021-07-15,,
7725,Closed,Critical,2020-02-24,2023-06-01 18:39:03,28650.650833333333
7726,Pending Customer Response,High,2021-04-01,,
7727,Pending Customer Response,Low,2020-02-08,,
7728,Open,Low,2020-06-11,,
7729,Closed,Critical,2021-03-22,2023-06-01 01:15:09,19225.2525
7730,Closed,Medium,2021-08-17,2023-06-01 07:43:11,15679.719722222222
7731,Open,Critical,2020-12-16,,
7732,Pending Customer Response,Critical,2021-01-02,,
7733,Open,High,2021-01-28,,
7734,Open,Low,2020-11-18,,
7735,Pending Customer Response,Critical,2020-03-19,,
7736,Open,Critical,2020-06-08,,
7737,Pending Customer Response,Critical,2020-01-07,,
7738,Closed,Medium,2020-12-22,2023-06-02 00:31:18,21408.521666666667
7739,Pending Customer Response,Critical,2020-11-03,,
7740,Pending Customer Response,High,2021-11-13,,
7741,Pending Customer Response,Low,2021-11-21,,
7742,Open,Low,2021-02-25,,
7743,Open,High,2021-04-18,,
7744,Pending Customer Response,Critical,2021-01-22,,
7745,Closed,Low,2020-03-30,2023-06-01 08:00:27,27800.0075
7746,Open,Critical,2020-11-06,,
7747,Pending Customer Response,High,2021-01-20,,
7748,Open,Critical,2021-02-10,,
7749,Open,High,2020-10-21,,
7750,Open,Medium,2020-09-17,,
7751,Closed,Medium,2020-01-07,2023-06-01 22:24:37,29806.410277777777
7752,Pending Customer Response,High,2020-12-01,,
7753,Open,Low,2021-07-14,,
7754,Pending Customer Response,High,2020-12-18,,
7755,Pending Customer Response,Low,2021-05-22,,
7756,Pending Customer Response,Medium,2020-06-11,,
7757,Closed,Critical,2020-12-22,2023-06-01 15:03:48,21399.06333333333
7758,Pending Customer Response,Medium,2021-10-13,,
7759,Pending Customer Response,Low,2020-01-17,,
7760,Pending Customer Response,Critical,2020-01-23,,
7761,Open,High,2020-12-23,,
7762,Open,High,2021-05-06,,
7763,Pending Customer Response,Critical,2020-01-28,,
7764,Pending Customer Response,Critical,2021-10-24,,
7765,Closed,Medium,2020-02-16,2023-06-01 09:55:58,28833.932777777776
7766,Closed,Medium,2020-11-17,2023-06-01 10:02:59,22234.049722222222
7767,Closed,High,2020-02-20,2023-06-01 21:17:00,28749.283333333333
7768,Pending Customer Response,Critical,2020-06-17,,
7769,Closed,Medium,2021-07-21,2023-06-02 00:27:03,16344.450833333334
7770,Pending Customer Response,Medium,2020-11-12,,
7771,Pending Customer Response,Medium,2021-10-28,,
7772,Open,Low,2020-03-20,,
7773,Pending Customer Response,High,2021-07-02,,
7774,Open,Critical,2020-06-12,,
7775,Closed,Medium,2021-07-13,2023-06-01 22:29:12,16534.486666666668
7776,Open,Critical,2021-01-29,,
7777,Open,Critical,2020-12-15,,
7778,Closed,Low,2021-02-28,2023-06-01 18:29:15,19770.4875
7779,Closed,High,2020-09-14,2023-06-01 06:06:16,23766.104444444445
7780,Open,Low,2020-12-18,,
7781,Pending Customer Response,Critical,2021-10-01,,
7782,Open,Low,2021-09-23,,
7783,Closed,Critical,2021-07-28,2023-06-01 17:46:23,16169.773055555555
7784,Open,Low,2020-09-10,,
7785,Pending Customer Response,High,2020-07-24,,
7786,Open,Medium,2020-06-28,,
7787,Open,Low,2021-05-05,,
7788,Open,Medium,2021-07-09,,
7789,Closed,Low,2021-06-08,2023-06-01 12:37:32,17364.625555555554
7790,Pending Customer Response,Critical,2021-08-24,,
7791,Open,Medium,2021-05-14,,
7792,Open,Medium,2021-05-29,,
7793,Closed,Critical,2021-06-23,2023-06-01 12:38:38,17004.643888888888
7794,Open,High,2021-07-08,,
7795,Closed,Critical,2021-12-14,2023-06-01 11:32:41,12827.544722222223
7796,Open,Critical,2020-02-10,,
7797,Pending Customer Response,Low,2020-02-02,,
7798,Pending Customer Response,High,2021-11-21,,
7799,Closed,Medium,2020-06-19,2023-06-01 03:28:47,25851.479722222222
7800,Open,Low,2021-05-28,,
7801,Closed,Critical,2021-07-15,2023-06-01 12:05:50,16476.097222222223
7802,Open,Low,2021-08-07,,
7803,Pending Customer Response,Low,2021-04-20,,
7804,Closed,Critical,2020-06-14,2023-06-01 12:23:55,25980.39861111111
7805,Pending Customer Response,Medium,2020-12-10,,
7806,Closed,Low,2021-05-08,2023-06-01 15:19:57,18111.3325
7807,Open,High,2020-07-29,,
7808,Pending Customer Response,High,2020-03-12,,
7809,Pending Customer Response,Medium,2020-05-04,,
7810,Pending Customer Response,Low,2020-03-09,,
7811,Open,Medium,2021-02-11,,
7812,Pending Customer Response,High,2021-01-18,,
7813,Closed,High,2020-06-28,2023-06-01 04:25:09,25636.419166666667
7814,Open,Low,2021-09-29,,
7815,Pending Customer Response,Medium,2020-08-01,,
7816,Pending Customer Response,Critical,2020-03-29,,
7817,Open,Critical,2021-11-18,,
7818,Pending Customer Response,Critical,2020-12-09,,
7819,Pending Customer Response,Critical,2021-05-08,,
7820,Pending Customer Response,High,2020-04-06,,
7821,Closed,Low,2020-07-05,2023-06-01 05:58:22,25469.972777777777
7822,Open,High,2020-02-15,,
7823,Closed,High,2021-10-14,2023-06-01 01:19:24,14281.323333333334
7824,Pending Customer Response,High,2020-07-16,,
7825,Open,Critical,2020-06-04,,
7826,Pending Customer Response,Medium,2020-07-14,,
7827,Closed,Low,2020-06-22,2023-06-01 13:25:29,25789.424722222222
7828,Open,Medium,2021-03-13,,
7829,Pending Customer Response,Medium,2021-11-16,,
7830,Pending Customer Response,High,2021-05-18,,
7831,Pending Customer Response,Medium,2020-10-18,,
7832,Pending Customer Response,High,2020-02-07,,
7833,Pending Customer Response,Low,2020-08-15,,
7834,Pending Customer Response,Low,2021-01-14,,
7835,Closed,Low,2020-08-31,2023-06-01 03:01:42,24099.028333333332
7836,Open,High,2021-05-05,,
7837,Pending Customer Response,High,2021-04-25,,
7838,Closed,Low,2021-10-13,2023-06-01 03:05:45,14307.095833333333
7839,Pending Customer Response,Medium,2021-08-10,,
7840,Open,Low,2021-08-29,,
7841,Open,High,2021-10-24,,
7842,Closed,Medium,2021-06-28,2023-06-01 08:18:51,16880.314166666667
7843,Closed,Critical,2021-01-11,2023-06-01 19:45:52,20923.764444444445
7844,Pending Customer Response,High,2021-12-12,,
7845,Pending Customer Response,Critical,2020-10-21,,
7846,Pending Customer Response,Low,2020-05-25,,
7847,Pending Customer Response,Critical,2021-12-03,,
7848,Open,Low,2020-12-03,,
7849,Open,Low,2020-04-29,,
7850,Open,Medium,2021-02-07,,
7851,Closed,Medium,2020-09-25,2023-06-01 23:19:05,23519.318055555555
7852,Open,High,2021-01-30,,
7853,Pending Customer Response,Critical,2020-08-06,,
7854,Open,Critical,2021-02-17,,
7855,Open,Medium,2021-09-10,,
7856,Open,Low,2020-08-23,,
7857,Open,Critical,2021-02-10,,
7858,Pending Customer Response,Medium,2021-05-19,,
7859,Open,Critical,2021-09-15,,
7860,Closed,Low,2021-07-01,2023-06-01 06:51:16,16806.854444444445
7861,Pending Customer Response,Critical,2020-08-19,,
7862,Pending Customer Response,Medium,2021-08-27,,
7863,Pending Customer Response,High,2021-08-14,,
7864,Closed,Critical,2020-11-10,2023-06-01 05:05:22,22397.089444444446
7865,Open,High,2020-11-12,,
7866,Open,Medium,2021-07-25,,
7867,Open,Medium,2021-08-13,,
7868,Open,Low,2021-02-17,,
7869,Pending Customer Response,Low,2020-12-20,,
7870,Pending Customer Response,Low,2020-07-18,,
7871,Open,High,2020-01-09,,
7872,Pending Customer Response,Critical,2020-04-25,,
7873,Open,High,2020-03-10,,
7874,Open,Medium,2021-09-10,,
7875,Closed,Critical,2021-03-13,2023-06-01 12:15:36,19452.26
7876,Open,Critical,2020-04-17,,
7877,Closed,Low,2021-12-25,2023-06-01 02:49:39,12554.8275
7878,Closed,High,2021-07-01,2023-06-01 18:52:41,16818.878055555557
7879,Open,Medium,2021-01-03,,
7880,Pending Customer Response,Medium,2020-11-11,,
7881,Pending Customer Response,High,2020-08-18,,
7882,Pending Customer Response,Low,2020-08-27,,
7883,Closed,Low,2020-04-21,2023-06-01 12:54:48,27276.913333333334
7884,Closed,Low,2020-04-18,2023-06-01 13:10:50,27349.180555555555
7885,Closed,Medium,2021-11-05,2023-06-01 19:54:52,13771.914444444445
7886,Pending Customer Response,High,2021-09-12,,
7887,Pending Customer Response,Low,2020-06-09,,
7888,Closed,Medium,2020-08-21,2023-06-01 01:39:57,24337.665833333333
7889,Closed,Medium,2020-11-10,2023-06-01 16:57:57,22408.965833333332
7890,Pending Customer Response,Medium,2020-07-22,,
7891,Open,Medium,2021-07-21,,
7892,Pending Customer Response,Critical,2021-06-19,,
7893,Open,Medium,2021-07-21,,
7894,Closed,High,2020-03-20,2023-06-01 14:29:05,28046.484722222223
7895,Closed,Critical,2021-03-27,2023-06-01 04:21:06,19108.351666666666
7896,Closed,Medium,2020-12-03,2023-06-01 13:39:07,21853.651944444446
7897,Closed,Critical,2021-10-11,2023-06-01 05:34:07,14357.568611111112
7898,Pending Customer Response,Low,2021-03-26,,
7899,Open,Low,2020-04-20,,
7900,Pending Customer Response,Critical,2020-08-04,,
7901,Open,Critical,2020-04-26,,
7902,Open,Medium,2020-06-03,,
7903,Open,High,2021-06-08,,
7904,Closed,Medium,2020-02-09,2023-06-01 17:55:15,29009.920833333334
7905,Closed,Medium,2021-12-19,2023-06-01 11:00:17,12707.004722222222
7906,Open,High,2021-09-11,,
7907,Closed,Critical,2021-08-02,2023-06-01 11:11:20,16043.18888888889
7908,Closed,Critical,2021-05-21,2023-06-01 03:20:21,17787.33916666667
7909,Closed,Medium,2020-12-31,2023-06-01 05:49:23,21173.823055555556
7910,Closed,Medium,2020-01-25,2023-06-01 15:39:25,29367.656944444443
7911,Closed,Low,2021-10-18,2023-06-01 20:11:26,14204.190555555555
7912,Open,Medium,2021-09-05,,
7913,Pending Customer Response,Critical,2020-02-27,,
7914,Open,Low,2020-06-10,,
7915,Open,Critical,2021-01-10,,
7916,Pending Customer Response,Medium,2021-03-21,,
7917,Pending Customer Response,Critical,2020-10-09,,
7918,Open,Medium,2020-04-03,,
7919,Closed,Medium,2020-09-26,2023-06-01 20:35:37,23492.59361111111
7920,Closed,Low,2021-09-13,2023-06-01 13:25:39,15037.4275
7921,Closed,Critical,2021-01-07,2023-06-01 06:23:39,21006.394166666665
7922,Open,High,2021-07-24,,
7923,Closed,Low,2021-04-19,2023-06-01 15:37:42,18567.628333333334
7924,Pending Customer Response,High,2020-12-31,,
7925,Closed,High,2020-05-04,2023-06-01 21:47:45,26973.795833333334
7926,Closed,Low,2020-09-28,2023-06-01 17:06:47,23441.113055555557
7927,Open,Critical,2021-12-21,,
7928,Pending Customer Response,Medium,2020-11-14,,
7929,Open,Low,2021-02-05,,
7930,Closed,Low,2021-09-07,2023-06-01 01:43:51,15169.730833333333
7931,Open,Medium,2021-09-28,,
7932,Pending Customer Response,Medium,2021-04-21,,
7933,Pending Customer Response,Critical,2020-05-11,,
7934,Pending Customer Response,Medium,2021-04-21,,
7935,Closed,Critical,2021-07-22,2023-06-01 12:43:58,16308.732777777777
7936,Open,Medium,2020-08-28,,
7937,Open,Low,2021-10-01,,
7938,Pending Customer Response,Low,2020-11-10,,
7939,Pending Customer Response,Critical,2021-10-28,,
7940,Closed,Low,2021-01-20,2023-06-01 06:37:06,20694.618333333332
7941,Pending Customer Response,Critical,2020-06-18,,
7942,Pending Customer Response,Critical,2020-07-14,,
7943,Open,High,2020-08-02,,
7944,Open,Medium,2021-09-16,,
7945,Closed,Critical,2020-09-19,2023-06-01 14:35:12,23654.586666666666
7946,Open,Critical,2020-10-20,,
7947,Pending Customer Response,High,2021-09-01,,
7948,Closed,Medium,2020-07-18,2023-06-01 17:19:16,25169.321111111112
7949,Closed,Medium,2020-12-08,2023-06-01 07:17:16,21727.28777777778
7950,Open,Low,2020-09-18,,
7951,Open,Medium,2020-01-16,,
7952,Open,High,2020-11-25,,
7953,Pending Customer Response,Medium,2021-07-22,,
7954,Closed,Critical,2020-01-24,2023-06-01 03:23:23,29379.389722222222
7955,Pending Customer Response,High,2020-12-17,,
7956,Closed,Medium,2020-08-28,2023-06-01 09:01:26,24177.02388888889
7957,Closed,Low,2020-07-03,2023-06-01 15:17:27,25527.290833333333
7958,Pending Customer Response,Medium,2021-04-20,,
7959,Open,Critical,2021-03-12,,
7960,Open,Low,2020-09-01,,
7961,Closed,High,2020-10-01,2023-06-01 15:38:32,23367.64222222222
7962,Open,Critical,2020-03-03,,
7963,Pending Customer Response,Critical,2021-02-09,,
7964,Pending Customer Response,Low,2021-04-06,,
7965,Closed,Low,2020-05-11,2023-06-02 00:48:38,26808.810555555556
7966,Pending Customer Response,Low,2021-05-14,,
7967,Pending Customer Response,High,2021-06-20,,
7968,Pending Customer Response,High,2020-12-07,,
7969,Pending Customer Response,Critical,2020-10-29,,
7970,Closed,High,2020-03-04,2023-06-01 16:38:46,28432.64611111111
7971,Open,Medium,2020-07-02,,
7972,Pending Customer Response,Medium,2021-05-04,,
7973,Open,Critical,2021-06-23,,
7974,Open,High,2021-11-21,,
7975,Closed,Critical,2021-05-14,2023-06-01 21:11:53,17973.198055555556
7976,Pending Customer Response,Medium,2021-10-25,,
7977,Open,Medium,2021-04-06,,
7978,Closed,Critical,2021-11-14,2023-06-01 16:33:57,13552.565833333334
7979,Pending Customer Response,Medium,2020-01-20,,
7980,Pending Customer Response,High,2021-02-19,,
7981,Open,Critical,2020-01-03,,
7982,Open,Medium,2021-07-31,,
7983,Closed,Critical,2021-07-21,2023-06-01 08:29:05,16328.484722222222
7984,Pending Customer Response,Medium,2021-11-29,,
7985,Open,Medium,2020-06-05,,
7986,Pending Customer Response,Low,2021-05-12,,
7987,Closed,High,2021-12-17,2023-06-01 03:03:11,12747.053055555556
7988,Open,High,2020-10-19,,
7989,Pending Customer Response,Low,2021-09-29,,
7990,Pending Customer Response,High,2021-05-31,,
7991,Pending Customer Response,High,2021-04-18,,
7992,Open,Medium,2020-01-06,,
7993,Pending Customer Response,Medium,2020-06-07,,
7994,Pending Customer Response,Medium,2021-10-24,,
7995,Open,Medium,2021-02-05,,
7996,Open,High,2021-05-27,,
7997,Open,Critical,2021-11-17,,
7998,Closed,Low,2021-05-03,2023-06-01 05:13:25,18221.223611111112
7999,Open,Medium,2020-01-04,,
8000,Open,High,2020-10-10,,
8001,Open,Critical,2020-08-26,,
8002,Closed,High,2021-07-11,2023-06-01 07:02:32,16567.042222222222
8003,Closed,Critical,2020-06-06,2023-06-01 20:41:33,26180.6925
8004,Pending Customer Response,Medium,2020-04-23,,
8005,Pending Customer Response,Low,2021-12-23,,
8006,Open,Medium,2021-05-06,,
8007,Pending Customer Response,Medium,2021-07-25,,
8008,Pending Customer Response,Low,2020-06-16,,
8009,Open,High,2021-10-26,,
8010,Pending Customer Response,Critical,2020-01-31,,
8011,Closed,Medium,2021-01-01,2023-06-01 22:41:43,21166.695277777777
8012,Pending Customer Response,Medium,2021-06-08,,
8013,Closed,Medium,2020-03-15,2023-06-01 17:14:46,28169.24611111111
8014,Open,Medium,2020-04-19,,
8015,Closed,Medium,2021-09-21,2023-06-01 21:53:49,14853.896944444445
8016,Closed,High,2020-10-05,2023-06-01 18:24:51,23274.414166666666
8017,Pending Customer Response,High,2020-06-05,,
8018,Pending Customer Response,Low,2021-11-15,,
8019,Open,Low,2021-07-28,,
8020,Closed,Low,2021-01-15,2023-06-01 19:58:56,20827.98222222222
8021,Closed,Low,2021-04-21,2023-06-01 11:39:58,18515.66611111111
8022,Pending Customer Response,Low,2020-09-02,,
8023,Open,High,2020-01-25,,
8024,Closed,Medium,2021-01-09,2023-06-02 00:37:04,20976.617777777778
8025,Pending Customer Response,Medium,2020-11-25,,
8026,Pending Customer Response,High,2021-11-01,,
8027,Closed,High,2020-03-27,2023-06-01 15:07:09,27879.119166666667
8028,Closed,Medium,2021-12-20,2023-06-01 19:12:11,12691.203055555556
8029,Closed,Medium,2020-03-05,2023-06-01 17:27:13,28409.453611111112
8030,Pending Customer Response,Low,2021-03-14,,
8031,Pending Customer Response,Low,2020-06-15,,
8032,Closed,Low,2020-05-18,2023-06-01 14:14:17,26630.238055555557
8033,Pending Customer Response,Medium,2020-10-01,,
8034,Open,Low,2021-06-17,,
8035,Closed,Medium,2020-05-05,2023-06-01 02:06:22,26930.106111111112
8036,Closed,High,2021-06-18,2023-06-01 20:21:24,17132.356666666667
8037,Pending Customer Response,Critical,2021-12-21,,
8038,Pending Customer Response,Critical,2020-08-28,,
8039,Pending Customer Response,Low,2020-05-20,,
8040,Closed,Low,2020-09-30,2023-06-01 16:57:30,23392.958333333332
8041,Pending Customer Response,High,2021-02-27,,
8042,Open,Critical,2021-11-21,,
8043,Open,High,2020-12-14,,
8044,Closed,High,2021-10-16,2023-06-01 05:12:36,14237.21
8045,Closed,Critical,2020-03-07,2023-06-01 20:05:37,28364.09361111111
8046,Open,Low,2021-01-07,,
8047,Open,Medium,2021-09-15,,
8048,Closed,Critical,2020-07-14,2023-06-01 18:22:42,25266.378333333334
8049,Pending Customer Response,Critical,2021-01-26,,
8050,Open,High,2020-11-07,,
8051,Closed,Low,2020-01-21,2023-06-01 18:55:47,29466.929722222223
8052,Pending Customer Response,Medium,2021-07-14,,
8053,Closed,Critical,2020-04-19,2023-06-01 15:21:49,27327.363611111112
8054,Pending Customer Response,High,2021-03-03,,
8055,Open,Critical,2021-06-18,,
8056,Pending Customer Response,Low,2020-01-17,,
8057,Closed,High,2020-03-31,2023-06-01 10:00:56,27778.015555555554
8058,Open,Low,2021-04-24,,
8059,Open,High,2020-11-06,,
8060,Closed,High,2021-05-05,2023-06-01 04:42:01,18172.700277777778
8061,Pending Customer Response,Critical,2021-03-15,,
8062,Closed,Medium,2021-09-11,2023-06-01 11:12:03,15083.200833333334
8063,Open,Medium,2021-06-02,,
8064,Pending Customer Response,High,2020-08-10,,
8065,Pending Customer Response,High,2021-05-16,,
8066,Closed,Low,2020-04-11,2023-06-01 14:03:08,27518.05222222222
8067,Closed,Low,2021-02-21,2023-06-01 11:04:10,19931.069444444445
8068,Pending Customer Response,High,2020-09-23,,
8069,Pending Customer Response,High,2021-01-11,,
8070,Open,High,2020-02-27,,
8071,Closed,Low,2021-09-11,2023-06-01 15:06:15,15087.104166666666
8072,Pending Customer Response,Low,2020-05-29,,
8073,Open,High,2020-03-27,,
8074,Closed,Critical,2021-08-26,2023-06-01 23:47:20,15479.788888888888
8075,Open,High,2020-10-11,,
8076,Pending Customer Response,High,2020-07-14,,
8077,Closed,Low,2020-06-29,2023-06-01 16:37:26,25624.623888888887
8078,Pending Customer Response,Medium,2021-07-11,,
8079,Open,Medium,2021-10-07,,
8080,Closed,Low,2020-09-09,2023-06-01 05:58:30,23885.975
8081,Pending Customer Response,Low,2020-09-06,,
8082,Open,High,2020-07-03,,
8083,Closed,Critical,2021-05-12,2023-06-01 23:49:34,18023.82611111111
8084,Closed,Medium,2020-12-09,2023-06-01 06:19:36,21702.326666666668
8085,Closed,Medium,2021-12-04,2023-06-01 20:41:38,13076.693888888889
8086,Closed,Medium,2020-10-19,2023-06-01 07:29:40,22927.494444444445
8087,Open,High,2021-11-03,,
8088,Closed,Low,2021-05-17,2023-06-01 16:34:43,17896.578611111112
8089,Pending Customer Response,Low,2021-10-25,,
8090,Pending Customer Response,Low,2020-11-07,,
8091,Closed,High,2020-06-20,2023-06-01 14:26:47,25838.44638888889
8092,Pending Customer Response,Critical,2021-09-18,,
8093,Pending Customer Response,Low,2021-02-28,,
8094,Open,Medium,2020-07-06,,
8095,Pending Customer Response,High,2020-10-18,,
8096,Pending Customer Response,Medium,2020-05-01,,
8097,Closed,High,2020-06-13,2023-06-02 00:18:57,26016.315833333334
8098,Closed,High,2020-12-02,2023-06-01 01:57:59,21865.96638888889
8099,Pending Customer Response,Low,2020-05-20,,
8100,Pending Customer Response,Critical,2020-11-11,,
8101,Open,Low,2021-08-20,,
8102,Closed,Low,2020-02-08,2023-06-01 01:10:05,29017.168055555554
8103,Open,Medium,2021-02-09,,
8104,Closed,Critical,2021-01-17,2023-06-01 07:23:08,20767.385555555556
8105,Open,Critical,2020-07-05,,
8106,Pending Customer Response,Low,2020-09-04,,
8107,Pending Customer Response,Low,2021-05-31,,
8108,Pending Customer Response,High,2021-08-08,,
8109,Pending Customer Response,Critical,2021-05-09,,
8110,Closed,High,2021-08-12,2023-06-01 04:43:17,15796.72138888889
8111,Pending Customer Response,Critical,2021-03-18,,
8112,Open,Critical,2020-07-06,,
8113,Closed,Low,2020-07-18,2023-06-01 15:28:20,25167.472222222223
8114,Pending Customer Response,Critical,2020-09-26,,
8115,Pending Customer Response,Low,2021-11-26,,
8116,Pending Customer Response,Critical,2020-07-14,,
8117,Open,Critical,2021-08-13,,
8118,Pending Customer Response,High,2021-12-22,,
8119,Pending Customer Response,Critical,2021-12-24,,
8120,Open,Low,2020-05-15,,
8121,Closed,Medium,2021-03-14,2023-06-01 08:13:31,19424.22527777778
8122,Closed,High,2020-12-13,2023-06-01 05:51:32,21605.858888888888
8123,Open,Medium,2021-04-19,,
8124,Closed,Critical,2020-07-08,2023-06-01 02:57:35,25394.959722222222
8125,Open,Medium,2020-11-03,,
8126,Open,Medium,2021-10-10,,
8127,Open,Medium,2021-10-25,,
8128,Closed,Medium,2020-04-07,2023-06-01 07:03:43,27607.061944444446
8129,Open,Medium,2021-02-18,,
8130,Open,Critical,2020-01-28,,
8131,Open,Medium,2021-06-30,,
8132,Closed,Low,2020-04-26,2023-06-01 09:58:48,27153.98
8133,Pending Customer Response,Low,2020-12-03,,
8134,Open,Medium,2021-10-08,,
8135,Closed,Critical,2021-11-05,2023-06-01 04:41:53,13756.698055555555
8136,Closed,Low,2020-09-11,2023-06-01 22:22:55,23854.381944444445
8137,Closed,Critical,2020-12-21,2023-06-01 06:43:57,21414.7325
8138,Open,Medium,2021-01-16,,
8139,Pending Customer Response,High,2021-11-16,,
8140,Closed,Medium,2021-06-29,2023-06-01 02:53:58,16850.899444444443
8141,Closed,High,2021-11-08,2023-06-01 05:11:00,13685.183333333332
8142,Closed,High,2021-12-28,2023-06-01 08:47:02,12488.78388888889
8143,Open,High,2020-05-08,,
8144,Pending Customer Response,Low,2020-08-18,,
8145,Pending Customer Response,Medium,2020-10-08,,
8146,Closed,High,2021-06-20,2023-06-01 13:09:09,17077.1525
8147,Closed,High,2020-06-06,2023-06-01 07:26:10,26167.43611111111
8148,Closed,Medium,2021-02-06,2023-06-01 08:06:11,20288.103055555555
8149,Open,Medium,2020-12-12,,
8150,Open,High,2021-05-27,,
8151,Open,High,2021-12-03,,
8152,Open,High,2021-08-08,,
8153,Pending Customer Response,Critical,2020-11-27,,
8154,Pending Customer Response,High,2021-09-15,,
8155,Open,Low,2020-12-02,,
8156,Open,Medium,2021-11-05,,
8157,Closed,Critical,2020-10-07,2023-06-01 20:05:24,23228.09
8158,Pending Customer Response,Critical,2021-02-16,,
8159,Closed,Medium,2020-12-14,2023-06-01 21:34:26,21597.573888888888
8160,Open,Medium,2021-05-21,,
8161,Pending Customer Response,Medium,2020-04-19,,
8162,Pending Customer Response,Medium,2021-10-21,,
8163,Open,Medium,2020-07-09,,
8164,Pending Customer Response,Low,2021-01-12,,
8165,Closed,Medium,2021-11-23,2023-06-01 02:30:34,13322.509444444444
8166,Closed,High,2021-07-10,2023-06-01 14:53:35,16598.893055555556
8167,Pending Customer Response,Critical,2020-08-06,,
8168,Pending Customer Response,Medium,2020-07-15,,
8169,Pending Customer Response,Critical,2021-06-06,,
8170,Closed,High,2021-01-21,2023-06-02 00:17:40,20688.294444444444
8171,Closed,Medium,2021-04-06,2023-06-01 21:50:42,18885.845
8172,Closed,High,2020-02-04,2023-06-01 01:41:44,29113.695555555554
8173,Pending Customer Response,Low,2020-03-22,,
8174,Open,Low,2020-02-20,,
8175,Open,Medium,2020-05-17,,
8176,Closed,Medium,2021-06-11,2023-06-01 12:33:50,17292.56388888889
8177,Pending Customer Response,Medium,2020-04-14,,
8178,Open,Low,2021-08-31,,
8179,Pending Customer Response,Medium,2021-09-27,,
8180,Pending Customer Response,Medium,2020-08-01,,
8181,Open,Medium,2020-12-11,,
8182,Closed,High,2020-06-03,2023-06-01 01:58:55,26233.981944444444
8183,Open,Low,2020-09-08,,
8184,Pending Customer Response,Critical,2021-08-07,,
8185,Pending Customer Response,High,2021-04-11,,
8186,Pending Customer Response,Medium,2020-07-06,,
8187,Pending Customer Response,Critical,2021-10-07,,
8188,Closed,High,2020-02-15,2023-06-01 21:37:03,28869.6175
8189,Pending Customer Response,Low,2021-08-09,,
8190,Open,High,2020-06-02,,
8191,Pending Customer Response,Medium,2021-11-23,,
8192,Pending Customer Response,Medium,2020-01-16,,
8193,Open,Medium,2021-11-13,,
8194,Open,Low,2020-10-23,,
8195,Closed,Medium,2020-12-05,2023-06-01 03:10:15,21795.170833333334
8196,Closed,Critical,2020-04-04,2023-06-01 08:54:17,27680.90472222222
8197,Open,Medium,2020-05-21,,
8198,Open,High,2021-05-10,,
8199,Closed,Medium,2020-08-31,2023-06-01 02:43:21,24098.7225
8200,Open,High,2020-11-03,,
8201,Closed,High,2021-08-16,2023-06-01 04:51:24,15700.856666666667
8202,Closed,Critical,2020-07-08,2023-06-01 14:21:26,25406.35722222222
8203,Pending Customer Response,Medium,2021-01-01,,
8204,Pending Customer Response,Low,2020-04-11,,
8205,Open,Critical,2021-11-27,,
8206,Open,Critical,2021-10-11,,
8207,Open,Low,2021-12-11,,
8208,Open,High,2020-07-30,,
8209,Pending Customer Response,High,2021-02-22,,
8210,Pending Customer Response,High,2020-10-15,,
8211,Pending Customer Response,Medium,2021-04-04,,
8212,Pending Customer Response,Low,2020-08-28,,
8213,Pending Customer Response,High,2020-01-25,,
8214,Pending Customer Response,Medium,2020-02-22,,
8215,Open,High,2021-12-07,,
8216,Closed,High,2020-06-08,2023-06-01 23:29:45,26135.495833333334
8217,Closed,Low,2021-03-07,2023-06-01 23:31:46,19607.529444444444
8218,Open,Medium,2021-10-22,,
8219,Open,High,2020-01-22,,
8220,Closed,Medium,2021-09-11,2023-06-01 12:45:48,15084.763333333334
8221,Open,Low,2020-05-02,,
8222,Pending Customer Response,Critical,2021-09-26,,
8223,Open,Critical,2020-08-30,,
8224,Pending Customer Response,Medium,2020-07-29,,
8225,Open,Critical,2021-06-05,,
8226,Pending Customer Response,High,2021-11-19,,
8227,Pending Customer Response,Low,2020-01-30,,
8228,Pending Customer Response,Medium,2021-09-28,,
8229,Closed,Critical,2021-08-22,2023-06-02 00:12:58,15576.21611111111
8230,Open,High,2021-04-10,,
8231,Pending Customer Response,Low,2021-10-03,,
8232,Closed,High,2020-08-17,2023-06-01 04:54:03,24436.900833333333
8233,Pending Customer Response,Critical,2020-05-14,,
8234,Closed,High,2021-09-17,2023-06-01 04:30:06,14932.501666666667
8235,Open,Low,2021-01-10,,
8236,Pending Customer Response,Medium,2021-10-01,,
8237,Pending Customer Response,Critical,2021-01-27,,
8238,Closed,Critical,2021-11-10,2023-06-01 02:18:11,13634.303055555556
8239,Closed,High,2021-12-09,2023-06-01 02:28:12,12938.47
8240,Open,Low,2020-05-13,,
8241,Open,Critical,2021-10-09,,
8242,Open,Low,2021-12-26,,
8243,Open,Medium,2021-02-22,,
8244,Closed,Low,2020-07-19,2023-06-01 22:46:17,25150.77138888889
8245,Pending Customer Response,Low,2020-01-15,,
8246,Pending Customer Response,Low,2021-07-02,,
8247,Closed,Medium,2021-11-24,2023-06-01 14:34:22,13310.572777777777
8248,Open,Low,2020-08-01,,
8249,Open,Low,2021-11-17,,
8250,Closed,Low,2021-10-09,2023-06-01 06:26:25,14406.440277777778
8251,Closed,Medium,2020-06-17,2023-06-01 03:23:27,25899.390833333335
8252,Pending Customer Response,Medium,2021-03-01,,
8253,Pending Customer Response,Critical,2021-10-22,,
8254,Open,Medium,2021-03-03,,
8255,Pending Customer Response,Low,2020-10-12,,
8256,Open,Low,2021-09-10,,
8257,Pending Customer Response,Critical,2020-12-28,,
8258,Open,Low,2021-07-24,,
8259,Closed,Medium,2021-05-12,2023-06-01 04:10:40,18004.17777777778
8260,Closed,Medium,2021-06-02,2023-06-01 21:45:41,17517.761388888888
8261,Closed,High,2020-03-19,2023-06-01 18:07:42,28074.128333333334
8262,Closed,Medium,2020-10-26,2023-06-01 15:16:44,22767.27888888889
8263,Open,Medium,2020-11-17,,
8264,Closed,Medium,2020-09-30,2023-06-01 07:04:48,23383.08
8265,Open,Critical,2020-01-23,,
8266,Closed,Critical,2021-11-05,2023-06-01 19:42:52,13771.714444444444
8267,Pending Customer Response,Critical,2021-01-02,,
8268,Open,High,2021-11-21,,
8269,Closed,High,2021-09-07,2023-06-01 21:53:55,15189.898611111112
8270,Open,Medium,2020-11-21,,
8271,Pending Customer Response,Critical,2020-07-12,,
8272,Pending Customer Response,Critical,2020-05-06,,
8273,Pending Customer Response,Low,2021-09-24,,
8274,Pending Customer Response,Medium,2020-11-09,,
8275,Open,Critical,2021-11-17,,
8276,Closed,Critical,2020-02-04,2023-06-01 19:26:03,29131.434166666666
8277,Closed,Low,2020-04-04,2023-06-01 21:31:05,27693.518055555556
8278,Pending Customer Response,High,2021-03-23,,
8279,Open,Low,2021-09-04,,
8280,Open,Low,2021-01-03,,
8281,Closed,High,2020-02-09,2023-06-01 02:42:10,28994.702777777777
8282,Open,Medium,2021-06-15,,
8283,Closed,Critical,2020-06-01,2023-06-01 23:04:12,26303.07
8284,Pending Customer Response,Low,2020-12-04,,
8285,Closed,Medium,2021-03-28,2023-06-01 13:14:15,19093.2375
8286,Open,Low,2021-12-30,,
8287,Pending Customer Response,Medium,2021-01-03,,
8288,Pending Customer Response,Medium,2020-12-27,,
8289,Closed,High,2021-11-04,2023-06-01 09:38:22,13785.639444444445
8290,Closed,Critical,2021-04-15,2023-06-01 09:51:24,18657.856666666667
8291,Open,Medium,2021-10-13,,
8292,Pending Customer Response,Medium,2020-04-16,,
8293,Closed,Medium,2020-12-02,2023-06-01 04:05:28,21868.091111111113
8294,Pending Customer Response,Low,2021-11-28,,
8295,Closed,Medium,2021-01-07,2023-06-01 12:02:31,21012.041944444445
8296,Closed,Medium,2020-12-23,2023-06-01 16:25:33,21376.425833333335
8297,Open,High,2020-02-11,,
8298,Pending Customer Response,Low,2020-04-02,,
8299,Pending Customer Response,Low,2021-07-04,,
8300,Pending Customer Response,Critical,2021-10-21,,
8301,Pending Customer Response,Low,2020-06-19,,
8302,Open,High,2020-03-09,,
8303,Open,Low,2020-09-01,,
8304,Closed,Critical,2021-10-13,2023-06-01 11:38:44,14315.645555555555
8305,Open,High,2020-02-20,,
8306,Open,High,2020-06-14,,
8307,Pending Customer Response,Medium,2020-05-23,,
8308,Open,Low,2021-03-03,,
8309,Open,Critical,2020-11-09,,
8310,Pending Customer Response,Medium,2021-06-02,,
8311,Open,Critical,2021-01-08,,
8312,Closed,Critical,2021-09-16,2023-06-01 07:22:54,14959.381666666666
8313,Closed,Low,2020-11-01,2023-06-02 00:07:54,22632.131666666668
8314,Pending Customer Response,High,2021-03-31,,
8315,Closed,Critical,2020-12-27,2023-06-01 23:20:57,21287.349166666667
8316,Open,High,2020-11-16,,
8317,Open,High,2021-08-31,,
8318,Closed,Low,2020-11-12,2023-06-01 21:44:02,22365.733888888888
8319,Open,Medium,2021-11-14,,
8320,Closed,Low,2020-11-02,2023-06-01 15:23:05,22599.38472222222
8321,Closed,Low,2020-04-15,2023-06-01 20:54:07,27428.901944444446
8322,Pending Customer Response,High,2020-04-23,,
8323,Closed,Low,2021-06-19,2023-06-01 07:57:10,17095.952777777777
8324,Closed,Low,2020-08-06,2023-06-02 00:09:10,24720.152777777777
8325,Open,Critical,2021-11-26,,
8326,Pending Customer Response,High,2021-07-22,,
8327,Pending Customer Response,Medium,2020-09-15,,
8328,Open,Low,2021-05-07,,
8329,Open,Low,2020-11-23,,
8330,Closed,Low,2020-01-20,2023-06-01 05:22:20,29477.37222222222
8331,Closed,High,2020-08-28,2023-06-01 10:40:22,24178.672777777778
8332,Pending Customer Response,High,2021-05-14,,
8333,Closed,Low,2021-02-17,2023-06-01 15:37:25,20031.62361111111
8334,Closed,Medium,2020-09-24,2023-06-01 10:57:27,23530.9575
8335,Open,High,2021-08-04,,
8336,Closed,Medium,2021-05-23,2023-06-01 06:36:29,17742.608055555556
8337,Open,High,2021-03-29,,
8338,Open,Low,2020-10-27,,
8339,Pending Customer Response,Medium,2021-10-16,,
8340,Closed,Critical,2020-12-23,2023-06-01 07:32:36,21367.543333333335
8341,Closed,Medium,2020-07-11,2023-06-01 21:58:37,25341.976944444443
8342,Closed,High,2020-01-07,2023-06-01 00:58:38,29784.977222222224
8343,Pending Customer Response,Critical,2021-09-04,,
8344,Pending Customer Response,Low,2020-06-20,,
8345,Open,High,2021-08-23,,
8346,Closed,Low,2021-12-29,2023-06-01 19:24:41,12475.41138888889
8347,Open,Critical,2020-11-12,,
8348,Pending Customer Response,Critical,2021-02-07,,
8349,Closed,Critical,2021-04-22,2023-06-01 12:11:45,18492.195833333335
8350,Open,Critical,2021-11-30,,
8351,Closed,Critical,2020-08-19,2023-06-01 18:01:46,24402.029444444444
8352,Open,Medium,2020-08-02,,
8353,Pending Customer Response,High,2021-08-14,,
8354,Pending Customer Response,Low,2020-03-11,,
8355,Open,Critical,2020-05-29,,
8356,Open,Critical,2021-10-09,,
8357,Pending Customer Response,Critical,2021-04-14,,
8358,Pending Customer Response,Critical,2021-07-23,,
8359,Open,Critical,2021-04-19,,
8360,Pending Customer Response,Critical,2021-10-28,,
8361,Open,Low,2021-12-21,,
8362,Closed,Medium,2020-04-25,2023-06-01 13:40:03,27181.6675
8363,Closed,Critical,2021-08-07,2023-06-01 08:31:05,15920.518055555556
8364,Pending Customer Response,High,2020-04-20,,
8365,Pending Customer Response,Medium,2020-05-14,,
8366,Closed,Medium,2020-07-13,2023-06-01 01:15:10,25273.25277777778
8367,Pending Customer Response,Low,2020-12-15,,
8368,Open,Low,2021-12-19,,
8369,Pending Customer Response,Medium,2020-02-11,,
8370,Open,Medium,2020-01-28,,
8371,Closed,Critical,2021-07-13,2023-06-01 01:33:18,16513.555
8372,Open,Critical,2021-02-17,,
8373,Pending Customer Response,High,2020-09-04,,
8374,Open,Medium,2021-04-28,,
8375,Closed,Critical,2020-09-17,2023-06-01 05:07:21,23693.1225
8376,Closed,Medium,2020-06-29,2023-06-01 14:10:23,25622.173055555555
8377,Closed,High,2021-10-17,2023-06-01 09:11:24,14217.19
8378,Closed,Critical,2020-04-02,2023-06-01 15:21:25,27735.356944444444
8379,Pending Customer Response,Critical,2021-02-24,,
8380,Open,Low,2020-03-02,,
8381,Closed,Medium,2020-01-09,2023-06-01 08:56:30,29744.941666666666
8382,Pending Customer Response,Low,2021-12-08,,
8383,Pending Customer Response,High,2020-09-20,,
8384,Closed,Low,2021-02-13,2023-06-01 09:59:34,20121.992777777778
8385,Closed,Low,2021-01-05,2023-06-02 00:32:35,21072.543055555554
8386,Pending Customer Response,Medium,2021-11-25,,
8387,Pending Customer Response,Critical,2020-02-11,,
8388,Open,Critical,2020-10-08,,
8389,Closed,Low,2021-12-18,2023-06-02 00:46:40,12744.777777777777
8390,Open,High,2021-10-07,,
8391,Closed,Critical,2020-02-10,2023-06-01 08:36:44,28976.612222222222
8392,Closed,Low,2020-10-28,2023-06-01 06:23:45,22710.395833333332
8393,Pending Customer Response,Medium,2020-08-10,,
8394,Closed,Critical,2021-04-06,2023-06-01 06:22:47,18870.379722222224
8395,Open,High,2020-02-14,,
8396,Pending Customer Response,Medium,2021-10-12,,
8397,Closed,Critical,2020-03-16,2023-06-01 01:30:51,28129.514166666668
8398,Closed,Medium,2020-07-17,2023-06-01 15:11:51,25191.1975
8399,Closed,Low,2021-08-15,2023-06-01 06:23:53,15726.398055555555
8400,Pending Customer Response,High,2020-04-22,,
8401,Closed,Critical,2021-07-16,2023-06-01 23:30:56,16463.515555555554
8402,Pending Customer Response,Low,2021-03-10,,
8403,Pending Customer Response,Low,2021-01-07,,
8404,Open,Medium,2020-02-14,,
8405,Pending Customer Response,Low,2020-05-31,,
8406,Open,Medium,2021-09-20,,
8407,Open,Low,2020-05-26,,
8408,Pending Customer Response,Medium,2021-11-16,,
8409,Open,Medium,2021-01-19,,
8410,Open,High,2020-09-28,,
8411,Open,High,2020-06-08,,
8412,Closed,High,2021-05-15,2023-06-01 22:10:10,17950.169444444444
8413,Open,Low,2021-05-15,,
8414,Open,Critical,2021-07-10,,
8415,Closed,High,2020-02-26,2023-06-01 11:33:15,28595.554166666665
8416,Pending Customer Response,High,2021-06-06,,
8417,Open,Medium,2021-10-08,,
8418,Open,High,2021-01-25,,
8419,Pending Customer Response,Low,2020-11-01,,
8420,Closed,Medium,2021-08-24,2023-06-01 06:19:21,15510.3225
8421,Closed,Medium,2021-03-05,2023-06-01 01:37:23,19633.623055555556
8422,Open,Low,2021-03-18,,
8423,Pending Customer Response,High,2020-12-05,,
8424,Closed,Medium,2021-11-28,2023-06-01 23:05:26,13223.090555555556
8425,Pending Customer Response,Critical,2020-10-16,,
8426,Open,High,2020-08-19,,
8427,Closed,Critical,2020-09-14,2023-06-01 13:28:31,23773.47527777778
8428,Closed,Medium,2021-04-18,2023-06-02 00:55:33,18600.925833333335
8429,Open,Low,2021-06-24,,
8430,Open,High,2020-04-17,,
8431,Closed,Low,2021-05-11,2023-06-01 17:16:36,18041.27666666667
8432,Open,Low,2021-02-09,,
8433,Closed,Critical,2020-01-22,2023-06-01 15:47:38,29439.79388888889
8434,Open,Medium,2020-02-03,,
8435,Closed,Critical,2020-02-03,2023-06-01 08:59:42,29144.995
8436,Closed,High,2021-09-25,2023-06-02 00:16:42,14760.278333333334
8437,Pending Customer Response,Critical,2020-09-01,,
8438,Pending Customer Response,High,2021-11-08,,
8439,Pending Customer Response,Critical,2020-12-18,,
8440,Pending Customer Response,High,2021-08-21,,
8441,Closed,Low,2020-04-23,2023-06-01 13:18:48,27229.31333333333
8442,Closed,High,2020-02-11,2023-06-01 11:35:49,28955.596944444445
8443,Pending Customer Response,High,2020-02-06,,
8444,Pending Customer Response,High,2020-02-26,,
8445,Open,Medium,2021-02-02,,
8446,Open,Critical,2021-02-16,,
8447,Pending Customer Response,Critical,2020-03-14,,
8448,Pending Customer Response,Critical,2020-07-12,,
8449,Closed,Medium,2021-12-29,2023-06-01 19:14:59,12475.249722222223
8450,Pending Customer Response,High,2020-11-22,,
8451,Closed,Low,2021-06-16,2023-06-01 18:54:01,17178.90027777778
8452,Open,Low,2020-09-16,,
8453,Closed,Critical,2020-03-29,2023-06-01 05:47:05,27821.784722222223
8454,Closed,High,2020-06-20,2023-06-01 04:45:06,25828.751666666667
8455,Pending Customer Response,Low,2020-03-11,,
8456,Closed,High,2021-02-02,2023-06-01 06:58:07,20382.96861111111
8457,Open,Critical,2021-04-08,,
8458,Open,High,2021-11-21,,
8459,Pending Customer Response,Medium,2020-07-28,,
8460,Open,High,2021-10-25,,
8461,Open,High,2021-08-23,,
8462,Open,Medium,2021-10-21,,
8463,Pending Customer Response,Critical,2020-10-21,,
8464,Open,Medium,2021-08-29,,
8465,Open,Low,2021-12-08,,
8466,Open,Critical,2020-02-22,,
8467,Closed,High,2021-08-17,2023-06-01 04:31:22,15676.522777777778
8468,Closed,Medium,2021-10-16,2023-06-01 05:32:24,14237.54
8469,Open,High,2020-06-01,,
